小区名,成交时间,成交价格,成交单价,挂牌价格（万）,成交周期（天）,调价（次）,带看（次）,关注（人）,浏览（次）,房屋户型,所在楼层,总共层数,建筑面积,户型结构,套内面积,建筑类型,房屋朝向,建成年代,装修情况,建筑结构,供暖方式,梯户比例,产权年限,配备电梯,链家编号,交易权属,挂牌时间,房屋用途,房屋年限,房权所属,成交价格（历史1）,成交单价（历史1）,成交时间（历史1）,成交价格（历史2）,成交单价（历史2）,成交时间（历史2）,成交价格（历史3）,成交单价（历史3）,成交时间（历史3）,成交价格（历史4）,成交单价（历史4）,成交时间（历史4）,成交价格（历史5）,成交单价（历史5）,成交时间（历史5）,成交价格（历史6）,成交单价（历史6）,成交时间（历史6）
八角北里,2017.08.26 ,268万,48150,285,35,4,21,38,5041,2室1厅1厨1卫,低楼层,16,55.66,暂无数据,38.85,塔楼,南 北,1988,精装,钢混结构,集中供暖,两梯七户,70年,有,101101849656,商品房,2017-07-23,普通住宅,满两年,非共有,268,48150,2017-08-26,134,24075,2012-12-23,96.5,17338,2011-10-31
海特花园小区,2017.08.26 ,460万,45321,530,1,0,2,0,暂无数据,3室2厅1厨2卫,顶层,12,101.5,暂无数据,暂无数据,板塔结合,南 北,1994,其他,钢混结构,集中供暖,一梯六户,70年,有,101101994612,私产,2017-08-25,普通住宅,暂无数据,暂无数据,460,45321,2017-08-26
御景山,2017.08.26 ,329万,55323,335,9,0,21,31,1184,1室1厅1厨1卫,高楼层,14,59.47,暂无数据,46.24,板塔结合,东,2003,精装,钢混结构,集中供暖,两梯八户,70年,有,101101959640,商品房,2017-08-17,普通住宅,满两年,非共有,329,55323,2017-08-26,130,21860,2012-05-02
海特花园小区,2017.08.26 ,460万,46362,496,89,4,59,31,4676,2室1厅1厨1卫,低楼层,7,99.22,暂无数据,1,板楼,东 西,1999,简装,钢混结构,集中供暖,一梯两户,70年,无,101101638703,已购公房,2017-05-30,普通住宅,满五年,非共有,460,46362,2017-08-26
八角北里,2017.08.26 ,380万,49713,400,4,0,6,12,295,3室1厅1厨1卫,高楼层,6,76.44,暂无数据,暂无数据,板楼,南 北,1985,毛坯,混合结构,集中供暖,一梯三户,70年,无,101101982590,已购公房,2017-08-22,普通住宅,满五年,非共有,380,49713,2017-08-26
永乐西区,2017.08.25 ,321万,55701,340,48,1,20,49,2501,2室1厅1厨1卫,中楼层,6,57.63,暂无数据,39.84,板楼,南 北,1985,精装,混合结构,集中供暖,一梯两户,70年,无,101101796546,私产,2017-07-09,普通住宅,满五年,非共有,321,55701,2017-08-25
十万坪,2017.08.25 ,290万,55365,310,107,1,50,15,3156,2室1厅1厨1卫,中楼层,5,52.38,暂无数据,暂无数据,板楼,南 北,1979,其他,混合结构,集中供暖,一梯两户,70年,无,101101568935,已购公房,2017-05-10,普通住宅,暂无数据,共有,290,55365,2017-08-25
八角北里,2017.08.25 ,430万,54500,450,32,0,18,5,216,3室1厅1厨1卫,中楼层,18,78.9,暂无数据,61.94,塔楼,西南,1989,简装,钢混结构,集中供暖,两梯七户,70年,有,101101855379,商品房,2017-07-24,普通住宅,满五年,非共有,430,54500,2017-08-25
远洋山水,2017.08.24 ,448万,66440,458,12,1,6,62,2524,2室1厅1厨1卫,中楼层,26,67.43,暂无数据,51.81,板塔结合,东,2007,精装,钢混结构,集中供暖,三梯十二户,70年,有,101101942509,商品房,2017-08-13,普通住宅,满五年,非共有,448,66440,2017-08-24
七星园,2017.08.24 ,345万,54169,380,106,7,159,47,6580,2室1厅1厨1卫,底层,6,63.69,暂无数据,暂无数据,板楼,南 北,1994,简装,混合结构,集中供暖,一梯两户,70年,无,101101569335,商品房,2017-05-10,普通住宅,满两年,非共有,345,54169,2017-08-24
古城南路,2017.08.24 ,277万,47013,290,6,1,6,0,暂无数据,2室1厅1厨1卫,中楼层,6,58.92,暂无数据,暂无数据,板楼,南 北,1976,其他,钢混结构,集中供暖,一梯两户,70年,无,101101967671,已购公房,2017-08-19,普通住宅,暂无数据,暂无数据,277,47013,2017-08-24
模式口东里,2017.08.23 ,249万,44393,256,72,3,9,104,4430,2室1厅1厨1卫,顶层,6,56.09,暂无数据,暂无数据,板楼,东 西,1990,简装,混合结构,集中供暖,一梯两户,70年,无,101101694306,商品房,2017-06-13,普通住宅,满五年,共有,249,44393,2017-08-23,91,16224,2012-04-15
广安﹒康馨家园,2017.08.23 ,380万,46978,388,167,4,125,71,6244,2室1厅1厨1卫,低楼层,30,80.89,平层,59.29,板塔结合,南 北,2013,简装,钢混结构,集中供暖,一梯四户,70年,暂无数据,101101306547,二类经济适用房,2017-03-10,普通住宅,暂无数据,非共有,380,46978,2017-08-23
古城南路,2017.08.23 ,255万,53730,270,137,8,28,64,4769,2室1厅1厨1卫,底层,5,47.46,平层,34,板楼,南 北,1975,其他,混合结构,集中供暖,一梯三户,70年,无,101101449978,商品房,2017-04-08,普通住宅,暂无数据,非共有,255,53730,2017-08-23
地震局宿舍,2017.08.23 ,353万,58146,365,76,3,41,165,5471,2室1厅1厨1卫,中楼层,6,60.71,暂无数据,暂无数据,板楼,南 北,1995,精装,混合结构,集中供暖,一梯两户,70年,无,101101678301,商品房,2017-06-08,普通住宅,满两年,非共有,353,58146,2017-08-23,暂无价格,其他公司成交,2013-01
雍景四季,2017.08.22 ,35万,10607,40,1,0,1,0,暂无数据,车位,地下室,0,33,暂无数据,暂无数据,暂无数据,西,未知,其他,钢混结构,集中供暖,暂无数据,70年,有,101101982487,商品房,2017-08-22,车库,暂无数据,暂无数据,35,10607,2017-08-22
远洋山水,2017.08.22 ,720万,70776,760,54,2,42,70,3895,2室1厅1厨1卫,中楼层,26,101.73,平层,79.9,板塔结合,南,2006,精装,钢混结构,集中供暖,两梯四户,70年,有,101101754099,私产,2017-06-29,普通住宅,满五年,非共有,720,70776,2017-08-22
杨庄小区,2017.08.22 ,311万,44917,325,52,2,39,33,2986,1室1厅1厨1卫,低楼层,16,69.24,平层,暂无数据,塔楼,南,1997,简装,钢混结构,集中供暖,两梯七户,70年,有,101101763051,已购公房,2017-07-01,普通住宅,满五年,非共有,311,44917,2017-08-22
融景城,2017.08.22 ,556万,62854,570,24,1,25,17,1599,2室2厅1厨1卫,低楼层,24,88.46,暂无数据,70.84,板塔结合,南,2012,精装,钢混结构,集中供暖,两梯四户,70年,有,101101881208,商品房,2017-07-29,普通住宅,满两年,非共有,556,62854,2017-08-22
远洋沁山水,2017.08.22 ,1110万,76552,1160,5,0,2,0,暂无数据,3室2厅1厨2卫,低楼层,23,145,平层,暂无数据,板楼,东 西,2011,精装,钢混结构,集中供暖,两梯两户,70年,有,101101959597,商品房,2017-08-17,普通住宅,暂无数据,非共有,1110,76552,2017-08-22
杨庄小区,2017.08.22 ,440万,51998,465,57,2,48,14,799,3室1厅1厨1卫,中楼层,14,84.62,暂无数据,64.37,板塔结合,南 北,1991,精装,钢混结构,集中供暖,两梯两户,70年,有,101101742279,已购公房,2017-06-26,普通住宅,满五年,非共有,440,51998,2017-08-22
苹果园小区三区,2017.08.22 ,350万,46823,366,45,2,42,89,3772,2室1厅1厨1卫,底层,16,74.75,暂无数据,50.96,塔楼,西南,1995,其他,钢混结构,集中供暖,两梯七户,70年,有,101101793021,商品房,2017-07-09,普通住宅,暂无数据,非共有,350,46823,2017-08-22,251,33579,2016-03-26,180,24081,2016-01-02
杨庄北区,2017.08.22 ,510万,40599,550,9,1,5,13,630,3室1厅1厨1卫,高楼层,20,125.62,暂无数据,103.27,塔楼,南 西 北,2001,精装,钢混结构,集中供暖,两梯七户,70年,有,101101946148,商品房,2017-08-13,普通住宅,满五年,非共有,510,40599,2017-08-22
远洋沁山水,2017.08.22 ,46万,15334,47,13,0,1,0,323,车位,地下室,0,30,暂无数据,12.72,板楼,南,2009,毛坯,钢混结构,集中供暖,暂无数据,50年,有,101101925715,商品房,2017-08-09,车库,满两年,非共有,46,15334,2017-08-22,38.2,13451,2014-02-11
模式口东里,2017.08.22 ,266万,44564,280,65,2,77,192,7189,2室1厅1厨1卫,中楼层,6,59.69,平层,1,板楼,南 北,1990,精装,混合结构,集中供暖,一梯三户,70年,无,101101711661,商品房,2017-06-18,普通住宅,满两年,共有,266,44564,2017-08-22,163,27308,2014-01-22
五芳园,2017.08.22 ,255万,52319,275,80,0,19,1,55,1室1厅1厨1卫,高楼层,6,48.74,平层,33.41,板楼,南,1994,简装,混合结构,集中供暖,一梯三户,70年,无,101101658410,已购公房,2017-06-04,普通住宅,暂无数据,共有,255,52319,2017-08-22
远洋山水,2017.08.21 ,780万,69618,795,93,2,12,60,4590,3室1厅1厨1卫,高楼层,26,112.04,暂无数据,86.09,板塔结合,东 北,2007,精装,钢混结构,集中供暖,两梯四户,70年,有,101101605034,商品房,2017-05-21,普通住宅,满五年,共有,780,69618,2017-08-21
模式口西里,2017.08.21 ,265万,42936,275,15,0,8,85,2266,2室1厅1厨1卫,高楼层,6,61.72,平层,43.14,板楼,南 北,1990,精装,钢混结构,集中供暖,一梯三户,70年,无,101101917070,商品房,2017-08-06,普通住宅,满两年,非共有,265,42936,2017-08-21,139,22522,2014-09-18
八角中里,2017.08.21 ,310万,52632,330,143,7,14,16,1261,2室1厅1厨1卫,低楼层,6,58.9,暂无数据,暂无数据,板楼,南 北,1986,简装,混合结构,集中供暖,一梯三户,70年,无,101101414943,已购公房,2017-03-31,普通住宅,满五年,非共有,310,52632,2017-08-21
古城路小区,2017.08.20 ,212万,55180,225,12,0,49,63,2822,1室1厅1厨1卫,低楼层,6,38.42,暂无数据,28.8,板楼,西,1986,简装,砖混结构,集中供暖,一梯四户,70年,无,101101925864,已购公房,2017-08-09,普通住宅,暂无数据,共有,212,55180,2017-08-20
地铁古城家园,2017.08.20 ,428万,49338,450,64,3,31,72,3207,2室1厅1厨1卫,高楼层,25,86.75,暂无数据,69.31,塔楼,西南,2005,精装,钢混结构,集中供暖,两梯八户,70年,有,101101712836,商品房,2017-06-18,普通住宅,满五年,非共有,428,49338,2017-08-20
玉泉路11号院,2017.08.20 ,252.5万,55851,265,5,0,6,38,1256,1室1厅1厨1卫,高楼层,7,45.21,暂无数据,30.69,板楼,东南,1990,简装,混合结构,集中供暖,一梯四户,70年,无,101101953368,已购公房,2017-08-15,普通住宅,满五年,非共有,252.5,55851,2017-08-20
八场宿舍,2017.08.20 ,262万,50375,275,140,9,65,217,9369,1室1厅1厨1卫,中楼层,6,52.01,平层,暂无数据,板楼,南,1990,精装,混合结构,集中供暖,一梯三户,70年,无,101101425919,商品房,2017-04-03,普通住宅,满五年,共有,262,50375,2017-08-20
六合园,2017.08.20 ,339万,50749,349,109,7,76,73,4743,2室1厅1厨1卫,高楼层,18,66.8,平层,42.12,塔楼,西,1994,精装,钢混结构,集中供暖,两梯十户,70年,有,101101544469,商品房,2017-05-04,普通住宅,满两年,非共有,339,50749,2017-08-20,176,26348,2013-03-10
杨庄小区,2017.08.20 ,410万,47825,437,9,1,17,46,1698,3室1厅1厨1卫,高楼层,16,85.73,平层,61.25,塔楼,南 西 北,1997,简装,钢混结构,集中供暖,两梯七户,70年,有,101101935131,已购公房,2017-08-11,普通住宅,满五年,非共有,410,47825,2017-08-20
依翠园,2017.08.20 ,438万,55704,450,30,0,13,40,3207,2室1厅1厨1卫,高楼层,6,78.63,暂无数据,56,板楼,南 北,1998,精装,混合结构,集中供暖,一梯三户,70年,无,101101845742,商品房,2017-07-22,普通住宅,满五年,非共有,438,55704,2017-08-20,164,20858,2012-07-15
燕山水泥厂,2017.08.20 ,179.5万,42841,200,7,0,3,0,暂无数据,1室1厅1厨1卫,中楼层,6,41.9,平层,暂无数据,板楼,南,2000,其他,砖混结构,暂无数据,一梯三户,未知,暂无数据,101101943467,商品房,2017-08-13,普通住宅,满两年,共有,179.5,42841,2017-08-20,100,23833,2013-03-23
远洋山水,2017.08.19 ,50万,16362,50,1,0,0,0,暂无数据,车位,地下室,0,30.56,暂无数据,暂无数据,板楼,东,2008,其他,钢混结构,集中供暖,暂无数据,70年,暂无数据,101101968790,商品房,2017-08-19,车库,暂无数据,暂无数据,50,16362,2017-08-19
远洋山水,2017.08.19 ,1200万,73530,1380,9,0,4,24,1465,3室1厅1厨2卫,中楼层,21,163.2,暂无数据,132.19,板塔结合,南 北,2006,精装,钢混结构,集中供暖,两梯两户,70年,有,101101934305,私产,2017-08-11,普通住宅,满五年,非共有,1200,73530,2017-08-19
八场宿舍,2017.08.19 ,309万,53693,325,14,2,29,26,1144,2室1厅1厨1卫,中楼层,6,57.55,暂无数据,38.9,板楼,南 北,1993,简装,混合结构,集中供暖,一梯三户,70年,无,101101911480,已购公房,2017-08-05,普通住宅,满五年,非共有,309,53693,2017-08-19
杨庄北区,2017.08.19 ,278万,46849,300,58,2,12,25,1893,1室1厅1厨1卫,低楼层,20,59.34,暂无数据,46.94,塔楼,西南,2001,其他,钢混结构,集中供暖,两梯八户,70年,有,101101727386,商品房,2017-06-22,普通住宅,满两年,非共有,278,46849,2017-08-19
远洋山水,2017.08.19 ,44万,14398,50,51,0,20,7,1258,车位,地下室,0,30.56,暂无数据,13.25,板楼,东,2008,其他,钢混结构,集中供暖,暂无数据,70年,有,101101755919,商品房,2017-06-30,车库,暂无数据,非共有,44,14398,2017-08-19
老山东里,2017.08.18 ,302万,60100,320,54,3,13,47,2391,2室1厅1厨1卫,中楼层,6,50.25,暂无数据,35.46,板楼,南 北,1984,精装,钢混结构,集中供暖,一梯两户,70年,无,101101744156,商品房,2017-06-26,普通住宅,满两年,非共有,302,60100,2017-08-18,162.8,32399,2013-03-13
模式口西里,2017.08.18 ,270万,42878,275,112,4,31,85,3803,2室1厅1厨1卫,高楼层,16,62.97,平层,41.91,塔楼,东南,1988,精装,钢混结构,集中供暖,两梯七户,70年,有,101101526792,已购公房,2017-04-29,普通住宅,满两年,非共有,270,42878,2017-08-18
远洋山水,2017.08.18 ,917万,63925,1000,75,0,7,44,3167,3室2厅1厨2卫,低楼层,27,143.45,平层,111.93,板楼,南 北,2006,简装,钢混结构,集中供暖,两梯三户,70年,有,101101660351,商品房,2017-06-04,普通住宅,满两年,非共有,917,63925,2017-08-18,487,33950,2013-01-23
地铁古城家园,2017.08.18 ,370万,48570,378,42,2,11,100,3421,2室1厅1厨1卫,低楼层,24,76.18,暂无数据,62.29,塔楼,西南,1999,精装,钢混结构,集中供暖,两梯八户,70年,有,101101784964,已购公房,2017-07-07,普通住宅,满五年,非共有,370,48570,2017-08-18
雍景四季,2017.08.17 ,35万,11151,35,4,0,1,0,暂无数据,车位,地下室,0,31.39,暂无数据,暂无数据,暂无数据,南,未知,其他,钢混结构,集中供暖,暂无数据,70年,有,101101945183,商品房,2017-08-13,车库,暂无数据,暂无数据,35,11151,2017-08-17
老山东里,2017.08.17 ,289万,57628,310,32,0,24,64,2072,2室1厅1厨1卫,中楼层,6,50.15,平层,35.38,板楼,南 北,1982,简装,钢混结构,集中供暖,一梯两户,70年,无,101101825254,商品房,2017-07-16,普通住宅,满五年,非共有,289,57628,2017-08-17
融景城,2017.08.17 ,728万,62027,795,50,0,3,65,4073,3室2厅1厨2卫,高楼层,25,117.37,暂无数据,92.58,板塔结合,南 北,2012,简装,钢混结构,集中供暖,两梯三户,70年,有,101101749830,商品房,2017-06-28,普通住宅,暂无数据,非共有,728,62027,2017-08-17,560,47713,2016-05-15
永乐西区,2017.08.17 ,307万,49215,315,32,1,17,128,3604,2室1厅1厨1卫,顶层,6,62.38,暂无数据,暂无数据,板楼,南 西 北,1987,精装,混合结构,集中供暖,一梯三户,70年,无,101101823181,商品房,2017-07-16,普通住宅,满五年,非共有,307,49215,2017-08-17,137,21963,2012-05-27
远洋沁山水,2017.08.17 ,1288万,92337,1350,42,2,38,0,暂无数据,3室2厅1厨2卫,高楼层,18,139.49,暂无数据,112,板楼,南 北,2011,精装,钢混结构,集中供暖,两梯两户,70年,有,101101780850,商品房,2017-07-06,普通住宅,暂无数据,非共有,1288,92337,2017-08-17
依翠园,2017.08.16 ,603万,53586,650,12,0,7,7,220,3室1厅1厨1卫,高楼层,18,112.53,暂无数据,暂无数据,塔楼,西 东北,1998,精装,钢混结构,集中供暖,两梯八户,70年,有,101101908966,商品房,2017-08-05,普通住宅,满两年,非共有,603,53586,2017-08-16,340,30215,2014-05-03
八角北里,2017.08.16 ,367万,54186,379,76,5,28,8,290,3室1厅1厨1卫,中楼层,6,67.73,暂无数据,48.42,板楼,南 北,1986,精装,混合结构,集中供暖,一梯两户,70年,无,101101651274,已购公房,2017-06-02,普通住宅,满五年,非共有,367,54186,2017-08-16
八角南里,2017.08.16 ,425万,55038,430,53,1,20,64,3936,2室1厅1厨1卫,中楼层,24,77.22,暂无数据,暂无数据,塔楼,南,2001,简装,钢混结构,集中供暖,两梯八户,70年,有,101101736289,已购公房,2017-06-24,普通住宅,满五年,非共有,425,55038,2017-08-16
模式口西里,2017.08.16 ,190万,47584,199,29,0,20,155,6148,1室1厅1厨1卫,底层,6,39.93,暂无数据,暂无数据,板楼,南 北,1987,简装,钢混结构,集中供暖,一梯两户,70年,无,101101833679,商品房,2017-07-19,普通住宅,暂无数据,共有,190,47584,2017-08-16,112,28050,2015-11-29
六场宿舍,2017.08.16 ,234万,55294,255,6,0,1,18,680,1室1厅1厨1卫,低楼层,6,42.32,暂无数据,35.97,板楼,南,1989,其他,混合结构,集中供暖,一梯三户,70年,无,101101930598,已购公房,2017-08-10,普通住宅,满两年,非共有,234,55294,2017-08-16
石景嘉园,2017.08.16 ,335万,42839,375,14,0,24,80,3985,3室1厅1厨1卫,中楼层,21,78.2,暂无数据,61.2,塔楼,东南,未知,精装,钢混结构,暂无数据,一梯十二户,70年,暂无数据,101101894680,一类经济适用房,2017-08-02,普通住宅,满五年,非共有,335,42839,2017-08-16
模式口西里,2017.08.16 ,280万,45367,285,40,0,106,239,15630,2室1厅1厨1卫,中楼层,6,61.72,暂无数据,暂无数据,板楼,南 北,1990,简装,钢混结构,集中供暖,一梯三户,70年,无,101101784942,已购公房,2017-07-07,普通住宅,满五年,非共有,280,45367,2017-08-16
远洋山水,2017.08.15 ,730.9万,71843,790,17,0,14,22,1261,2室2厅1厨1卫,高楼层,26,101.73,平层,79.9,板塔结合,南,2006,精装,钢混结构,集中供暖,两梯四户,70年,有,101101881285,私产,2017-07-29,普通住宅,满五年,非共有,730.9,71843,2017-08-15
古城路小区,2017.08.15 ,480万,41638,570,147,2,4,26,4217,2室2厅1厨2卫,顶层,6,115.28,暂无数据,96.69,板楼,南 北,2006,精装,钢混结构,集中供暖,一梯四户,70年,无,101101370718,商品房,2017-03-22,普通住宅,满两年,非共有,480,41638,2017-08-15,270,23422,2013-07-14
远洋山水,2017.08.15 ,710万,70563,740,23,0,34,77,3649,2室2厅1厨1卫,中楼层,26,100.62,平层,80.48,板塔结合,南,2007,精装,钢混结构,集中供暖,两梯四户,70年,有,101101853732,商品房,2017-07-23,普通住宅,满五年,非共有,710,70563,2017-08-15
金顶街三区,2017.08.15 ,615万,50082,644,8,0,10,10,948,3室1厅1厨1卫,低楼层,18,122.8,暂无数据,暂无数据,塔楼,东南 北,2003,精装,钢混结构,集中供暖,两梯八户,70年,有,101101920090,已购公房,2017-08-07,普通住宅,满两年,非共有,615,50082,2017-08-15
永乐东区,2017.08.15 ,311万,52677,321,90,4,84,139,8187,2室1厅1厨1卫,高楼层,6,59.04,平层,暂无数据,板楼,南 北,1987,简装,混合结构,集中供暖,一梯三户,70年,无,101101594278,已购公房,2017-05-17,普通住宅,满五年,非共有,311,52677,2017-08-15
远洋山水,2017.08.15 ,460万,67897,490,30,1,23,34,1761,1室1厅1厨1卫,中楼层,26,67.75,暂无数据,52.06,板塔结合,东,2007,简装,钢混结构,集中供暖,三梯十二户,70年,有,101101825217,商品房,2017-07-16,普通住宅,满五年,共有,460,67897,2017-08-15
西引力,2017.08.15 ,585万,57325,608,126,5,126,68,8502,2室1厅1厨1卫,高楼层,16,102.05,暂无数据,85.77,板塔结合,南 北,2005,简装,钢混结构,集中供暖,两梯八户,70年,有,101101463589,私产,2017-04-12,普通住宅,满五年,非共有,585,57325,2017-08-15
远洋山水,2017.08.15 ,450万,74344,513,96,0,75,65,6677,1室1厅1厨1卫,中楼层,19,60.53,平层,46.41,板塔结合,南,2006,精装,钢混结构,集中供暖,两梯四户,70年,有,101101572186,商品房,2017-05-11,普通住宅,满五年,非共有,450,74344,2017-08-15
永乐东区,2017.08.14 ,360万,55892,370,15,0,11,0,暂无数据,2室1厅1厨1卫,中楼层,6,64.41,暂无数据,暂无数据,板楼,南 北,1988,精装,混合结构,集中供暖,一梯三户,70年,无,101101886175,央产房,2017-07-30,普通住宅,满五年,非共有,360,55892,2017-08-14
广安﹒康馨家园,2017.08.14 ,444.5万,48416,460,75,3,75,73,6048,3室1厅1厨1卫,顶层,26,91.81,暂无数据,66.93,板塔结合,南 西 北,2013,精装,钢混结构,集中供暖,一梯四户,70年,暂无数据,101101644265,二类经济适用房,2017-05-31,普通住宅,暂无数据,非共有,444.5,48416,2017-08-14
古城西路,2017.08.14 ,219万,51026,230,20,0,11,87,4184,2室0厅1厨1卫,中楼层,5,42.92,暂无数据,暂无数据,板楼,东 西,1973,其他,混合结构,集中供暖,一梯三户,70年,无,101101859438,已购公房,2017-07-25,普通住宅,满五年,非共有,219,51026,2017-08-14
模式口南里,2017.08.13 ,265万,44035,300,65,2,48,65,4048,2室1厅1厨1卫,高楼层,14,60.18,暂无数据,50,板塔结合,南,1987,其他,钢混结构,集中供暖,两梯三户,70年,有,101101682034,商品房,2017-06-09,普通住宅,满两年,非共有,265,44035,2017-08-13,171,28415,2013-07-24
永乐西区,2017.08.13 ,288.5万,50061,310,35,2,23,32,2369,2室1厅1厨1卫,高楼层,6,57.63,暂无数据,39.84,板楼,南 西 北,1985,简装,混合结构,集中供暖,一梯两户,70年,无,101101796794,商品房,2017-07-09,普通住宅,满五年,非共有,288.5,50061,2017-08-13
八角中里,2017.08.13 ,286万,49141,320,123,4,153,0,87,2室1厅1厨1卫,中楼层,6,58.2,暂无数据,40.8,板楼,南,1986,其他,混合结构,集中供暖,一梯三户,70年,无,101101469255,已购公房,2017-04-13,普通住宅,满五年,非共有,286,49141,2017-08-13
西井小区一区,2017.08.13 ,287万,45176,310,71,2,17,81,3902,3室1厅1厨1卫,顶层,6,63.53,平层,45.14,板楼,东 西,1984,精装,混合结构,集中供暖,一梯两户,70年,无,101101656019,商品房,2017-06-03,普通住宅,暂无数据,非共有,287,45176,2017-08-13
西现代城,2017.08.13 ,562万,53245,570,121,5,82,44,7167,2室2厅1厨2卫,低楼层,22,105.55,暂无数据,85.36,板塔结合,南 北,2004,其他,钢混结构,集中供暖,两梯五户,70年,有,101101472968,商品房,2017-04-14,普通住宅,满五年,非共有,562,53245,2017-08-13
金顶阳光,2017.08.12 ,400万,44146,465,30,0,12,41,2036,2室1厅1厨1卫,顶层,17,90.61,暂无数据,74.42,板楼,南,2009,精装,钢混结构,集中供暖,两梯四户,70年,有,101101813929,限价商品房,2017-07-14,普通住宅,满五年,非共有,400,44146,2017-08-12
西井小区一区,2017.08.12 ,251.5万,50240,255,4,2,11,15,374,2室0厅1厨1卫,高楼层,6,50.06,暂无数据,38.63,板楼,南 北,1984,精装,混合结构,集中供暖,一梯两户,70年,无,101101925045,已购公房,2017-08-09,普通住宅,满五年,非共有,251.5,50240,2017-08-12
八角南路,2017.08.12 ,310万,51530,340,3,0,36,0,暂无数据,3室1厅1厨1卫,低楼层,6,60.16,暂无数据,42.26,板楼,南 北,1984,其他,钢混结构,集中供暖,一梯两户,70年,无,101101928889,央产房,2017-08-10,普通住宅,满两年,非共有,310,51530,2017-08-12
八角中里,2017.08.12 ,290万,49932,315,6,1,2,6,283,2室1厅1厨1卫,中楼层,6,58.08,暂无数据,暂无数据,板楼,南,1990,其他,混合结构,集中供暖,一梯三户,70年,无,101101918675,已购公房,2017-08-07,普通住宅,暂无数据,非共有,290,49932,2017-08-12
海特花园小区,2017.08.12 ,350万,54247,354,105,3,14,50,3067,2室1厅1厨1卫,底层,6,64.52,暂无数据,暂无数据,板楼,南 北,1993,精装,混合结构,集中供暖,一梯两户,70年,无,101101530847,私产,2017-04-30,普通住宅,满五年,非共有,350,54247,2017-08-12
重兴园,2017.08.12 ,420万,47480,446,40,1,28,43,3573,2室1厅1厨1卫,中楼层,24,88.46,暂无数据,74.79,塔楼,西南,2003,简装,钢混结构,集中供暖,两梯十户,70年,有,101101772653,私产,2017-07-03,普通住宅,满五年,非共有,420,47480,2017-08-12
苹果园小区一区,2017.08.12 ,287.5万,48672,290,26,1,17,66,3118,2室1厅1厨1卫,顶层,6,59.07,暂无数据,43.14,板楼,南 北,1985,简装,钢混结构,集中供暖,一梯三户,70年,无,101101827465,已购公房,2017-07-17,普通住宅,满五年,共有,287.5,48672,2017-08-12
地铁楼,2017.08.12 ,275万,42902,320,82,5,17,27,2349,3室1厅1厨1卫,高楼层,6,64.1,暂无数据,45,板楼,南 北,1985,精装,混合结构,集中供暖,一梯三户,70年,无,101101610493,已购公房,2017-05-22,普通住宅,满五年,非共有,275,42902,2017-08-12
八角北路,2017.08.11 ,221万,43858,239,14,4,7,62,2547,2室1厅1厨1卫,顶层,6,50.39,暂无数据,暂无数据,板楼,南 北,1984,精装,混合结构,集中供暖,一梯两户,70年,无,101101879675,商品房,2017-07-29,普通住宅,暂无数据,非共有,221,43858,2017-08-11,138,27387,2015-06-13,89.5,17762,2011-10-27
老山东里,2017.08.11 ,352.6万,55995,370,37,1,13,25,1485,2室1厅1厨1卫,低楼层,16,62.97,平层,41.91,塔楼,西南,1987,简装,钢混结构,集中供暖,两梯七户,70年,有,101101782854,已购公房,2017-07-06,普通住宅,满五年,非共有,352.6,55995,2017-08-11
七星园,2017.08.11 ,330万,59707,345,23,1,22,15,1327,1室1厅1厨1卫,低楼层,19,55.27,暂无数据,34.33,塔楼,南,1996,精装,钢混结构,集中供暖,两梯十户,70年,有,101101834668,私产,2017-07-19,普通住宅,满五年,非共有,330,59707,2017-08-11
茂华景公阁,2017.08.11 ,35万,11881,45,2,0,1,0,暂无数据,车位,地下室,0,29.46,暂无数据,14.5,板楼,南,2007,其他,钢混结构,集中供暖,暂无数据,70年,无,101101929695,商品房,2017-08-10,车库,暂无数据,暂无数据,35,11881,2017-08-11
茂华景公院,2017.08.11 ,965万,67634,980,139,3,45,129,14869,3室2厅1厨2卫,顶层,7,142.68,平层,119.3,板塔结合,南 北,2009,精装,钢混结构,集中供暖,一梯三户,70年,有,101101389348,商品房,2017-03-25,普通住宅,满五年,非共有,965,67634,2017-08-11
老山东里,2017.08.11 ,340万,57086,370,21,0,24,37,1689,2室1厅1厨1卫,中楼层,6,59.56,暂无数据,41,板楼,南 北,1985,简装,混合结构,集中供暖,一梯两户,70年,无,101101841738,已购公房,2017-07-21,普通住宅,满五年,非共有,340,57086,2017-08-11
苹果园小区二区,2017.08.11 ,325万,46939,345,146,4,214,58,7950,2室0厅1厨1卫,低楼层,16,69.24,平层,暂无数据,塔楼,南,1994,简装,钢混结构,集中供暖,两梯七户,70年,有,101101351171,已购公房,2017-03-18,普通住宅,满五年,非共有,325,46939,2017-08-11
远洋山水,2017.08.10 ,700万,71168,790,77,1,86,47,6855,2室2厅1厨1卫,高楼层,26,98.36,暂无数据,78.18,板塔结合,南,2005,精装,钢混结构,集中供暖,两梯四户,70年,有,101101621022,私产,2017-05-26,普通住宅,满五年,非共有,700,71168,2017-08-10
模式口西里,2017.08.10 ,249万,40033,250,60,3,103,10,217,2室1厅1厨1卫,中楼层,16,62.2,暂无数据,暂无数据,塔楼,西南,1990,简装,钢混结构,集中供暖,两梯七户,70年,有,101101692371,商品房,2017-06-12,普通住宅,满五年,非共有,249,40033,2017-08-10,132.5,21303,2013-01-12
金顶阳光,2017.08.10 ,420万,46802,450,13,0,22,0,暂无数据,2室1厅1厨1卫,中楼层,21,89.74,暂无数据,暂无数据,板楼,南 北,2009,简装,钢混结构,集中供暖,两梯四户,70年,有,101101876001,限价商品房,2017-07-28,普通住宅,暂无数据,非共有,420,46802,2017-08-10
模式口西里,2017.08.10 ,193万,44884,195,3,1,3,0,暂无数据,1室1厅1厨1卫,中楼层,6,43,平层,暂无数据,板楼,南 北,1997,精装,混合结构,集中供暖,一梯两户,70年,无,101101920988,已购公房,2017-08-08,普通住宅,暂无数据,非共有,193,44884,2017-08-10
京汉旭城,2017.08.10 ,398万,61946,434,11,0,9,23,1486,1室1厅1厨1卫,高楼层,17,64.25,暂无数据,50.72,板楼,南 北,2004,精装,钢混结构,集中供暖,一梯两户,70年,有,101101885934,商品房,2017-07-30,普通住宅,满两年,非共有,398,61946,2017-08-10
七星园,2017.08.09 ,357万,59146,380,38,2,4,8,1120,1室1厅1厨1卫,低楼层,19,60.36,平层,暂无数据,塔楼,西南,1996,简装,钢混结构,集中供暖,两梯八户,70年,有,101101772314,商品房,2017-07-03,普通住宅,满两年,非共有,357,59146,2017-08-09,暂无价格,自行成交,2013-06
八角南路,2017.08.09 ,132万,53098,145,15,3,0,7,305,1室0厅1厨1卫,中楼层,5,24.86,暂无数据,18.65,板楼,南,1962,简装,混合结构,集中供暖,一梯十户,70年,无,101101860449,已购公房,2017-07-25,普通住宅,暂无数据,非共有,132,53098,2017-08-09
杨庄小区,2017.08.09 ,320万,51522,330,26,2,36,57,2336,2室1厅1厨1卫,中楼层,6,62.11,暂无数据,暂无数据,板楼,南 北,1992,精装,钢混结构,集中供暖,一梯三户,70年,无,101101817660,商品房,2017-07-15,普通住宅,满五年,非共有,320,51522,2017-08-09,130,20931,2012-03-16
广安﹒康馨家园,2017.08.09 ,368万,49710,384,18,1,17,22,1502,2室1厅1厨1卫,中楼层,30,74.03,平层,54.26,板塔结合,南,2013,精装,钢混结构,集中供暖,一梯四户,70年,暂无数据,101101848107,二类经济适用房,2017-07-22,普通住宅,暂无数据,非共有,368,49710,2017-08-09
高能物理研究所,2017.08.09 ,315万,60000,340,1,0,4,0,暂无数据,2室1厅1厨1卫,中楼层,5,52.5,暂无数据,暂无数据,板楼,南,1979,其他,混合结构,集中供暖,一梯三户,70年,无,101101922527,已购公房,2017-08-08,普通住宅,满五年,非共有,315,60000,2017-08-09
御景山,2017.08.08 ,675万,57717,680,3,0,1,0,20,2室1厅1厨2卫,中楼层,15,116.95,暂无数据,92.96,板塔结合,南 北,未知,精装,钢混结构,集中供暖,一梯两户,70年,有,101101912055,私产,2017-08-05,普通住宅,满五年,非共有,675,57717,2017-08-08
永乐东区,2017.08.08 ,333万,56374,355,24,1,16,34,2595,2室1厅1厨1卫,中楼层,6,59.07,暂无数据,41.44,板楼,南 北,1989,精装,混合结构,集中供暖,一梯三户,70年,无,101101819541,央产房,2017-07-15,普通住宅,满五年,非共有,333,56374,2017-08-08
苹果园小区四区,2017.08.08 ,413万,48475,435,96,5,18,8,660,2室1厅1厨1卫,低楼层,18,85.2,平层,65.25,塔楼,西南,2001,简装,钢混结构,集中供暖,两梯八户,70年,有,101101547295,商品房,2017-05-04,普通住宅,满五年,非共有,413,48475,2017-08-08
远洋沁山水,2017.08.08 ,42万,14789,45,51,0,12,3,973,车位,地下室,0,28.4,暂无数据,12.72,板楼,北,2009,简装,钢混结构,集中供暖,暂无数据,50年,有,101101713412,商品房,2017-06-18,车库,满五年,非共有,42,14789,2017-08-08
模式口西里,2017.08.08 ,266万,40531,270,6,1,19,44,961,2室1厅1厨1卫,低楼层,16,65.63,暂无数据,暂无数据,塔楼,南,1990,精装,钢混结构,集中供暖,两梯七户,70年,有,101101897885,商品房,2017-08-02,普通住宅,满两年,非共有,266,40531,2017-08-08,110,16761,2012-07-05
京汉旭城,2017.08.08 ,382万,59763,415,42,5,45,7,106,1室1厅1厨1卫,低楼层,17,63.92,暂无数据,50.46,板楼,南 北,2004,精装,钢混结构,集中供暖,一梯两户,70年,有,101101745553,商品房,2017-06-27,普通住宅,暂无数据,非共有,382,59763,2017-08-08
广安﹒康馨家园,2017.08.08 ,350万,49886,353,40,2,10,54,2484,2室1厅1厨1卫,低楼层,28,70.16,平层,51.7,板楼,南,未知,简装,钢混结构,集中供暖,一梯四户,70年,暂无数据,101101755170,商品房,2017-06-29,普通住宅,暂无数据,非共有,350,49886,2017-08-08
远洋山水,2017.08.07 ,1150万,78392,1250,37,0,37,25,2127,3室2厅1厨2卫,中楼层,26,146.7,平层,121.78,板塔结合,南 北,2008,精装,钢混结构,集中供暖,一梯两户,70年,有,101101767750,商品房,2017-07-02,普通住宅,满五年,非共有,1150,78392,2017-08-07
模式口西里,2017.08.07 ,253万,46177,262,40,3,55,54,2441,2室1厅1厨1卫,中楼层,6,54.79,暂无数据,40.53,板楼,南,1990,简装,钢混结构,集中供暖,一梯三户,70年,无,101101751300,已购公房,2017-06-28,普通住宅,暂无数据,非共有,253,46177,2017-08-07
模式口西里,2017.08.07 ,268万,43663,275,49,1,4,68,3675,2室1厅1厨1卫,高楼层,6,61.38,暂无数据,暂无数据,板楼,东 西,1991,毛坯,混合结构,集中供暖,一梯三户,70年,无,101101716690,商品房,2017-06-19,普通住宅,满五年,非共有,268,43663,2017-08-07
五芳园,2017.08.06 ,239万,55881,245,26,4,14,96,2830,1室1厅1厨1卫,低楼层,6,42.77,平层,29.12,板楼,南,1992,精装,混合结构,集中供暖,一梯三户,70年,无,101101806640,已购公房,2017-07-12,普通住宅,满五年,非共有,239,55881,2017-08-06
科研楼,2017.08.06 ,290.5万,48742,293,10,0,37,77,3829,2室1厅1厨1卫,底层,6,59.6,暂无数据,暂无数据,板楼,南 北,1992,简装,混合结构,集中供暖,一梯三户,70年,无,101101872169,商品房,2017-07-28,普通住宅,满五年,非共有,290.5,48742,2017-08-06
广安﹒康馨家园,2017.08.06 ,470万,51232,477,13,0,3,15,863,3室1厅1厨1卫,高楼层,34,91.74,平层,66.93,板塔结合,东 南 北,2013,简装,钢混结构,集中供暖,一梯四户,70年,暂无数据,101101858151,二类经济适用房,2017-07-25,普通住宅,暂无数据,非共有,470,51232,2017-08-06
杨庄北区,2017.08.06 ,530万,42191,550,60,0,134,40,3430,3室1厅1厨1卫,高楼层,20,125.62,平层,103.27,塔楼,西南 北,2001,其他,钢混结构,集中供暖,两梯七户,70年,有,101101675879,私产,2017-06-08,普通住宅,满五年,非共有,530,42191,2017-08-06
雍景四季,2017.08.06 ,918万,61467,920,17,3,22,24,2058,3室1厅1厨2卫,中楼层,25,149.35,暂无数据,118.21,板塔结合,西南,2009,精装,钢混结构,集中供暖,两梯四户,70年,有,101101840867,商品房,2017-07-21,普通住宅,满五年,非共有,918,61467,2017-08-06
苹果园小区三区,2017.08.06 ,348万,50567,368,118,5,261,44,3686,2室1厅1厨1卫,底层,6,68.82,暂无数据,暂无数据,板楼,南 北,1999,其他,混合结构,集中供暖,一梯两户,70年,无,101101460114,商品房,2017-04-11,普通住宅,暂无数据,非共有,348,50567,2017-08-06
双锦园,2017.08.06 ,259万,61933,270,30,3,25,90,2821,1室1厅1厨1卫,低楼层,16,41.82,暂无数据,36.13,板塔结合,西,2000,精装,钢混结构,集中供暖,两梯三户,70年,有,101101787412,商品房,2017-07-07,普通住宅,满两年,共有,259,61933,2017-08-06,121,28934,2012-12-26
依翠园,2017.08.06 ,490万,55841,530,15,1,7,26,964,2室1厅1厨1卫,中楼层,18,87.75,暂无数据,暂无数据,塔楼,西南,1998,精装,钢混结构,集中供暖,两梯八户,70年,有,101101848976,商品房,2017-07-22,普通住宅,满两年,非共有,490,55841,2017-08-06,207,23590,2012-09-16
聚兴园,2017.08.05 ,340万,58998,368,57,3,19,40,2808,1室1厅1厨1卫,中楼层,17,57.63,平层,46.91,板塔结合,南,2006,其他,钢混结构,集中供暖,一梯三户,70年,有,101101682690,商品房,2017-06-10,普通住宅,满五年,非共有,340,58998,2017-08-05
石景嘉园,2017.08.05 ,232万,34249,275,17,0,9,62,2931,2室1厅1厨1卫,高楼层,21,67.74,暂无数据,52.74,板楼,东南,2010,简装,钢混结构,集中供暖,三梯十二户,未知,有,101101838335,一类经济适用房,2017-07-20,普通住宅,满五年,非共有,232,34249,2017-08-05
模式口南里,2017.08.05 ,296万,45609,300,4,1,1,0,暂无数据,3室1厅1厨1卫,高楼层,16,64.9,暂无数据,45.76,塔楼,东北,1987,其他,钢混结构,集中供暖,两梯七户,70年,有,101101890692,已购公房,2017-08-01,普通住宅,满两年,非共有,296,45609,2017-08-05
远洋山水,2017.08.04 ,650万,72642,739,55,0,69,73,6154,2室1厅1厨1卫,低楼层,21,89.48,平层,68.29,板塔结合,东南,2006,精装,钢混结构,集中供暖,两梯五户,70年,有,101101690166,私产,2017-06-11,普通住宅,满五年,非共有,650,72642,2017-08-04
六合园,2017.08.04 ,365万,54155,390,23,1,3,0,暂无数据,2室1厅1厨1卫,中楼层,22,67.4,暂无数据,暂无数据,塔楼,东北,1996,其他,钢混结构,集中供暖,两梯八户,70年,有,101101807531,央产房,2017-07-12,普通住宅,暂无数据,共有,365,54155,2017-08-04
远洋山水,2017.08.03 ,520万,73655,530,18,1,15,36,1714,1室1厅1厨1卫,中楼层,25,70.6,暂无数据,54.32,塔楼,东,2005,精装,钢混结构,集中供暖,两梯九户,70年,有,101101826912,商品房,2017-07-17,普通住宅,满两年,共有,520,73655,2017-08-03,暂无价格,其他公司成交,2014-08
杨庄北区,2017.08.02 ,362万,46910,400,33,2,35,13,1617,1室1厅1厨1卫,高楼层,22,77.17,暂无数据,64.18,塔楼,东,2004,精装,钢混结构,集中供暖,三梯十二户,70年,有,101101760703,私产,2017-07-01,普通住宅,满五年,非共有,362,46910,2017-08-02
奈伦熙府,2017.08.02 ,334万,65542,350,16,0,8,10,821,1室1厅1厨1卫,低楼层,16,50.96,暂无数据,42.65,塔楼,东北,2007,其他,钢混结构,集中供暖,两梯八户,70年,有,101101830809,商品房,2017-07-18,普通住宅,满两年,非共有,334,65542,2017-08-02,156,30613,2015-03-31
依翠园,2017.08.02 ,455万,59230,485,33,2,22,32,1641,2室1厅1厨1卫,中楼层,18,76.82,平层,60.66,塔楼,南 西 北,1998,精装,钢混结构,集中供暖,两梯八户,70年,有,101101758543,商品房,2017-06-30,普通住宅,满五年,非共有,455,59230,2017-08-02
融景城,2017.08.01 ,38万,10936,40,91,0,2,6,1917,车位,地下室,0,34.75,暂无数据,12.48,板楼,南,2010,简装,钢混结构,集中供暖,暂无数据,40年,有,101101540898,商品房,2017-05-03,车库,暂无数据,非共有,38,10936,2017-08-01,25,20834,2015-07-12
鲁谷74号院,2017.08.01 ,515万,61996,530,86,3,81,28,2047,3室1厅1厨1卫,顶层,5,83.07,平层,56.43,板楼,东 南 北,1984,精装,混合结构,集中供暖,一梯三户,70年,无,101101559772,已购公房,2017-05-07,普通住宅,满两年,非共有,515,61996,2017-08-01,160,25134,2012-10-04
老山一号院,2017.07.31 ,222万,61496,232,15,2,49,99,3443,1室1厅1厨1卫,顶层,6,36.1,暂无数据,28.05,板楼,南 北,1993,简装,混合结构,集中供暖,一梯两户,70年,无,101101825843,已购公房,2017-07-17,普通住宅,暂无数据,非共有,222,61496,2017-07-31
五芳园,2017.07.31 ,215万,47959,235,18,1,47,98,2809,1室1厅1厨1卫,底层,6,44.83,暂无数据,29.36,板楼,东,1993,简装,混合结构,集中供暖,一梯三户,70年,无,101101812707,商品房,2017-07-14,普通住宅,满五年,非共有,215,47959,2017-07-31,91,20299,2012-02-26
古城南路,2017.07.31 ,258万,51498,280,34,1,42,119,5048,2室1厅1厨1卫,高楼层,6,50.1,平层,暂无数据,板楼,南,1981,简装,混合结构,集中供暖,一梯三户,70年,无,101101746882,商品房,2017-06-27,普通住宅,满五年,非共有,258,51498,2017-07-31
永乐东区,2017.07.31 ,308万,49061,322,50,2,29,29,2668,2室1厅1厨1卫,中楼层,6,62.78,暂无数据,50,板楼,东 西,1980,其他,混合结构,集中供暖,一梯三户,70年,无,101101687697,已购公房,2017-06-11,普通住宅,暂无数据,非共有,308,49061,2017-07-31
雍景四季,2017.07.31 ,742万,64326,770,15,0,5,0,暂无数据,2室2厅1厨1卫,高楼层,25,115.35,暂无数据,91.3,板塔结合,南,2009,其他,钢混结构,集中供暖,两梯四户,70年,有,101101825257,商品房,2017-07-16,普通住宅,满五年,非共有,742,64326,2017-07-31
西引力,2017.07.30 ,303万,56742,312,20,1,13,34,2417,1室0厅1厨1卫,中楼层,18,53.4,暂无数据,44.88,板塔结合,东,2005,精装,钢混结构,集中供暖,两梯七户,70年,有,101101803863,商品房,2017-07-11,普通住宅,暂无数据,非共有,303,56742,2017-07-30,150,28090,2015-08-15
广安﹒康馨家园,2017.07.30 ,380万,49628,392,70,3,197,55,4773,2室1厅1厨1卫,中楼层,30,76.57,平层,56.12,板塔结合,东 南 北,2013,毛坯,钢混结构,集中供暖,一梯四户,70年,暂无数据,101101608581,二类经济适用房,2017-05-21,普通住宅,暂无数据,非共有,380,49628,2017-07-30
碣石坪,2017.07.30 ,705万,60257,740,3,0,1,0,暂无数据,2室1厅1厨1卫,低楼层,24,117,平层,暂无数据,板塔结合,南,2004,精装,钢混结构,自供暖,两梯五户,70年,有,101101872073,私产,2017-07-28,普通住宅,暂无数据,非共有,705,60257,2017-07-30
依翠园,2017.07.30 ,245万,46332,279,79,7,18,35,3166,1室1厅1厨1卫,顶层,6,52.88,平层,35.64,板楼,北,1995,简装,混合结构,集中供暖,一梯三户,70年,无,101101577386,商品房,2017-05-13,普通住宅,暂无数据,非共有,245,46332,2017-07-30
永乐东区,2017.07.30 ,280万,34641,320,71,4,48,117,8323,2室1厅1厨1卫,顶层,5,80.83,暂无数据,暂无数据,板楼,东 西 北,1960,精装,混合结构,集中供暖,一梯三户,70年,无,101101602917,已购公房,2017-05-20,普通住宅,满五年,非共有,280,34641,2017-07-30
西成忆树,2017.07.30 ,218万,51967,230,15,0,42,97,3403,1室0厅1厨1卫,高楼层,20,41.95,平层,暂无数据,板塔结合,北,2005,精装,钢混结构,集中供暖,三梯十一户,70年,有,101101819757,商品房,2017-07-15,普通住宅,满两年,非共有,218,51967,2017-07-30,128,30513,2014-10-17
海特花园小区,2017.07.29 ,435万,52869,460,50,0,43,82,4680,2室1厅1厨1卫,底层,18,82.28,暂无数据,62.91,塔楼,南,1999,精装,钢混结构,集中供暖,两梯八户,70年,有,101101683606,商品房,2017-06-10,普通住宅,满两年,非共有,435,52869,2017-07-29,245,29777,2014-12-31
八角北路,2017.07.29 ,321万,46923,350,54,1,22,62,4065,3室1厅1厨1卫,顶层,6,68.41,暂无数据,暂无数据,板楼,南 北,1983,简装,混合结构,集中供暖,一梯三户,70年,无,101101667977,已购公房,2017-06-06,普通住宅,暂无数据,共有,321,46923,2017-07-29
远洋沁山水,2017.07.29 ,815万,92174,870,18,0,17,6,1130,2室1厅1厨1卫,低楼层,20,88.42,平层,69.91,板楼,南 北,2009,精装,钢混结构,集中供暖,两梯四户,70年,有,101101803376,商品房,2017-07-11,普通住宅,满五年,非共有,815,92174,2017-07-29
远洋沁山水,2017.07.29 ,40万,13455,40,1,0,0,0,暂无数据,车位,地下室,0,29.73,暂无数据,暂无数据,板楼,东,2009,其他,钢混结构,集中供暖,暂无数据,50年,有,101101878489,商品房,2017-07-29,车库,暂无数据,暂无数据,40,13455,2017-07-29
海特花园小区,2017.07.29 ,326万,49848,350,69,2,28,35,2516,1室1厅1厨1卫,底层,18,65.4,暂无数据,49.71,塔楼,西,1999,精装,钢混结构,集中供暖,两梯八户,70年,有,101101606838,商品房,2017-05-21,普通住宅,满两年,非共有,326,49848,2017-07-29,191.7,29312,2013-10-27,145.5,22248,2013-07-08
永乐西区,2017.07.28 ,310万,51300,350,14,0,26,50,2540,2室1厅1厨1卫,中楼层,6,60.43,暂无数据,暂无数据,板楼,南,1991,精装,混合结构,集中供暖,一梯三户,70年,无,101101819871,商品房,2017-07-15,普通住宅,满两年,非共有,310,51300,2017-07-28,184.6,30548,2014-12-21
永乐西区,2017.07.28 ,228万,56339,238,8,0,26,102,3549,1室1厅1厨1卫,顶层,6,40.47,暂无数据,27.44,板楼,南,1987,简装,混合结构,集中供暖,一梯三户,70年,无,101101840131,私产,2017-07-20,普通住宅,满五年,非共有,228,56339,2017-07-28
重聚园,2017.07.28 ,430万,42116,470,148,3,57,88,17331,2室1厅1厨1卫,中楼层,24,102.1,平层,暂无数据,塔楼,东 南 北,2003,精装,钢混结构,集中供暖,两梯八户,70年,有,101101265980,商品房,2017-03-02,普通住宅,满五年,非共有,430,42116,2017-07-28
地铁古城家园,2017.07.28 ,280万,44558,285,93,4,90,179,9930,1室1厅1厨1卫,顶层,25,62.84,平层,48.96,塔楼,西南,2001,其他,钢混结构,集中供暖,两梯八户,70年,有,101101517999,商品房,2017-04-26,普通住宅,满五年,非共有,280,44558,2017-07-28
远洋山水,2017.07.27 ,1100万,74536,1320,16,0,38,3,556,3室1厅1厨1卫,中楼层,24,147.58,暂无数据,121.07,板塔结合,南 北,2008,精装,钢混结构,集中供暖,一梯两户,70年,有,101101806235,商品房,2017-07-12,普通住宅,暂无数据,非共有,1100,74536,2017-07-27
古城路小区,2017.07.27 ,268万,52191,285,6,0,12,0,暂无数据,2室0厅1厨1卫,中楼层,6,51.35,平层,暂无数据,板楼,南 北,1984,其他,混合结构,集中供暖,一梯三户,70年,无,101101847702,商品房,2017-07-22,普通住宅,暂无数据,暂无数据,268,52191,2017-07-27
古城南路,2017.07.27 ,248.5万,49651,268,90,5,47,112,6727,2室0厅1厨1卫,中楼层,6,50.05,暂无数据,35,板楼,南,1977,其他,混合结构,集中供暖,一梯三户,70年,无,101101526326,已购公房,2017-04-29,普通住宅,满五年,非共有,248.5,49651,2017-07-27
东海仪园,2017.07.27 ,418万,51810,460,20,0,3,13,1348,2室1厅1厨1卫,高楼层,18,80.68,暂无数据,64.42,板楼,南 北,2013,其他,钢混结构,自供暖,两梯四户,70年,有,101101787581,商品房,2017-07-07,普通住宅,暂无数据,非共有,418,51810,2017-07-27
古城路小区,2017.07.27 ,163万,68087,165,8,0,1,0,暂无数据,1室0厅1厨1卫,中楼层,4,23.94,暂无数据,17.96,板楼,南,1958,其他,砖混结构,集中供暖,一梯三户,70年,无,101101832679,商品房,2017-07-19,普通住宅,暂无数据,非共有,163,68087,2017-07-27,85,35506,2015-09-09,59.5,24854,2012-10-26
金顶阳光,2017.07.26 ,155万,17060,485,8,0,0,0,暂无数据,2室1厅1厨1卫,高楼层,21,90.86,暂无数据,暂无数据,板楼,南 北,2009,其他,钢混结构,集中供暖,两梯四户,70年,有,101101835391,商品房,2017-07-19,普通住宅,暂无数据,暂无数据,155,17060,2017-07-26
融景城,2017.07.26 ,677万,69436,682,77,0,185,30,3205,2室2厅1厨1卫,低楼层,26,97.5,暂无数据,78.47,板塔结合,东 南 北,2012,毛坯,钢混结构,集中供暖,两梯四户,70年,有,101101571953,商品房,2017-05-11,普通住宅,满两年,非共有,677,69436,2017-07-26
西成忆树,2017.07.26 ,345万,53489,367,14,0,2,14,711,1室1厅1厨1卫,高楼层,20,64.5,平层,51.65,板塔结合,西,2005,简装,钢混结构,集中供暖,三梯十一户,70年,有,101101807774,商品房,2017-07-12,普通住宅,满五年,非共有,345,53489,2017-07-26
老山东里,2017.07.26 ,340万,51477,375,77,2,134,134,11689,3室1厅1厨1卫,中楼层,6,66.05,平层,48.06,板楼,南 北,1984,简装,混合结构,集中供暖,一梯四户,70年,无,101101570398,商品房,2017-05-11,普通住宅,暂无数据,非共有,340,51477,2017-07-26
远洋山水,2017.07.26 ,770万,68960,837,56,4,55,10,2410,2室2厅1厨2卫,低楼层,19,111.66,暂无数据,86.86,板塔结合,东南,2006,其他,钢混结构,集中供暖,一梯两户,70年,有,101101644183,商品房,2017-05-31,普通住宅,满五年,非共有,770,68960,2017-07-26
老山东里,2017.07.26 ,288万,57314,305,33,1,31,0,39,2室1厅1厨1卫,中楼层,6,50.25,暂无数据,40,板楼,南 北,1983,简装,钢混结构,集中供暖,一梯两户,70年,无,101101732479,商品房,2017-06-24,普通住宅,满五年,非共有,288,57314,2017-07-26
融景城,2017.07.26 ,545万,62659,565,16,0,32,24,2629,2室1厅1厨1卫,高楼层,17,86.98,暂无数据,70.57,板塔结合,南,2012,毛坯,钢混结构,集中供暖,两梯四户,70年,有,101101799637,商品房,2017-07-10,普通住宅,暂无数据,非共有,545,62659,2017-07-26
融景城,2017.07.26 ,25万,10545,38,13,0,0,3,364,车位,地下室,0,23.71,暂无数据,11.42,板楼,东,2010,其他,钢混结构,集中供暖,暂无数据,40年,无,101101810279,商品房,2017-07-13,车库,暂无数据,非共有,25,10545,2017-07-26
八角南路,2017.07.25 ,305万,51590,335,69,3,11,55,4058,2室1厅1厨1卫,顶层,6,59.12,暂无数据,41.5,板楼,南 北,1986,精装,混合结构,集中供暖,一梯两户,70年,无,101101595983,商品房,2017-05-18,普通住宅,满五年,共有,305,51590,2017-07-25
永乐东区,2017.07.25 ,275万,40543,315,59,0,50,189,11445,2室1厅1厨1卫,中楼层,4,67.83,平层,46.18,板楼,南,1958,简装,混合结构,集中供暖,一梯六户,70年,无,101101634114,已购公房,2017-05-28,普通住宅,满五年,非共有,275,40543,2017-07-25
地铁古城家园,2017.07.25 ,294万,42867,313,120,4,47,91,5362,2室1厅1厨1卫,高楼层,24,68.58,暂无数据,暂无数据,塔楼,西北,2000,简装,钢混结构,集中供暖,两梯九户,70年,有,101101399620,私产,2017-03-28,普通住宅,满五年,非共有,294,42867,2017-07-25
地铁古城家园,2017.07.24 ,430万,48704,470,107,2,115,45,3584,2室1厅1厨1卫,中楼层,25,88.29,暂无数据,68.79,塔楼,南,2001,简装,钢混结构,集中供暖,两梯八户,70年,有,101101451558,商品房,2017-04-09,普通住宅,满五年,非共有,430,48704,2017-07-24
御景山,2017.07.24 ,354万,48079,375,36,1,38,44,3542,1室2厅1厨1卫,高楼层,14,73.63,平层,57.25,板塔结合,北,2003,精装,钢混结构,集中供暖,两梯八户,70年,有,101101713824,商品房,2017-06-18,普通住宅,满五年,非共有,354,48079,2017-07-24
西成忆树,2017.07.24 ,742万,55155,760,22,1,18,21,1790,3室2厅1厨2卫,中楼层,20,134.53,暂无数据,109.17,板塔结合,南 北,2005,其他,钢混结构,集中供暖,一梯两户,70年,有,101101768321,商品房,2017-07-02,普通住宅,满五年,共有,742,55155,2017-07-24
永乐东区,2017.07.24 ,200万,39417,220,89,3,35,89,6981,2室1厅1厨1卫,中楼层,4,50.74,暂无数据,暂无数据,板楼,南 北,1950,精装,混合结构,集中供暖,一梯三户,70年,无,101101519676,商品房,2017-04-27,普通住宅,满五年,非共有,200,39417,2017-07-24
广安﹒康馨家园,2017.07.24 ,358万,48695,375,46,2,8,15,1568,2室1厅1厨1卫,中楼层,28,73.52,平层,54.47,板楼,南 北,2015,精装,钢混结构,集中供暖,一梯四户,70年,暂无数据,101101677448,二类经济适用房,2017-06-08,普通住宅,暂无数据,非共有,358,48695,2017-07-24
八角南里,2017.07.23 ,455万,51384,480,37,4,30,96,6268,2室2厅1厨1卫,顶层,6,88.55,暂无数据,79.22,板楼,南 北,1999,精装,混合结构,集中供暖,一梯两户,70年,无,101101708768,商品房,2017-06-17,普通住宅,满五年,非共有,455,51384,2017-07-23
碣石坪,2017.07.23 ,423万,47797,485,133,4,44,85,9161,2室1厅1厨1卫,高楼层,24,88.5,暂无数据,70.1,板塔结合,南,2001,精装,钢混结构,暂无数据,三梯十户,70年,有,101101327105,商品房,2017-03-13,普通住宅,满五年,非共有,423,47797,2017-07-23
六合园,2017.07.23 ,423万,50412,455,39,4,126,51,5023,2室2厅1厨1卫,中楼层,18,83.91,暂无数据,暂无数据,塔楼,西北,1995,其他,钢混结构,集中供暖,两梯八户,70年,有,101101700402,已购公房,2017-06-15,普通住宅,满五年,非共有,423,50412,2017-07-23
古城路小区,2017.07.23 ,330万,54205,335,13,1,18,3,332,3室0厅1厨1卫,低楼层,6,60.88,暂无数据,42.8,板楼,南 北,1980,其他,混合结构,集中供暖,一梯两户,70年,无,101101802130,已购公房,2017-07-11,普通住宅,满两年,非共有,330,54205,2017-07-23
铸造村,2017.07.23 ,270万,46202,292.2,28,0,27,29,1517,2室1厅1厨1卫,底层,16,58.44,暂无数据,暂无数据,塔楼,东南,1997,毛坯,钢混结构,集中供暖,两梯七户,70年,有,101101742327,已购公房,2017-06-26,普通住宅,暂无数据,共有,270,46202,2017-07-23
模式口南里,2017.07.23 ,317万,51925,317,38,1,3,19,1293,2室1厅1厨1卫,中楼层,6,61.05,暂无数据,43.14,板楼,南 北,1986,简装,钢混结构,集中供暖,一梯三户,70年,无,101101700588,已购公房,2017-06-15,普通住宅,满五年,非共有,317,51925,2017-07-23
玉泉西路甲3号院,2017.07.23 ,548万,68518,550,70,0,25,122,5334,2室1厅1厨1卫,低楼层,6,79.98,暂无数据,暂无数据,板楼,南 北,1988,精装,混合结构,集中供暖,一梯三户,70年,无,101101581988,已购公房,2017-05-14,普通住宅,满五年,非共有,548,68518,2017-07-23
广安﹒康馨家园,2017.07.22 ,357万,48559,365,14,1,19,22,1739,2室1厅1厨1卫,中楼层,28,73.52,平层,54.47,板楼,南 北,2015,简装,钢混结构,集中供暖,一梯四户,70年,暂无数据,101101796626,二类经济适用房,2017-07-09,普通住宅,暂无数据,非共有,357,48559,2017-07-22
远洋山水,2017.07.22 ,600万,59839,700,22,1,89,44,4330,2室1厅1厨1卫,低楼层,21,100.27,暂无数据,76.36,板塔结合,西北,2006,简装,钢混结构,集中供暖,两梯五户,70年,有,101101761794,商品房,2017-07-01,普通住宅,满五年,非共有,600,59839,2017-07-22
西黄新村北里,2017.07.22 ,431万,47079,445,25,1,50,55,6438,2室1厅1厨1卫,中楼层,23,91.55,暂无数据,77.55,塔楼,东 北,2003,精装,钢混结构,集中供暖,两梯八户,70年,有,101101748866,商品房,2017-06-28,普通住宅,满五年,非共有,431,47079,2017-07-22,150,16385,2012-06-09
远洋山水,2017.07.22 ,690万,64145,749,28,0,8,38,2762,2室1厅1厨1卫,中楼层,26,107.57,平层,84.49,板塔结合,西北,2006,精装,钢混结构,集中供暖,两梯七户,70年,有,101101737432,私产,2017-06-25,普通住宅,满五年,非共有,690,64145,2017-07-22
青年公寓,2017.07.21 ,215万,47906,233,37,1,77,85,13110,1室1厅1厨1卫,低楼层,14,44.88,暂无数据,44.88,板塔结合,南 北,1997,简装,钢混结构,集中供暖,两梯十四户,70年,有,101101698907,一类经济适用房,2017-06-14,普通住宅,满五年,非共有,215,47906,2017-07-21
依翠园,2017.07.21 ,445万,47927,488,127,7,87,303,27395,3室1厅1厨1卫,高楼层,6,92.85,平层,暂无数据,板楼,南 西,1995,精装,混合结构,集中供暖,一梯三户,70年,无,101101344868,商品房,2017-03-17,普通住宅,满五年,非共有,445,47927,2017-07-21
远洋山水,2017.07.21 ,595万,62468,680,21,0,11,38,2323,2室1厅1厨1卫,低楼层,26,95.25,暂无数据,76.73,板塔结合,西北,2005,其他,钢混结构,集中供暖,两梯五户,70年,有,101101759034,私产,2017-06-30,普通住宅,满五年,非共有,595,62468,2017-07-21
老山一号院,2017.07.21 ,382万,57366,399,82,3,77,78,6387,2室1厅1厨1卫,高楼层,6,66.59,暂无数据,暂无数据,板楼,东 西,1997,精装,混合结构,集中供暖,一梯两户,70年,无,101101530479,商品房,2017-04-30,普通住宅,满五年,共有,382,57366,2017-07-21,150,22526,2012-05-14
模式口东里,2017.07.20 ,248万,45749,270,14,0,4,0,暂无数据,2室1厅1厨1卫,底层,6,54.21,暂无数据,暂无数据,板楼,东 西,1991,简装,混合结构,集中供暖,一梯两户,70年,无,101101786433,已购公房,2017-07-07,普通住宅,暂无数据,非共有,248,45749,2017-07-20
杨庄北区,2017.07.20 ,422万,50095,463,53,3,150,28,3878,2室1厅1厨1卫,低楼层,16,84.24,暂无数据,65.12,塔楼,南,2000,精装,钢混结构,集中供暖,两梯九户,70年,有,101101636574,商品房,2017-05-29,普通住宅,暂无数据,非共有,422,50095,2017-07-20,250.4,29719,2015-06-22
永乐西区,2017.07.20 ,350万,56234,365,4,0,4,0,暂无数据,2室1厅1厨1卫,低楼层,6,62.24,暂无数据,50,板楼,南 西 北,1987,精装,混合结构,集中供暖,一梯三户,70年,无,101101826026,已购公房,2017-07-17,普通住宅,满五年,非共有,350,56234,2017-07-20
远洋山水,2017.07.20 ,730万,64826,760,143,3,75,143,17019,2室1厅1厨1卫,高楼层,15,112.61,平层,89.87,板塔结合,东南,2006,精装,钢混结构,集中供暖,两梯四户,70年,有,101101248927,商品房,2017-02-27,普通住宅,满五年,非共有,730,64826,2017-07-20
西山峻景,2017.07.20 ,360万,40255,380,16,0,5,5,413,2室1厅1厨1卫,中楼层,6,89.43,平层,80.47,板楼,南 北,2005,简装,钢混结构,暂无数据,一梯三户,未知,暂无数据,101101774654,私产,2017-07-04,普通住宅,满五年,非共有,360,40255,2017-07-20
古城南里,2017.07.20 ,292万,53072,310,60,4,139,44,1548,2室1厅1厨1卫,中楼层,11,55.02,暂无数据,38.88,板楼,南,1984,简装,钢混结构,集中供暖,一梯三户,70年,有,101101607508,已购公房,2017-05-21,普通住宅,满五年,非共有,292,53072,2017-07-20
八场宿舍,2017.07.20 ,269万,51721,289,110,12,58,138,5229,1室1厅1厨1卫,顶层,6,52.01,暂无数据,40,板楼,南,1990,精装,混合结构,集中供暖,一梯三户,70年,无,101101417895,商品房,2017-04-01,普通住宅,满五年,非共有,269,51721,2017-07-20,99.5,19131,2012-04-13
八角中里,2017.07.19 ,290万,53143,325,38,1,17,0,14,2室1厅1厨1卫,底层,6,54.57,暂无数据,暂无数据,板楼,南 北,1985,简装,混合结构,暂无数据,一梯三户,70年,无,101101691672,商品房,2017-06-12,普通住宅,满五年,非共有,290,53143,2017-07-19
西成忆树,2017.07.19 ,297万,53572,315,45,1,60,91,6754,1室1厅1厨1卫,高楼层,18,55.44,暂无数据,44.82,板塔结合,北,2005,其他,钢混结构,集中供暖,两梯五户,70年,有,101101663024,私产,2017-06-05,普通住宅,满五年,非共有,297,53572,2017-07-19
老山东里,2017.07.19 ,357万,59165,375,24,2,4,15,798,1室1厅1厨1卫,底层,6,60.34,暂无数据,55,板楼,南,1999,精装,混合结构,集中供暖,一梯三户,70年,无,101101742251,商品房,2017-06-26,普通住宅,满两年,非共有,357,59165,2017-07-19
永乐东区,2017.07.19 ,281万,53884,309,53,2,87,47,4303,2室1厅1厨1卫,中楼层,6,52.15,暂无数据,35.7,板楼,西南 北,1991,简装,混合结构,集中供暖,一梯两户,70年,无,101101631770,商品房,2017-05-28,普通住宅,满五年,非共有,281,53884,2017-07-19
模式口南里,2017.07.19 ,252万,46937,275,31,2,129,41,4424,2室1厅1厨1卫,底层,6,53.69,暂无数据,40.86,板楼,南 北,1986,毛坯,钢混结构,集中供暖,一梯两户,70年,无,101101715636,已购公房,2017-06-19,普通住宅,暂无数据,共有,252,46937,2017-07-19
老山西里,2017.07.19 ,343万,55682,360,25,2,57,44,3336,3室1厅1厨1卫,中楼层,6,61.6,暂无数据,44.05,板楼,南 北,1984,简装,钢混结构,集中供暖,一梯两户,70年,无,101101736321,已购公房,2017-06-24,普通住宅,满五年,非共有,343,55682,2017-07-19
八角中里,2017.07.19 ,278万,54909,280,2,0,1,0,暂无数据,1室1厅1厨1卫,低楼层,19,50.63,平层,暂无数据,塔楼,东南,1985,其他,钢混结构,集中供暖,两梯十户,70年,有,101101827691,已购公房,2017-07-17,普通住宅,暂无数据,暂无数据,278,54909,2017-07-19
远洋山水,2017.07.19 ,775万,70732,880,89,0,8,19,945,2室2厅1厨1卫,高楼层,26,109.57,暂无数据,84.19,板塔结合,南 北,2007,精装,钢混结构,集中供暖,两梯四户,70年,有,101101501926,商品房,2017-04-22,普通住宅,满五年,非共有,775,70732,2017-07-19
模式口西里,2017.07.18 ,266万,43679,285,56,1,6,86,2721,2室1厅1厨1卫,中楼层,6,60.9,平层,43.14,板楼,南 北,1990,精装,钢混结构,集中供暖,一梯三户,70年,无,101101614580,商品房,2017-05-24,普通住宅,满五年,非共有,266,43679,2017-07-18
七星园,2017.07.18 ,406.5万,63387,420,10,0,5,0,暂无数据,2室1厅1厨1卫,中楼层,6,64.13,暂无数据,55,板楼,南 北,1995,精装,混合结构,集中供暖,一梯两户,70年,无,101101795103,央产房,2017-07-09,普通住宅,满五年,非共有,406.5,63387,2017-07-18
八角北路,2017.07.18 ,278.3万,51576,290,41,2,22,119,3664,2室1厅1厨1卫,顶层,6,53.95,平层,38.4,板楼,南 北,1985,精装,混合结构,集中供暖,一梯三户,70年,无,101101673206,已购公房,2017-06-07,普通住宅,满五年,非共有,278.3,51576,2017-07-18
融景城,2017.07.18 ,576万,63416,610,19,0,4,13,1326,2室1厅1厨1卫,顶层,26,90.83,暂无数据,72.47,板塔结合,南 北,2010,精装,钢混结构,集中供暖,两梯四户,70年,有,101101753207,商品房,2017-06-29,普通住宅,满两年,非共有,576,63416,2017-07-18
西山枫林三期,2017.07.18 ,623万,57378,638,20,0,6,28,1425,3室1厅1厨1卫,低楼层,10,108.58,暂无数据,87.26,板楼,南 北,2006,其他,钢混结构,集中供暖,一梯两户,70年,有,101101750145,一类经济适用房,2017-06-28,普通住宅,满五年,共有,623,57378,2017-07-18
永乐东区,2017.07.17 ,318万,54230,349,99,4,47,40,4490,2室1厅1厨1卫,高楼层,6,58.64,暂无数据,暂无数据,板楼,南 北,1987,简装,混合结构,集中供暖,一梯三户,70年,无,101101457811,商品房,2017-04-10,普通住宅,满五年,非共有,318,54230,2017-07-17
西现代城,2017.07.17 ,467万,50783,520,8,0,7,12,809,2室1厅1厨1卫,中楼层,22,91.96,平层,73.08,板塔结合,西北,未知,精装,钢混结构,集中供暖,两梯六户,70年,有,101101796903,私产,2017-07-09,普通住宅,满五年,非共有,467,50783,2017-07-17
融景城,2017.07.17 ,550万,63045,560,27,3,28,17,2105,2室1厅1厨1卫,中楼层,26,87.24,平层,暂无数据,板塔结合,南 北,2012,精装,钢混结构,集中供暖,两梯四户,70年,有,101101720330,商品房,2017-06-20,普通住宅,满两年,非共有,550,63045,2017-07-17,298,34289,2013-03-25
古城路小区,2017.07.17 ,155万,58249,160,6,0,10,37,1510,1室1厅1厨1卫,中楼层,4,26.61,暂无数据,19.96,板楼,南,1958,简装,混合结构,集中供暖,一梯四户,70年,无,101101805142,商品房,2017-07-12,普通住宅,满五年,非共有,155,58249,2017-07-17
永乐东区,2017.07.17 ,350万,46886,420,78,1,32,58,4271,3室1厅1厨1卫,低楼层,6,74.65,暂无数据,暂无数据,板楼,南 北,1970,简装,混合结构,集中供暖,一梯三户,70年,无,101101532253,已购公房,2017-04-30,普通住宅,暂无数据,非共有,350,46886,2017-07-17
古城南里,2017.07.17 ,289万,51867,306,44,5,13,0,31,2室1厅1厨1卫,中楼层,11,55.72,暂无数据,1,板楼,南,1984,毛坯,钢混结构,集中供暖,一梯三户,70年,无,101101654571,已购公房,2017-06-03,普通住宅,满五年,非共有,289,51867,2017-07-17
茂华景公院,2017.07.16 ,950万,66907,968,6,0,31,47,4257,3室2厅1厨2卫,中楼层,7,141.99,暂无数据,119.3,板塔结合,东 南 北,2009,其他,钢混结构,集中供暖,一梯三户,70年,有,101101802517,商品房,2017-07-11,普通住宅,满五年,非共有,950,66907,2017-07-16
苹果园小区二区,2017.07.16 ,406万,47358,420,29,1,77,55,3691,3室1厅1厨1卫,中楼层,16,85.73,平层,61.25,塔楼,东南 西北,1997,精装,钢混结构,集中供暖,两梯七户,70年,有,101101713219,已购公房,2017-06-18,普通住宅,暂无数据,非共有,406,47358,2017-07-16
八场宿舍,2017.07.16 ,320万,55604,349,43,2,27,60,2032,2室1厅1厨1卫,中楼层,6,57.55,暂无数据,43,板楼,南 北,1993,简装,混合结构,集中供暖,一梯三户,70年,无,101101659589,已购公房,2017-06-04,普通住宅,满五年,非共有,320,55604,2017-07-16
融景城,2017.07.16 ,590万,62961,606,28,2,11,27,1740,2室1厅1厨1卫,高楼层,26,93.71,平层,74.77,板塔结合,南,2010,精装,钢混结构,集中供暖,两梯三户,70年,有,101101715283,商品房,2017-06-18,普通住宅,暂无数据,非共有,590,62961,2017-07-16,320,34148,2015-02-13
杨庄中区,2017.07.16 ,405万,46360,440,122,2,306,127,26673,2室1厅1厨1卫,中楼层,16,87.36,平层,暂无数据,板楼,南 北,1995,其他,钢混结构,集中供暖,一梯三户,70年,有,101101340645,已购公房,2017-03-16,普通住宅,满五年,非共有,405,46360,2017-07-16
模式口西里,2017.07.16 ,275万,44270,300,50,2,56,90,5273,2室1厅1厨1卫,低楼层,6,62.12,平层,暂无数据,板楼,南 北,1987,其他,钢混结构,集中供暖,一梯两户,70年,无,101101626253,二类经济适用房,2017-05-27,普通住宅,满五年,非共有,275,44270,2017-07-16
碣石坪,2017.07.16 ,599万,61123,650,5,0,5,0,暂无数据,2室1厅1厨1卫,中楼层,12,98,平层,暂无数据,板楼,南,2004,精装,钢混结构,自供暖,两梯四户,70年,有,101101802482,商品房,2017-07-11,普通住宅,暂无数据,非共有,599,61123,2017-07-16
八角北路,2017.07.15 ,270万,49253,299,84,3,45,177,12177,2室1厅1厨1卫,顶层,6,54.82,平层,39,板楼,南 北,1983,精装,混合结构,集中供暖,一梯三户,70年,无,101101504690,商品房,2017-04-22,普通住宅,满五年,非共有,270,49253,2017-07-15
模式口中里,2017.07.15 ,340万,54839,365,23,0,130,23,2800,2室1厅1厨1卫,低楼层,6,62,暂无数据,41.12,板楼,南 北,1999,其他,混合结构,集中供暖,一梯两户,70年,无,101101731115,商品房,2017-06-23,普通住宅,暂无数据,非共有,340,54839,2017-07-15
远洋山水,2017.07.15 ,425万,68804,460,32,1,16,68,2434,1室1厅1厨1卫,中楼层,26,61.77,暂无数据,46.17,板塔结合,南,2007,精装,钢混结构,集中供暖,两梯四户,70年,有,101101698588,商品房,2017-06-14,普通住宅,满五年,非共有,425,68804,2017-07-15
模式口东里,2017.07.15 ,257万,46390,265,2,0,1,0,暂无数据,2室1厅1厨1卫,中楼层,16,55.4,暂无数据,暂无数据,塔楼,南,1991,其他,钢混结构,集中供暖,两梯七户,70年,有,101101812127,商品房,2017-07-14,普通住宅,暂无数据,暂无数据,257,46390,2017-07-15,183,33033,2016-07-13
八角南里,2017.07.15 ,280万,50252,300,26,1,41,74,3650,1室1厅1厨1卫,中楼层,18,55.72,暂无数据,38.6,塔楼,西,1996,精装,钢混结构,集中供暖,两梯十户,70年,有,101101718485,商品房,2017-06-20,普通住宅,满两年,非共有,280,50252,2017-07-15,148,26562,2014-07-19
京汉旭城,2017.07.15 ,546万,57938,595,9,0,17,57,2325,2室1厅1厨1卫,高楼层,15,94.24,暂无数据,80.51,板楼,南 北,2004,简装,钢混结构,集中供暖,一梯两户,70年,有,101101781557,商品房,2017-07-06,普通住宅,满五年,非共有,546,57938,2017-07-15
广宁村,2017.07.15 ,240万,41805,269.8,61,2,20,85,4824,2室1厅1厨1卫,中楼层,6,57.41,暂无数据,39.68,板楼,南 北,1989,精装,混合结构,集中供暖,一梯三户,70年,无,101101587478,商品房,2017-05-15,普通住宅,满五年,非共有,240,41805,2017-07-15
六合园,2017.07.14 ,330万,51571,350,43,2,91,44,2693,2室1厅1厨1卫,底层,6,63.99,平层,1,板楼,南 北,1994,毛坯,混合结构,集中供暖,一梯两户,70年,无,101101652784,已购公房,2017-06-02,普通住宅,满五年,非共有,330,51571,2017-07-14
杨庄小区,2017.07.14 ,290万,49957,319,25,1,24,4,713,3室1厅1厨1卫,中楼层,6,58.05,平层,40.58,板楼,南 北,1981,毛坯,混合结构,集中供暖,一梯三户,70年,无,101101719136,已购公房,2017-06-20,普通住宅,暂无数据,非共有,290,49957,2017-07-14
远洋山水,2017.07.14 ,657万,64355,720,84,5,28,23,2218,2室1厅1厨1卫,中楼层,27,102.09,平层,81.8,塔楼,西北,2007,精装,钢混结构,集中供暖,三梯九户,70年,有,101101501807,商品房,2017-04-22,普通住宅,满两年,非共有,657,64355,2017-07-14
老山西里,2017.07.14 ,348万,56412,380,12,0,26,73,3531,2室1厅1厨1卫,中楼层,5,61.69,暂无数据,暂无数据,板楼,南 北,1982,精装,钢混结构,暂无数据,一梯两户,70年,无,101101768810,商品房,2017-07-02,普通住宅,满五年,非共有,348,56412,2017-07-14
七星园,2017.07.14 ,385万,59857,427,14,1,3,11,778,2室1厅1厨1卫,中楼层,6,64.32,暂无数据,43.9,板楼,南 北,1994,简装,混合结构,集中供暖,一梯两户,70年,无,101101756620,已购公房,2017-06-30,普通住宅,满五年,非共有,385,59857,2017-07-14
金顶阳光,2017.07.13 ,456万,50893,489,14,0,2,11,1141,2室1厅1厨1卫,中楼层,18,89.6,平层,74.21,板楼,南 北,2009,简装,钢混结构,集中供暖,两梯四户,70年,有,101101755819,限价商品房,2017-06-30,普通住宅,满五年,非共有,456,50893,2017-07-13
苹果园小区二区,2017.07.13 ,390万,50861,425,110,1,248,69,8147,2室1厅1厨1卫,高楼层,16,76.68,平层,65,塔楼,东南,1995,简装,钢混结构,集中供暖,两梯七户,70年,有,101101388104,已购公房,2017-03-25,普通住宅,满五年,非共有,390,50861,2017-07-13
广安﹒康馨家园,2017.07.13 ,368万,47980,375,41,2,103,60,3418,2室1厅1厨1卫,高楼层,34,76.7,平层,55.85,板塔结合,南 北,2015,精装,钢混结构,暂无数据,一梯四户,70年,暂无数据,101101651228,商品房,2017-06-02,普通住宅,暂无数据,非共有,368,47980,2017-07-13
融景城,2017.07.12 ,585万,65753,604,12,0,14,20,1616,2室1厅1厨1卫,中楼层,16,88.97,暂无数据,71.89,板塔结合,南 北,2010,精装,钢混结构,集中供暖,两梯四户,70年,有,101101759529,商品房,2017-07-01,普通住宅,满两年,非共有,585,65753,2017-07-12
高井,2017.07.12 ,266万,45123,275,33,0,19,80,4025,2室1厅1厨1卫,中楼层,6,58.95,暂无数据,暂无数据,板楼,南 北,1994,精装,混合结构,集中供暖,一梯两户,70年,无,101101684575,商品房,2017-06-10,普通住宅,满五年,非共有,266,45123,2017-07-12
重兴园,2017.07.12 ,430万,49786,465,19,1,8,11,1190,2室1厅1厨1卫,高楼层,24,86.37,平层,73.03,塔楼,西南,2003,简装,钢混结构,集中供暖,两梯十户,70年,有,101101733844,私产,2017-06-24,普通住宅,满五年,非共有,430,49786,2017-07-12
六合园,2017.07.12 ,470万,52026,530,103,2,92,46,4965,3室1厅1厨1卫,中楼层,18,90.34,平层,58.36,塔楼,西南,1994,精装,钢混结构,集中供暖,两梯十户,70年,有,101101414308,商品房,2017-03-31,普通住宅,满两年,非共有,470,52026,2017-07-12,297,32876,2013-09-28
永乐西区,2017.07.11 ,221.8万,54957,240,45,4,13,75,3138,1室1厅1厨1卫,中楼层,6,40.35,暂无数据,暂无数据,板楼,南,1988,精装,混合结构,集中供暖,一梯三户,70年,无,101101633292,商品房,2017-05-28,普通住宅,满两年,非共有,221.8,54957,2017-07-11,138,34201,2015-06-01
京汉旭城,2017.07.11 ,600万,64649,628,66,3,12,107,6207,2室1厅1厨1卫,低楼层,15,92.81,平层,79.08,板楼,南 北,2004,精装,钢混结构,集中供暖,一梯两户,70年,有,101101555733,商品房,2017-05-06,普通住宅,满五年,共有,600,64649,2017-07-11
西黄新村北里,2017.07.11 ,403.5万,47182,423,138,5,184,148,15693,2室1厅1厨1卫,低楼层,23,85.52,平层,68.92,塔楼,南,2000,精装,钢混结构,集中供暖,三梯十户,70年,有,101101227041,商品房,2017-02-24,普通住宅,满五年,非共有,403.5,47182,2017-07-11
西黄新村北里,2017.07.11 ,290万,54014,300,54,3,38,29,1412,1室1厅1厨1卫,低楼层,6,53.69,暂无数据,34.56,板楼,南 北,1998,简装,混合结构,集中供暖,一梯三户,70年,无,101101598914,已购公房,2017-05-19,普通住宅,满五年,非共有,290,54014,2017-07-11
海特花园小区,2017.07.11 ,446万,52043,450,15,2,22,25,1466,2室1厅1厨1卫,中楼层,18,85.7,暂无数据,65.14,塔楼,西南,1999,精装,钢混结构,集中供暖,两梯八户,70年,有,101101744929,私产,2017-06-27,普通住宅,满五年,非共有,446,52043,2017-07-11
金顶街二区,2017.07.11 ,476万,47472,498,32,3,37,24,2704,2室2厅1厨1卫,低楼层,18,100.27,暂无数据,82.96,塔楼,南,2006,精装,钢混结构,集中供暖,三梯十户,70年,有,101101684336,二类经济适用房,2017-06-10,普通住宅,满五年,非共有,476,47472,2017-07-11
苹果园小区三区,2017.07.11 ,375万,50383,410,61,1,14,32,2204,2室1厅1厨1卫,中楼层,16,74.43,平层,50.92,塔楼,东南,1994,精装,钢混结构,集中供暖,两梯七户,70年,有,101101572656,已购公房,2017-05-11,普通住宅,满两年,非共有,375,50383,2017-07-11
金福苑,2017.07.11 ,232万,44901,269,116,4,11,48,3196,1室1厅1厨1卫,顶层,7,51.67,平层,暂无数据,板楼,南,1996,其他,混合结构,集中供暖,一梯三户,70年,无,101101351244,商品房,2017-03-18,普通住宅,满五年,非共有,232,44901,2017-07-11,89.5,17322,2012-05-18
地震局宿舍,2017.07.11 ,263万,62590,280,44,0,37,139,4793,1室1厅1厨1卫,底层,6,42.02,暂无数据,28.63,板楼,南,1986,简装,混合结构,集中供暖,一梯三户,70年,无,101101634280,已购公房,2017-05-28,普通住宅,满五年,非共有,263,62590,2017-07-11
地铁古城家园,2017.07.10 ,502万,44762,520,88,3,28,48,3131,3室1厅1厨1卫,中楼层,25,112.15,暂无数据,87.38,塔楼,西北,2001,其他,钢混结构,集中供暖,两梯八户,70年,有,101101472680,商品房,2017-04-14,普通住宅,满五年,非共有,502,44762,2017-07-10
古城南路,2017.07.10 ,278万,49956,300,51,1,91,236,11680,2室1厅1厨1卫,顶层,6,55.65,暂无数据,55.65,板楼,南 北,1987,简装,混合结构,集中供暖,一梯三户,70年,无,101101604492,商品房,2017-05-20,普通住宅,满五年,非共有,278,49956,2017-07-10
京汉旭城,2017.07.10 ,695万,65204,745,55,1,17,54,3972,3室1厅1厨1卫,低楼层,15,106.59,平层,91.06,板楼,南 北,2004,其他,钢混结构,集中供暖,一梯两户,70年,有,101101590503,商品房,2017-05-16,普通住宅,满五年,非共有,695,65204,2017-07-10
教工楼,2017.07.10 ,265万,48794,295,118,2,12,20,1265,2室1厅1厨1卫,中楼层,6,54.31,暂无数据,暂无数据,板楼,南 北,1985,简装,砖混结构,集中供暖,一梯三户,70年,无,101101332882,商品房,2017-03-14,普通住宅,满两年,非共有,265,48794,2017-07-10
西引力,2017.07.10 ,257万,54868,275,6,1,7,22,768,1室1厅1厨1卫,中楼层,18,46.84,暂无数据,39.37,板塔结合,北,2005,简装,钢混结构,集中供暖,两梯六户,70年,有,101101775617,商品房,2017-07-04,普通住宅,暂无数据,共有,257,54868,2017-07-10,暂无价格,其他公司成交,2015-04
模式口西里,2017.07.10 ,260万,47454,273,18,1,42,181,4851,2室1厅1厨1卫,底层,6,54.79,暂无数据,40.53,板楼,南,1990,简装,钢混结构,集中供暖,一梯三户,70年,无,101101728365,商品房,2017-06-22,普通住宅,满五年,非共有,260,47454,2017-07-10
依翠园,2017.07.10 ,300万,48054,340,71,3,230,147,12510,2室1厅1厨1卫,高楼层,6,62.43,暂无数据,暂无数据,板楼,南 北,1995,其他,混合结构,集中供暖,一梯四户,70年,无,101101532065,商品房,2017-04-30,普通住宅,满五年,非共有,300,48054,2017-07-10
模式口北里,2017.07.10 ,310万,46484,327,110,4,112,76,6178,2室1厅1厨1卫,低楼层,6,66.69,平层,56,板楼,南 北,1999,其他,混合结构,集中供暖,一梯两户,70年,无,101101371580,商品房,2017-03-22,普通住宅,满两年,共有,310,46484,2017-07-10
八角北路,2017.07.10 ,353万,51639,375,55,1,139,36,2758,3室1厅1厨1卫,中楼层,6,68.36,暂无数据,60,板楼,南 北,1984,简装,混合结构,集中供暖,一梯三户,70年,无,101101590656,已购公房,2017-05-16,普通住宅,暂无数据,非共有,353,51639,2017-07-10
京汉旭城,2017.07.10 ,550万,63430,590,23,2,100,92,6835,2室1厅1厨1卫,中楼层,17,86.71,平层,71.92,板楼,南 北,2006,简装,钢混结构,集中供暖,一梯两户,70年,有,101101709596,商品房,2017-06-17,普通住宅,满五年,非共有,550,63430,2017-07-10
广安﹒康馨家园,2017.07.09 ,360万,48960,365,20,1,20,26,1678,2室1厅1厨1卫,低楼层,28,73.53,平层,54.46,板塔结合,南 北,2013,精装,钢混结构,集中供暖,两梯四户,70年,有,101101719894,二类经济适用房,2017-06-20,普通住宅,暂无数据,非共有,360,48960,2017-07-09
永乐东区,2017.07.09 ,230万,53082,259,89,3,93,100,7315,1室1厅1厨1卫,高楼层,6,43.33,暂无数据,暂无数据,板楼,南,1987,简装,混合结构,集中供暖,一梯三户,70年,无,101101463581,商品房,2017-04-12,普通住宅,满两年,非共有,230,53082,2017-07-09,145,33465,2013-11-15
金顶街五区,2017.07.09 ,428.5万,51720,450,85,1,48,65,4361,2室1厅1厨1卫,底层,24,82.85,暂无数据,暂无数据,塔楼,南,2003,其他,钢混结构,集中供暖,三梯十户,70年,有,101101479995,二类经济适用房,2017-04-16,普通住宅,满五年,非共有,428.5,51720,2017-07-09
雍景四季,2017.07.09 ,35万,10607,36,4,0,0,0,暂无数据,车位,地下室,0,33,暂无数据,暂无数据,暂无数据,北,未知,其他,钢混结构,集中供暖,暂无数据,70年,有,101101777285,商品房,2017-07-05,车库,暂无数据,暂无数据,35,10607,2017-07-09
融景城,2017.07.09 ,557万,61568,575,127,7,52,61,6880,2室1厅1厨1卫,中楼层,24,90.47,平层,72.45,板塔结合,南,2012,简装,钢混结构,集中供暖,两梯四户,70年,有,101101277545,商品房,2017-03-04,普通住宅,满两年,非共有,557,61568,2017-07-09
五芳园,2017.07.09 ,238.5万,50919,250,36,3,47,47,2576,1室1厅1厨1卫,中楼层,6,46.84,平层,31.59,板楼,西,1994,毛坯,混合结构,集中供暖,一梯四户,70年,无,101101653579,商品房,2017-06-03,普通住宅,暂无数据,共有,238.5,50919,2017-07-09
古城路小区,2017.07.09 ,250.5万,50292,280,78,2,4,50,3252,2室1厅1厨1卫,顶层,6,49.81,暂无数据,40,板楼,南 北,1980,精装,混合结构,集中供暖,一梯两户,70年,无,101101503823,商品房,2017-04-22,普通住宅,满两年,共有,250.5,50292,2017-07-09
广安﹒康馨家园,2017.07.08 ,373万,47468,399,48,1,52,46,4535,2室1厅1厨1卫,低楼层,28,78.58,暂无数据,58.22,板楼,南 北,2015,简装,钢混结构,集中供暖,一梯四户,70年,暂无数据,101101608638,二类经济适用房,2017-05-21,普通住宅,暂无数据,非共有,373,47468,2017-07-08
广安﹒康馨家园,2017.07.08 ,350万,47279,360,23,2,50,31,2369,2室1厅1厨1卫,中楼层,30,74.03,平层,54.26,板塔结合,南,2013,毛坯,钢混结构,集中供暖,一梯四户,70年,暂无数据,101101703158,二类经济适用房,2017-06-16,普通住宅,暂无数据,非共有,350,47279,2017-07-08
模式口东里,2017.07.07 ,270万,48843,295,53,5,38,46,2620,2室1厅1厨1卫,中楼层,6,55.28,暂无数据,40.53,板楼,南,1991,精装,钢混结构,集中供暖,一梯三户,70年,无,101101588450,私产,2017-05-16,普通住宅,满五年,非共有,270,48843,2017-07-07
远洋沁山水,2017.07.07 ,840万,95509,880,77,1,13,10,1102,2室1厅1厨1卫,中楼层,20,87.95,平层,69.62,板楼,南 北,2009,简装,钢混结构,集中供暖,两梯四户,70年,有,101101498874,商品房,2017-04-21,普通住宅,满两年,非共有,840,95509,2017-07-07
西引力,2017.07.07 ,359.5万,57010,390,21,0,33,30,1663,1室1厅1厨1卫,中楼层,16,63.06,暂无数据,53,板塔结合,东,2005,简装,钢混结构,集中供暖,两梯七户,70年,有,101101704878,私产,2017-06-16,普通住宅,满五年,非共有,359.5,57010,2017-07-07
依翠园,2017.07.07 ,500万,55519,510,18,0,11,16,778,3室1厅1厨1卫,顶层,6,90.06,平层,70,板楼,南 北,1995,精装,混合结构,集中供暖,一梯两户,70年,无,101101717272,已购公房,2017-06-19,普通住宅,满五年,非共有,500,55519,2017-07-07
雍景四季,2017.07.07 ,936万,64167,995,112,1,44,41,4660,3室2厅1厨2卫,高楼层,23,145.87,暂无数据,118.21,板塔结合,东南,2009,精装,钢混结构,集中供暖,两梯四户,70年,有,101101350473,商品房,2017-03-18,普通住宅,满两年,非共有,936,64167,2017-07-07
广安﹒康馨家园,2017.07.06 ,350万,47900,375,5,1,7,8,337,2室1厅1厨1卫,中楼层,28,73.07,平层,53.85,板楼,南 北,未知,简装,钢混结构,集中供暖,一梯四户,70年,暂无数据,101101766389,商品房,2017-07-02,普通住宅,暂无数据,非共有,350,47900,2017-07-06
八角南里,2017.07.06 ,360万,61867,374,34,2,6,25,776,2室1厅1厨1卫,高楼层,7,58.19,平层,39.62,板楼,南 北,1995,其他,混合结构,集中供暖,一梯两户,70年,无,101101653952,商品房,2017-06-03,普通住宅,满两年,共有,360,61867,2017-07-06,暂无价格,其他公司成交,2013-05
八角北里,2017.07.06 ,334.5万,55062,350,28,1,37,29,1213,2室1厅1厨1卫,中楼层,6,60.75,暂无数据,暂无数据,板楼,南 北,1987,简装,混合结构,集中供暖,一梯两户,70年,无,101101679107,已购公房,2017-06-09,普通住宅,满五年,非共有,334.5,55062,2017-07-06
模式口西里,2017.07.05 ,258万,44583,285,36,4,71,159,6344,2室1厅1厨1卫,低楼层,6,57.87,暂无数据,暂无数据,板楼,南 北,1987,精装,钢混结构,集中供暖,一梯两户,70年,无,101101640807,商品房,2017-05-30,普通住宅,满五年,共有,258,44583,2017-07-05
西引力,2017.07.05 ,280万,55844,300,5,0,14,52,1208,1室1厅1厨1卫,低楼层,16,50.14,暂无数据,42.14,板塔结合,南,2005,简装,钢混结构,集中供暖,两梯八户,70年,有,101101760908,私产,2017-07-01,普通住宅,满五年,非共有,280,55844,2017-07-05
广安﹒康馨家园,2017.07.05 ,345.5万,47512,365,85,3,30,50,3742,2室1厅1厨1卫,中楼层,34,72.72,平层,52.65,板塔结合,南,2015,简装,钢混结构,集中供暖,一梯四户,70年,暂无数据,101101461258,二类经济适用房,2017-04-11,普通住宅,暂无数据,非共有,345.5,47512,2017-07-05
广安﹒康馨家园,2017.07.05 ,293万,48599,336,64,0,14,24,1768,1室1厅1厨1卫,中楼层,34,60.29,平层,43.65,板塔结合,南,2015,简装,钢混结构,集中供暖,一梯四户,70年,暂无数据,101101541055,商品房,2017-05-03,普通住宅,暂无数据,非共有,293,48599,2017-07-05
八角北里,2017.07.05 ,433万,54880,448,19,2,24,14,1287,2室1厅1厨1卫,高楼层,17,78.9,暂无数据,暂无数据,塔楼,东南 西南,1985,精装,钢混结构,集中供暖,两梯七户,70年,有,101101706927,已购公房,2017-06-17,普通住宅,暂无数据,非共有,433,54880,2017-07-05
八角中里,2017.07.05 ,300万,50934,340,35,2,3,25,1397,2室1厅1厨1卫,高楼层,6,58.9,暂无数据,41.31,板楼,南 北,1986,简装,混合结构,集中供暖,一梯三户,70年,无,101101644482,商品房,2017-05-31,普通住宅,满五年,非共有,300,50934,2017-07-05
远洋山水,2017.07.04 ,400万,59128,430,63,3,65,42,2696,1室1厅1厨1卫,顶层,26,67.65,暂无数据,51.98,板塔结合,西,2007,精装,钢混结构,集中供暖,三梯十二户,70年,有,101101543531,商品房,2017-05-03,普通住宅,暂无数据,共有,400,59128,2017-07-04,267,39468,2016-01-03
金顶北路九号院,2017.07.04 ,328万,50016,340,56,2,28,34,1656,2室1厅1厨1卫,中楼层,7,65.58,暂无数据,45.95,板楼,南 北,1999,其他,混合结构,集中供暖,一梯两户,70年,无,101101566335,商品房,2017-05-09,普通住宅,满两年,非共有,328,50016,2017-07-04,197,30040,2013-03-17
京汉旭城,2017.07.04 ,596万,65966,628,103,2,73,72,3881,2室1厅1厨1卫,中楼层,16,90.35,平层,71.58,板楼,南 北,2004,其他,钢混结构,集中供暖,一梯两户,70年,有,101101377529,商品房,2017-03-23,普通住宅,满五年,非共有,596,65966,2017-07-04
八角北路,2017.07.04 ,310万,57440,330,58,2,65,0,39,2室1厅1厨1卫,中楼层,6,53.97,平层,39,板楼,南 北,1984,精装,混合结构,集中供暖,一梯三户,70年,无,101101558605,商品房,2017-05-07,普通住宅,满五年,非共有,310,57440,2017-07-04
京汉旭城,2017.07.04 ,380万,55711,460,59,1,68,51,2757,1室1厅1厨1卫,顶层,16,68.21,暂无数据,54.62,板楼,南,2004,精装,钢混结构,集中供暖,一梯两户,70年,有,101101555055,商品房,2017-05-06,普通住宅,满五年,非共有,380,55711,2017-07-04
远洋山水,2017.07.04 ,47万,15380,50,11,0,11,0,暂无数据,车位,地下室,0,30.56,暂无数据,13.25,板楼,西,2008,其他,钢混结构,集中供暖,暂无数据,70年,暂无数据,101101730029,商品房,2017-06-23,车库,满五年,非共有,47,15380,2017-07-04
远洋山水,2017.07.03 ,1010万,67500,1150,14,1,29,38,3328,3室2厅1厨2卫,高楼层,26,149.63,暂无数据,119.68,板塔结合,南 北,2007,精装,钢混结构,集中供暖,两梯四户,70年,有,101101720100,商品房,2017-06-20,普通住宅,满五年,非共有,1010,67500,2017-07-03
京汉旭城,2017.07.03 ,538万,60929,560,26,2,60,85,3779,2室1厅1厨1卫,低楼层,23,88.3,平层,71.87,塔楼,南 西,2004,其他,钢混结构,暂无数据,两梯六户,70年,有,101101673088,商品房,2017-06-07,普通住宅,满五年,非共有,538,60929,2017-07-03
广安﹒康馨家园,2017.07.03 ,345.6万,50394,370,49,1,170,71,5727,2室2厅1厨1卫,低楼层,33,68.58,平层,54.38,板楼,南,2013,简装,钢混结构,集中供暖,一梯四户,70年,暂无数据,101101586623,商品房,2017-05-15,普通住宅,暂无数据,非共有,345.6,50394,2017-07-03
古城北路,2017.07.02 ,209万,57261,228,106,2,30,67,2514,1室1厅1厨1卫,底层,6,36.5,平层,50,板楼,南,1987,精装,混合结构,集中供暖,一梯三户,70年,无,101101357931,商品房,2017-03-19,普通住宅,满两年,非共有,209,57261,2017-07-02,120,32877,2014-12-20
广安﹒康馨家园,2017.07.02 ,485万,52467,490,83,2,11,18,1831,3室1厅1厨1卫,低楼层,28,92.44,平层,68.12,板楼,东 南 北,未知,简装,钢混结构,集中供暖,一梯四户,70年,暂无数据,101101460417,二类经济适用房,2017-04-11,普通住宅,暂无数据,非共有,485,52467,2017-07-02
远洋山水,2017.07.02 ,755万,64663,790,61,4,33,29,1506,2室2厅1厨2卫,中楼层,26,116.76,暂无数据,95.95,塔楼,南,2003,简装,钢混结构,集中供暖,三梯九户,70年,有,101101542617,商品房,2017-05-03,普通住宅,满五年,非共有,755,64663,2017-07-02
模式口西里,2017.07.02 ,281万,44533,298,55,1,82,214,8291,2室1厅1厨1卫,中楼层,6,63.1,暂无数据,50.42,板楼,南 北,1997,简装,混合结构,集中供暖,一梯三户,70年,无,101101563500,已购公房,2017-05-09,普通住宅,满五年,非共有,281,44533,2017-07-02
广安﹒康馨家园,2017.07.02 ,470万,50080,480,71,2,9,35,2273,3室1厅1厨1卫,高楼层,28,93.85,平层,暂无数据,板楼,东 南 北,2015,简装,钢混结构,集中供暖,一梯四户,70年,暂无数据,101101504221,商品房,2017-04-22,普通住宅,暂无数据,非共有,470,50080,2017-07-02
久筑物业,2017.07.02 ,290万,55155,325,96,4,33,56,3300,1室1厅1厨1卫,中楼层,15,52.58,暂无数据,暂无数据,板塔结合,东 西,1995,精装,钢混结构,集中供暖,三梯八户,70年,有,101101402632,商品房,2017-03-28,普通住宅,满五年,非共有,290,55155,2017-07-02,100,19019,2012-04-05
金顶阳光,2017.07.02 ,456万,50521,465,1,0,2,0,暂无数据,2室1厅1厨1卫,中楼层,21,90.26,平层,暂无数据,板楼,南 北,2009,简装,钢混结构,集中供暖,两梯四户,70年,有,101101763223,商品房,2017-07-01,普通住宅,暂无数据,非共有,456,50521,2017-07-02
西现代城,2017.07.02 ,260万,60061,268,9,0,4,52,1664,1室0厅1厨1卫,低楼层,22,43.29,平层,34.4,板塔结合,北,未知,其他,钢混结构,集中供暖,两梯九户,70年,有,101101732234,商品房,2017-06-23,普通住宅,满五年,非共有,260,60061,2017-07-02
1室1厅,2017.07.01 ,340万,53637,358,25,1,23,76,2868,1室1厅1厨1卫,中楼层,18,63.39,平层,51.98,板塔结合,东北,2002,简装,未知,集中供暖,暂无数据,未知,无,101101669816,暂无数据,2017-06-06,暂无数据,满五年,非共有,340,53637,2017-07-01
雍景四季,2017.07 , , , , , , , , ,4室2厅2厨1卫,低楼层,19,188.2,暂无数据,暂无数据,板塔结合,南 北,2009,其他,钢混结构,集中供暖,两梯三户,70年,有,101101190901,商品房,2017-02-18,普通住宅,暂无数据,暂无数据,暂无价格,其他公司成交,2017-07
琳琅庄园,2017.07 , , , , , , , , ,3室1厅1厨1卫,低楼层,16,137,平层,暂无数据,塔楼,东南 北,2003,精装,钢混结构,自供暖,两梯八户,70年,有,101101218895,商品房,2017-02-22,普通住宅,暂无数据,非共有,暂无价格,其他公司成交,2017-07
广安﹒康馨家园,2017.07 , , , , , , , , ,3室1厅1厨1卫,低楼层,34,94,平层,暂无数据,板楼,东 南 北,2013,其他,钢混结构,集中供暖,一梯四户,70年,暂无数据,BJ0002974962,商品房,2017-08-15,普通住宅,暂无数据,暂无数据,暂无价格,其他公司成交,2017-07,240,25980,2015-10-31
西山枫林一二期,2017.07 , , , , , , , , ,4室1厅1厨2卫,高楼层,10,125.93,平层,暂无数据,板楼,南 北,2005,其他,钢混结构,集中供暖,一梯两户,70年,有,BJ0002978465,一类经济适用房,2017-08-16,普通住宅,暂无数据,暂无数据,暂无价格,其他公司成交,2017-07
琳琅庄园,2017.07 , , , , , , , , ,3室1厅1厨1卫,低楼层,16,137,平层,暂无数据,塔楼,东南 北,2003,精装,钢混结构,自供暖,两梯八户,70年,有,101101218895,商品房,2017-02-22,普通住宅,暂无数据,非共有,暂无价格,其他公司成交,2017-07
雍景四季,2017.07 , , , , , , , , ,4室2厅2厨1卫,低楼层,19,188.2,暂无数据,暂无数据,板塔结合,南 北,2009,其他,钢混结构,集中供暖,两梯三户,70年,有,101101190901,商品房,2017-02-18,普通住宅,暂无数据,暂无数据,暂无价格,其他公司成交,2017-07
海特花园小区,2017.07 , , , , , , , , ,2室1厅1厨1卫,低楼层,6,55.86,平层,暂无数据,板楼,南 北,1993,其他,混合结构,集中供暖,一梯两户,70年,无,BJ0002980510,商品房,2017-08-17,普通住宅,暂无数据,暂无数据,暂无价格,其他公司成交,2017-07
八角北路,2017.07 , , , , , , , , ,3室1厅1厨1卫,顶层,6,68.37,平层,暂无数据,板楼,南 北,1984,简装,混合结构,暂无数据,一梯三户,70年,无,101101369158,商品房,2017-03-21,普通住宅,暂无数据,非共有,暂无价格,其他公司成交,2017-07
杨庄小区,2017.07 , , , , , , , , ,2室1厅1厨1卫,中楼层,14,64.16,暂无数据,暂无数据,板塔结合,暂无数据,1991,其他,钢混结构,集中供暖,一梯三户,70年,有,BJ0002977875,已购公房,2017-08-16,普通住宅,暂无数据,暂无数据,暂无价格,其他公司成交,2017-07
远洋沁山水,2017.07 , , , , , , , , ,3室1厅1厨2卫,中楼层,17,141.58,暂无数据,暂无数据,板楼,暂无数据,2011,其他,钢混结构,集中供暖,两梯两户,70年,有,BJ0002973497,商品房,2017-08-15,普通住宅,暂无数据,暂无数据,暂无价格,其他公司成交,2017-07
远洋沁山水,2017.07 , , , , , , , , ,4室2厅1厨2卫,底层,23,168.53,平层,136.62,板楼,南 北,2011,精装,钢混结构,集中供暖,两梯四户,70年,有,101101415454,商品房,2017-03-31,普通住宅,满两年,非共有,暂无价格,其他公司成交,2017-07,暂无价格,自行成交,2013-12,800,47470,2013-08-03
西井小区一区,2017.07 , , , , , , , , ,4室1厅1厨1卫,低楼层,6,80.67,暂无数据,暂无数据,板楼,东 西,1984,其他,混合结构,集中供暖,一梯两户,70年,无,101101681237,已购公房,2017-06-09,普通住宅,满五年,非共有,暂无价格,其他公司成交,2017-07
远洋山水,2017.07 , , , , , , , , ,1室0厅1厨1卫,高楼层,26,69.99,暂无数据,暂无数据,板塔结合,暂无数据,2007,其他,钢混结构,集中供暖,三梯十四户,70年,有,BJ0002984470,商品房,2017-08-18,普通住宅,暂无数据,暂无数据,暂无价格,其他公司成交,2017-07
雍景四季,2017.07 , , , , , , , , ,2室1厅1厨1卫,中楼层,19,112,平层,暂无数据,板塔结合,南,2009,其他,钢混结构,集中供暖,两梯三户,70年,有,BJ0002981316,商品房,2017-08-17,普通住宅,暂无数据,暂无数据,暂无价格,其他公司成交,2017-07
苹果园小区一区,2017.07 , , , , , , , , ,2室1厅1厨1卫,顶层,3,77,平层,暂无数据,板楼,南 北,1993,其他,钢混结构,集中供暖,一梯两户,70年,无,BJ0002981876,已购公房,2017-08-17,普通住宅,暂无数据,暂无数据,暂无价格,其他公司成交,2017-07
西山枫林三期,2017.07 , , , , , , , , ,3室1厅1厨2卫,中楼层,10,123.16,平层,暂无数据,板楼,南 北,2006,其他,钢混结构,集中供暖,一梯两户,70年,有,BJ0002978462,一类经济适用房,2017-08-16,普通住宅,暂无数据,暂无数据,暂无价格,其他公司成交,2017-07
西山枫林三期,2017.07 , , , , , , , , ,3室1厅1厨1卫,高楼层,10,107,平层,暂无数据,板楼,南 北,2006,其他,钢混结构,集中供暖,一梯两户,70年,有,BJ0002978463,一类经济适用房,2017-08-16,普通住宅,暂无数据,暂无数据,暂无价格,其他公司成交,2017-07
西山枫林一二期,2017.07 , , , , , , , , ,3室2厅1厨2卫,底层,10,119.7,平层,101.45,板楼,南 北,2004,精装,钢混结构,集中供暖,一梯两户,70年,有,101100841561,商品房,2016-11-13,普通住宅,暂无数据,非共有,暂无价格,其他公司成交,2017-07
模式口西里,2017.07 , , , , , , , , ,2室1厅1厨1卫,中楼层,6,61.6,暂无数据,暂无数据,板楼,南 北,1987,精装,钢混结构,集中供暖,一梯三户,70年,无,101101529266,已购公房,2017-04-29,普通住宅,满五年,非共有,暂无价格,其他公司成交,2017-07
融景城,2017.07 , , , , , , , , ,2室1厅1厨1卫,中楼层,26,88.07,暂无数据,70.88,板塔结合,南,未知,精装,钢混结构,集中供暖,两梯四户,70年,有,101101684279,商品房,2017-06-10,普通住宅,满两年,非共有,暂无价格,其他公司成交,2017-07,330,37620,2013-09-25
融景城,2017.07 , , , , , , , , ,2室1厅1厨1卫,中楼层,24,90,平层,暂无数据,板塔结合,南,2012,其他,钢混结构,集中供暖,两梯四户,70年,有,BJ0002976746,商品房,2017-08-16,普通住宅,暂无数据,暂无数据,暂无价格,其他公司成交,2017-07,311,35086,2015-04-26
六合园,2017.07 , , , , , , , , ,2室1厅1厨1卫,中楼层,22,75.2,暂无数据,暂无数据,塔楼,暂无数据,1995,其他,钢混结构,集中供暖,两梯八户,70年,有,BJ0002981456,商品房,2017-08-17,普通住宅,暂无数据,暂无数据,暂无价格,其他公司成交,2017-07
八角中里,2017.07 , , , , , , , , ,2室1厅1厨1卫,底层,6,55.08,平层,暂无数据,板楼,南 北,1986,其他,混合结构,集中供暖,一梯三户,70年,无,BJ0002978599,已购公房,2017-08-16,普通住宅,暂无数据,暂无数据,暂无价格,其他公司成交,2017-07
八角北里,2017.07 , , , , , , , , ,2室1厅1厨1卫,低楼层,16,65.6,平层,暂无数据,塔楼,南 北,1988,其他,钢混结构,集中供暖,两梯七户,70年,有,BJ0002973120,已购公房,2017-08-15,普通住宅,暂无数据,暂无数据,暂无价格,其他公司成交,2017-07
八角路小区,2017.07 , , , , , , , , ,2室1厅1厨1卫,顶层,5,32.82,暂无数据,24.62,板楼,南,1971,毛坯,砖混结构,集中供暖,一梯四户,70年,无,101101614695,已购公房,2017-05-24,普通住宅,满两年,共有,暂无价格,其他公司成交,2017-07
依翠园,2017.07 , , , , , , , , ,3室1厅1厨1卫,中楼层,6,93.9,平层,暂无数据,板楼,南 北,1995,其他,混合结构,集中供暖,一梯两户,70年,无,BJ0002973926,商品房,2017-08-15,普通住宅,暂无数据,暂无数据,暂无价格,其他公司成交,2017-07
远洋山水,2017.07 , , , , , , , , ,2室2厅1厨2卫,中楼层,26,114.93,平层,暂无数据,板塔结合,东 南,2007,其他,钢混结构,集中供暖,两梯四户,70年,有,101085876175,商品房,2013-05-12,普通住宅,满两年,暂无数据,暂无价格,其他公司成交,2017-07
远洋山水,2017.07 , , , , , , , , ,2室1厅1厨1卫,高楼层,27,105.09,暂无数据,84.2,塔楼,东,2007,精装,钢混结构,集中供暖,三梯九户,70年,有,101101803749,商品房,2017-07-11,普通住宅,满五年,非共有,暂无价格,其他公司成交,2017-07
