城区,区域,关注,带看,挂牌价,单价,小区,房屋户型,所在楼层,建筑面积,户型结构,套内面积,建筑类型,房屋朝向,建筑结构,装修情况,梯户比例,供暖方式,配备电梯,产权年限,用水类型,用电类型,燃气价格,挂牌时间,交易属性,上次交易,房屋用途,房屋年限,产权所属,抵押信心,房本备件,近七天带看,地铁
海淀,上地,46,27,780,130872元/平米,上地东里,2室1厅1厨1卫,底层 (共6层),59.6㎡,暂无数据,暂无数据,板楼,南 北,混合结构,精装,一梯两户,集中供暖,无,70年,null,null,null,2017-08-20,商品房,2010-09-25,普通住宅,满五年,非共有,无抵押,已上传房本照片,12,null
海淀,上地,127,69,720,73484元/平米,当代城市家园,2室1厅1厨1卫,低楼层 (共12层),97.98㎡,暂无数据,77.87㎡,板塔结合,南 北,钢混结构,精装,两梯十二户,自供暖,有,70年,null,null,null,2017-06-24,私产,2005-05-24,普通住宅,满五年,非共有,无抵押,已上传房本照片,11,null
海淀,上地,91,48,830,72212元/平米,当代城市家园,2室2厅1厨2卫,中楼层 (共11层),114.94㎡,暂无数据,98.42㎡,板楼,南 北,钢混结构,精装,一梯两户,自供暖,有,70年,null,null,null,2017-07-24,商品房,2009-04-08,普通住宅,满五年,非共有,有抵押 400万元,已上传房本照片,4,null
海淀,上地,123,160,1200,95155元/平米,上地东里,3室1厅1厨2卫,中楼层 (共6层),126.11㎡,平层,126.11㎡,板楼,南 北,混合结构,其他,一梯两户,集中供暖,无,70年,null,null,null,2017-04-14,商品房,2000-10-23,普通住宅,满五年,非共有,暂无数据,已上传房本照片,3,null
海淀,上地,133,201,850,120277元/平米,上地东里,3室1厅1厨1卫,底层 (共6层),70.67㎡,暂无数据,暂无数据,板楼,南 北,混合结构,精装,一梯三户,集中供暖,无,70年,null,null,null,2017-05-07,商品房,2016-03-30,普通住宅,暂无数据,非共有,无抵押,已上传房本照片,11,null
海淀,上地,14,5,1300,89513元/平米,上地佳园,3室2厅1厨2卫,底层 (共11层),145.23㎡,平层,121.15㎡,板楼,南 北,钢混结构,精装,一梯两户,集中供暖,有,70年,null,null,null,2017-09-06,私产,2007-06-21,普通住宅,满五年,非共有,有抵押 110万元 北京银行 客户偿还,已上传房本照片,5,null
海淀,上地,30,114,870,120332元/平米,上地东里,3室1厅1厨1卫,低楼层 (共6层),72.3㎡,平层,暂无数据,板楼,南 北,混合结构,精装,一梯三户,集中供暖,无,70年,null,null,null,2017-07-03,私产,2001-03-10,普通住宅,满五年,非共有,无抵押,已上传房本照片,18,null
海淀,上地,31,131,665,146154元/平米,上地东里,1室1厅1厨1卫,高楼层 (共6层),45.5㎡,平层,35㎡,板楼,东,混合结构,简装,一梯四户,集中供暖,无,70年,null,null,null,2017-06-17,商品房,2011-06-23,普通住宅,满五年,非共有,无抵押,已上传房本照片,7,null
海淀,上地,81,27,1100,57673元/平米,当代城市家园,5室2厅1厨4卫,高楼层 (共6层),190.73㎡,复式,173.67㎡,板楼,南 北,钢混结构,简装,一梯两户,自供暖,无,70年,null,null,null,2017-02-21,商品房,2005-07-19,普通住宅,满五年,非共有,无抵押,已上传房本照片,3,null
海淀,上地,20,3,1200,64426元/平米,当代城市家园,4室2厅1厨3卫,高楼层 (共6层),186.26㎡,暂无数据,170.49㎡,板楼,南 北,钢混结构,精装,一梯两户,自供暖,无,70年,null,null,null,2017-09-07,私产,2005-07-29,普通住宅,满五年,非共有,无抵押,已上传房本照片,3,null
海淀,上地,22,26,820,101185元/平米,上地东里,2室1厅1厨1卫,低楼层 (共6层),81.04㎡,暂无数据,81.04㎡,塔楼,西 北,混合结构,简装,一梯四户,集中供暖,无,70年,null,null,null,2017-09-02,私产,1998-09-24,普通住宅,满五年,非共有,暂无数据,已上传房本照片,15,null
海淀,上地,24,1,1850,71633元/平米,上地西里,6室2厅1厨3卫,顶层 (共6层),258.26㎡,暂无数据,暂无数据,板楼,南 北,混合结构,简装,一梯两户,集中供暖,无,70年,null,null,null,2017-08-21,私产,2002-07-23,普通住宅,满五年,非共有,无抵押,已上传房本照片,0,null
海淀,上地,151,64,615,72217元/平米,怡美家园,2室1厅1厨1卫,低楼层 (共18层),85.16㎡,暂无数据,85.16㎡,板楼,东南,钢混结构,简装,两梯三户,自供暖,有,70年,null,null,null,2017-05-06,商品房,2015-12-25,普通住宅,暂无数据,共有,无抵押,已上传房本照片,0,null
海淀,上地,65,192,850,121083元/平米,上地东里,2室1厅1厨1卫,中楼层 (共6层),70.2㎡,平层,暂无数据,板楼,南 北,混合结构,其他,一梯三户,集中供暖,无,70年,null,null,null,2017-05-19,私产,2007-09-03,普通住宅,满五年,非共有,暂无数据,已上传房本照片,6,null
海淀,上地,58,133,700,89537元/平米,上地南路6号院,2室1厅1厨1卫,顶层 (共7层),78.18㎡,暂无数据,78㎡,板楼,东 西,混合结构,简装,一梯三户,集中供暖,无,70年,null,null,null,2017-03-18,私产,2002-06-18,普通住宅,满五年,非共有,无抵押,已上传房本照片,3,null
海淀,上地,86,35,1136,79876元/平米,怡美家园,3室2厅1厨2卫,底层 (共9层),142.22㎡,暂无数据,暂无数据,板楼,南 北,钢混结构,简装,一梯两户,自供暖,有,70年,null,null,null,2017-07-01,商品房,2013-01-16,普通住宅,满两年,非共有,无抵押,已上传房本照片,1,null
海淀,上地,125,63,1230,83159元/平米,上地东里,3室2厅1厨2卫,底层 (共5层),147.91㎡,平层,暂无数据,板楼,南 北,混合结构,其他,一梯两户,集中供暖,无,70年,null,null,null,2017-04-18,私产,2002-05-15,普通住宅,满五年,非共有,暂无数据,已上传房本照片,4,null
海淀,上地,14,1,480,87384元/平米,当代城市家园,1室0厅1厨1卫,高楼层 (共12层),54.93㎡,暂无数据,43.46㎡,板塔结合,南,钢混结构,精装,两梯十二户,自供暖,有,70年,null,null,null,2017-08-30,私产,2005-11-24,普通住宅,满五年,非共有,无抵押,已上传房本照片,1,null
海淀,上地,16,8,1150,102222元/平米,上地东里,3室2厅1厨1卫,高楼层 (共6层),112.5㎡,暂无数据,暂无数据,板楼,南 北,混合结构,精装,一梯两户,集中供暖,无,70年,null,null,null,2017-08-30,已购公房,2009-10-10,普通住宅,满五年,非共有,无抵押,已上传房本照片,7,null
海淀,上地,35,9,660,146993元/平米,上地东里,1室1厅1厨1卫,中楼层 (共6层),44.9㎡,暂无数据,暂无数据,板楼,南 北,混合结构,其他,一梯两户,集中供暖,无,70年,null,null,null,2017-08-26,商品房,2004-06-14,普通住宅,满五年,非共有,暂无数据,已上传房本照片,2,null
海淀,上地,18,42,702.6,100000元/平米,枫润家园,1室1厅1厨1卫,低楼层 (共9层),70.26㎡,暂无数据,58.29㎡,板楼,南 北,钢混结构,精装,一梯两户,集中供暖,有,70年,null,null,null,2017-06-21,商品房,2007-06-28,普通住宅,满五年,非共有,无抵押,已上传房本照片,0,null
海淀,上地,108,55,900,122283元/平米,上地东里,3室1厅1厨1卫,中楼层 (共6层),73.6㎡,暂无数据,暂无数据,板楼,南 北,混合结构,其他,一梯两户,集中供暖,无,70年,null,null,null,2017-05-30,商品房,2010-04-12,普通住宅,满五年,非共有,无抵押,已上传房本照片,1,null
海淀,上地,63,71,700,89537元/平米,上地南路6号院,2室1厅1厨1卫,中楼层 (共7层),78.18㎡,暂无数据,65㎡,板楼,东 西,混合结构,简装,一梯三户,集中供暖,无,70年,null,null,null,2017-03-10,商品房,2004-12-02,普通住宅,满五年,非共有,无抵押,已上传房本照片,1,null
海淀,上地,51,7,1599,64931元/平米,上地西里,5室3厅1厨3卫,顶层 (共6层),246.26㎡,暂无数据,暂无数据,板楼,南 北,混合结构,精装,一梯两户,集中供暖,无,70年,null,null,null,2017-06-08,私产,2001-10-15,普通住宅,满五年,非共有,有抵押 912万元 中信银行 客户偿还,已上传房本照片,1,null
海淀,上地,86,23,1420,90938元/平米,上地西里,3室2厅1厨2卫,低楼层 (共6层),156.15㎡,暂无数据,暂无数据,板楼,南 北,混合结构,简装,一梯两户,集中供暖,无,70年,null,null,null,2017-04-21,私产,2000-10-31,普通住宅,满五年,非共有,无抵押,已上传房本照片,1,null
海淀,上地,4,3,529,88997元/平米,尚品公寓,1室1厅1厨1卫,顶层 (共11层),59.44㎡,平层,42.02㎡,塔楼,东,钢混结构,精装,三梯十九户,集中供暖,有,70年,null,null,null,2017-08-30,商品房,2009-08-03,公寓,满五年,非共有,有抵押 20万元 浦发银行 业主自还,已上传房本照片,2,null
海淀,上地,35,27,1120,104089元/平米,上地西里,2室1厅1厨1卫,顶层 (共6层),107.6㎡,暂无数据,暂无数据,板楼,南 北,混合结构,精装,一梯两户,集中供暖,无,70年,null,null,null,2017-06-15,私产,2006-10-26,普通住宅,满五年,非共有,无抵押,已上传房本照片,0,null
海淀,上地,27,24,700,73653元/平米,尚品公寓,2室1厅1厨1卫,中楼层 (共11层),95.04㎡,平层,67.19㎡,塔楼,西北,钢混结构,简装,三梯十九户,集中供暖,有,70年,null,null,null,2017-02-24,商品房,2007-01-29,普通住宅,满五年,非共有,无抵押,已上传房本照片,1,null
海淀,上地,58,31,480,89203元/平米,当代城市家园,1室1厅1厨1卫,中楼层 (共12层),53.81㎡,平层,42.57㎡,板塔结合,北,钢混结构,精装,两梯八户,自供暖,有,70年,null,null,null,2017-05-13,商品房,2012-08-06,普通住宅,满五年,共有,无抵押,已上传房本照片,0,null
海淀,上地,61,42,1650,72751元/平米,上地西里,6室3厅1厨3卫,顶层 (共6层),226.8㎡,暂无数据,暂无数据,板楼,南 北,混合结构,精装,一梯两户,集中供暖,无,70年,null,null,null,2017-02-15,商品房,2013-12-06,普通住宅,满两年,非共有,无抵押,已上传房本照片,0,null
海淀,上地,61,11,790,76255元/平米,上地南路6号院,2室1厅1厨1卫,顶层 (共7层),103.6㎡,暂无数据,103.6㎡,板楼,南 北,混合结构,精装,一梯两户,集中供暖,无,70年,null,null,null,2017-06-18,商品房,2012-05-21,普通住宅,满五年,共有,有抵押 60万元 工商银行 业主自还,已上传房本照片,1,null
海淀,上地,39,64,1400,89657元/平米,上地西里,3室2厅1厨2卫,高楼层 (共6层),156.15㎡,暂无数据,156.15㎡,板楼,南 北,混合结构,其他,一梯两户,集中供暖,无,70年,null,null,null,2017-06-01,商品房,2016-06-22,普通住宅,暂无数据,非共有,无抵押,已上传房本照片,3,null
海淀,上地,51,14,1500,81235元/平米,上地东里,4室2厅1厨2卫,顶层 (共5层),184.65㎡,暂无数据,暂无数据,板楼,南 北,钢混结构,其他,一梯两户,集中供暖,无,70年,null,null,null,2017-07-05,私产,2004-09-22,普通住宅,满五年,非共有,暂无数据,已上传房本照片,1,null
海淀,上地,11,6,810,70656元/平米,当代城市家园,2室2厅1厨2卫,中楼层 (共11层),114.64㎡,暂无数据,98.17㎡,板楼,南 北,钢混结构,简装,一梯两户,自供暖,有,70年,null,null,null,2017-08-15,商品房,2009-03-27,普通住宅,满五年,非共有,无抵押,已上传房本照片,2,null
海淀,上地,28,64,800,134454元/平米,上地东里,2室1厅1厨1卫,中楼层 (共6层),59.5㎡,暂无数据,暂无数据,板楼,南 北,混合结构,简装,一梯两户,集中供暖,无,70年,null,null,null,2017-05-06,已购公房,2004-02-11,普通住宅,满五年,非共有,无抵押,已上传房本照片,0,null
海淀,上地,12,0,468,80927元/平米,当代城市家园,1室0厅1厨1卫,低楼层 (共12层),57.83㎡,平层,45.75㎡,板塔结合,南,钢混结构,精装,两梯八户,自供暖,有,70年,null,null,null,2017-08-26,私产,2005-10-13,普通住宅,满五年,非共有,无抵押,已上传房本照片,0,null
海淀,上地,38,10,1598,74848元/平米,上地西里,5室3厅1厨3卫,顶层 (共6层),213.5㎡,暂无数据,暂无数据,板楼,南 北,混合结构,其他,一梯两户,集中供暖,无,70年,null,null,null,2017-06-20,私产,2002-02-26,普通住宅,满五年,共有,无抵押,已上传房本照片,1,null
海淀,上地,55,26,1300,78917元/平米,上地东里,3室3厅1厨3卫,顶层 (共5层),164.73㎡,暂无数据,暂无数据,板楼,南 北,混合结构,其他,一梯两户,集中供暖,无,70年,null,null,null,2017-06-17,已购公房,2017-06-08,普通住宅,暂无数据,共有,无抵押,已上传房本照片,9,null
海淀,上地,96,83,900,122117元/平米,上地东里,3室1厅1厨1卫,高楼层 (共6层),73.7㎡,暂无数据,68㎡,板楼,南 北,混合结构,其他,一梯两户,集中供暖,无,70年,null,null,null,2017-05-05,商品房,2010-06-24,普通住宅,满五年,非共有,暂无数据,已上传房本照片,0,null
海淀,上地,6,5,750,65894元/平米,上第MOMA,2室1厅1厨1卫,底层 (共9层),113.82㎡,平层,93.08㎡,板塔结合,南 北,钢混结构,其他,一梯两户,集中供暖,有,70年,null,null,null,2017-08-25,商品房,2010-10-13,普通住宅,满五年,非共有,暂无数据,已上传房本照片,1,null
海淀,上地,10,0,430,27857元/平米,上地国际创业园,4房间1卫,高楼层 (共26层),154.36㎡,平层,120.16㎡,塔楼,东南,钢混结构,简装,两梯五户,自供暖,有,40年,民水,商电,2.28元/m3,2017-09-04,商品房,2014-05-26,商业办公类,满两年,非共有,无抵押,已上传房本照片,0,null
海淀,上地,103,15,480,83002元/平米,当代城市家园,1室0厅1厨1卫,中楼层 (共12层),57.83㎡,平层,45.75㎡,板塔结合,南,钢混结构,精装,两梯十二户,自供暖,有,70年,null,null,null,2017-03-08,商品房,2011-07-18,普通住宅,满五年,非共有,暂无数据,已上传房本照片,0,null
海淀,上地,128,56,750,117371元/平米,上地东里,2室1厅1厨1卫,中楼层 (共6层),63.9㎡,暂无数据,暂无数据,板塔结合,北,混合结构,精装,一梯三十户,集中供暖,无,70年,null,null,null,2017-04-03,商品房,2014-07-29,普通住宅,满两年,非共有,无抵押,已上传房本照片,1,null
海淀,上地,40,15,920,114428元/平米,上地东里,3室1厅1厨1卫,高楼层 (共6层),80.4㎡,平层,暂无数据,板楼,东 南,混合结构,精装,一梯四户,集中供暖,无,70年,null,null,null,2017-08-13,商品房,2017-03-10,普通住宅,暂无数据,非共有,无抵押,已上传房本照片,0,null
海淀,上地,172,56,900,74540元/平米,上地佳园,4房间2卫,低楼层 (共15层),120.74㎡,暂无数据,102.15㎡,板塔结合,东 南,钢混结构,简装,两梯四户,集中供暖,有,50年,民水,民电,2.28元/m3,2017-03-08,商品房,2006-02-23,商业办公类,满五年,非共有,无抵押,已上传房本照片,1,null
海淀,上地,41,14,900,96411元/平米,上地东里,2室2厅1厨1卫,底层 (共6层),93.35㎡,暂无数据,暂无数据,板楼,东 西,混合结构,其他,一梯两户,集中供暖,无,70年,null,null,null,2017-06-29,私产,2006-12-26,普通住宅,满五年,非共有,暂无数据,已上传房本照片,4,null
海淀,上地,33,0,1040,71942元/平米,上第MOMA,3室2厅1厨2卫,高楼层 (共8层),144.56㎡,暂无数据,118.12㎡,板塔结合,南 北,钢混结构,精装,一梯两户,集中供暖,有,70年,null,null,null,2017-07-17,商品房,2009-10-20,普通住宅,满五年,非共有,有抵押 40万元 中国银行 客户偿还,已上传房本照片,0,null
海淀,上地,58,8,780,97087元/平米,上地东里,2室1厅1厨1卫,高楼层 (共10层),80.34㎡,暂无数据,80.34㎡,板楼,东 西,钢混结构,其他,一梯两户,集中供暖,有,70年,null,null,null,2017-07-08,商品房,2009-03-13,普通住宅,满五年,非共有,暂无数据,已上传房本照片,3,null
海淀,上地,54,56,800,130208元/平米,上地东里,2室1厅1厨1卫,中楼层 (共6层),61.44㎡,暂无数据,暂无数据,板楼,南 北,钢混结构,其他,一梯两户,集中供暖,无,70年,null,null,null,2017-05-11,私产,1998-08-06,普通住宅,满五年,非共有,暂无数据,已上传房本照片,1,null
海淀,上地,38,13,410,88668元/平米,当代城市家园,1室0厅1厨1卫,高楼层 (共12层),46.24㎡,平层,45.75㎡,板塔结合,南,钢混结构,其他,两梯十二户,自供暖,有,70年,null,null,null,2017-05-23,私产,2006-04-10,普通住宅,满五年,非共有,暂无数据,已上传房本照片,0,null
海淀,上地,62,14,740,88127元/平米,当代城市家园,2室2厅1厨1卫,高楼层 (共6层),83.97㎡,暂无数据,76.9㎡,板楼,南 北,钢混结构,其他,一梯两户,自供暖,无,70年,null,null,null,2017-06-28,商品房,2015-03-25,普通住宅,满两年,非共有,暂无数据,已上传房本照片,2,null
海淀,上地,19,12,1400,94378元/平米,上地东里,3室2厅1厨2卫,中楼层 (共5层),148.34㎡,暂无数据,暂无数据,板楼,南 北,混合结构,其他,一梯两户,集中供暖,有,70年,null,null,null,2017-07-04,私产,2002-05-15,普通住宅,满五年,非共有,暂无数据,已上传房本照片,0,null
海淀,上地,4,4,850,82046元/平米,上地南路6号院,2室1厅1厨1卫,高楼层 (共7层),103.6㎡,暂无数据,暂无数据,板楼,南 北,混合结构,简装,一梯两户,集中供暖,无,70年,null,null,null,2017-07-04,已购公房,2001-06-07,普通住宅,满五年,非共有,无抵押,已上传房本照片,0,null
海淀,上地,28,75,1700,71414元/平米,锦顺佳园,4室3厅1厨3卫,顶层 (共11层),238.05㎡,暂无数据,205.84㎡,板楼,南 北,钢混结构,简装,一梯两户,集中供暖,有,70年,null,null,null,2017-04-21,商品房,2010-02-02,普通住宅,满五年,非共有,无抵押,已上传房本照片,0,null
海淀,上地,117,156,580,103203元/平米,马连洼1号院,3室1厅1厨1卫,底层 (共5层),56.2㎡,平层,暂无数据,板楼,南 北,混合结构,简装,一梯三户,集中供暖,无,70年,null,null,null,2016-12-05,已购公房,2016-11-28,普通住宅,暂无数据,共有,无抵押,已上传房本照片,0,null
海淀,上地,25,4,470,81273元/平米,当代城市家园,1室1厅1厨1卫,中楼层 (共12层),57.83㎡,平层,45.75㎡,板塔结合,南 北,钢混结构,精装,两梯十二户,自供暖,有,70年,null,null,null,2017-06-24,商品房,2015-06-19,普通住宅,满两年,非共有,无抵押,已上传房本照片,0,null
海淀,上地,31,0,740,89232元/平米,当代城市家园,2室2厅1厨1卫,顶层 (共6层),82.93㎡,暂无数据,75.23㎡,板楼,南 北,钢混结构,精装,一梯两户,自供暖,无,70年,null,null,null,2017-07-22,商品房,2015-06-12,普通住宅,满两年,共有,暂无数据,已上传房本照片,0,null
海淀,上地,39,9,600,68855元/平米,怡美家园,3室1厅1厨1卫,低楼层 (共11层),87.14㎡,平层,暂无数据,板楼,东 西,钢混结构,简装,一梯两户,自供暖,有,70年,null,null,null,2017-06-21,私产,2003-03-20,普通住宅,满五年,非共有,无抵押,已上传房本照片,0,null
海淀,上地,52,6,750,117371元/平米,上地东里,2室1厅1厨1卫,高楼层 (共6层),63.9㎡,暂无数据,暂无数据,板塔结合,南,混合结构,精装,一梯三十户,集中供暖,无,70年,null,null,null,2017-03-30,商品房,2015-03-17,普通住宅,满两年,非共有,有抵押 70万元 中国 客户偿还,已上传房本照片,0,null
海淀,上地,17,1,175,42787元/平米,iMOMA,1房间1卫,低楼层 (共12层),40.9㎡,平层,26.47㎡,板塔结合,西,钢混结构,精装,三梯二十六户,自供暖,有,50年,民水,民电,0元/m3,2017-08-20,商品房,2012-10-12,商业办公类,满两年,非共有,暂无数据,已上传房本照片,0,null
海淀,上地,9,3,226,35440元/平米,辉煌国际,1房间1卫,中楼层 (共23层),63.77㎡,平层,46.06㎡,塔楼,西,钢混结构,精装,三梯十六户,自供暖,有,50年,商水,商电,2.5元/m3,2017-08-12,商品房,2009-10-20,商业办公类,满五年,非共有,无抵押,已上传房本照片,0,null
海淀,上地,7,1,1350,92618元/平米,上地西里,3室2厅1厨2卫,高楼层 (共6层),145.76㎡,暂无数据,134.43㎡,板楼,西南,混合结构,其他,一梯四户,集中供暖,无,70年,null,null,null,2017-08-01,私产,2006-12-31,普通住宅,满五年,非共有,暂无数据,已上传房本照片,0,null
海淀,上地,34,1,200,33306元/平米,辉煌国际,1房间1卫,高楼层 (共19层),60.05㎡,暂无数据,39.58㎡,塔楼,南,钢混结构,精装,三梯二十四户,自供暖,有,50年,商水,商电,0元/m3,2017-07-28,商品房,2010-01-08,商业办公类,满五年,非共有,有抵押 69万元,已上传房本照片,0,null
海淀,上地,36,14,460,84280元/平米,当代城市家园,1室1厅1厨1卫,低楼层 (共12层),54.58㎡,平层,43.38㎡,板塔结合,北,钢混结构,简装,两梯十二户,自供暖,有,70年,null,null,null,2017-06-25,商品房,2014-12-17,普通住宅,满两年,非共有,无抵押,已上传房本照片,2,null
海淀,上地,17,3,980,67619元/平米,上第MOMA,3室2厅1厨2卫,低楼层 (共9层),144.93㎡,暂无数据,118.12㎡,板塔结合,南 北,钢混结构,其他,一梯两户,集中供暖,有,70年,null,null,null,2017-08-13,商品房,2015-10-10,普通住宅,暂无数据,非共有,暂无数据,已上传房本照片,3,null
海淀,上地,15,17,1100,77394元/平米,上地东里,4室2厅1厨2卫,顶层 (共6层),142.13㎡,暂无数据,暂无数据,塔楼,南 西,混合结构,简装,一梯四户,集中供暖,无,70年,null,null,null,2017-07-18,商品房,2012-11-07,普通住宅,满两年,共有,无抵押,已上传房本照片,1,null
海淀,上地,8,1,215,31060元/平米,辉煌国际,1房间1卫,高楼层 (共20层),69.22㎡,平层,50.76㎡,塔楼,西 北,钢混结构,简装,三梯二十户,自供暖,有,50年,商水,商电,2.5元/m3,2017-08-29,商品房,2015-11-10,商业办公类,暂无数据,非共有,无抵押,已上传房本照片,1,null
海淀,上地,20,2,160,36875元/平米,辉煌国际,1房间1卫,高楼层 (共19层),43.39㎡,暂无数据,28.6㎡,塔楼,北,钢混结构,简装,三梯二十四户,自供暖,有,50年,商水,商电,0元/m3,2017-07-27,商品房,2012-10-31,商业办公类,满两年,非共有,无抵押,已上传房本照片,0,null
海淀,上地,26,1,160,34737元/平米,辉煌国际,1房间1卫,中楼层 (共23层),46.06㎡,暂无数据,33.27㎡,塔楼,南,钢混结构,精装,三梯十六户,自供暖,有,50年,商水,商电,2.5元/m3,2017-08-10,商品房,2010-02-20,商业办公类,满五年,非共有,无抵押,已上传房本照片,0,null
海淀,上地,34,5,450,78166元/平米,当代城市家园,1室0厅1厨1卫,中楼层 (共12层),57.57㎡,平层,45.75㎡,板塔结合,南,钢混结构,简装,两梯十二户,自供暖,有,70年,null,null,null,2017-07-19,商品房,2015-09-15,普通住宅,暂无数据,非共有,有抵押 150万元 工商银行 业主自还,已上传房本照片,0,null
海淀,上地,11,3,207,35987元/平米,辉煌国际,1房间1卫,高楼层 (共20层),57.52㎡,暂无数据,42.18㎡,塔楼,北,钢混结构,简装,三梯二十户,自供暖,有,50年,商水,商电,2.5元/m3,2017-08-15,商品房,2016-12-27,商业办公类,暂无数据,非共有,无抵押,已上传房本照片,0,null
海淀,上地,227,82,410,93907元/平米,当代城市家园,1室1厅1厨1卫,顶层 (共12层),43.66㎡,平层,34.54㎡,板塔结合,南 西 北,钢混结构,精装,两梯九户,自供暖,有,70年,null,null,null,2017-02-06,商品房,2016-10-27,普通住宅,暂无数据,非共有,无抵押,已上传房本照片,0,null
海淀,上地,7,5,870,92899元/平米,枫润家园,2室1厅1厨1卫,中楼层 (共6层),93.65㎡,暂无数据,78.92㎡,板楼,南 北,钢混结构,简装,一梯两户,集中供暖,有,70年,null,null,null,2017-08-07,商品房,2016-01-25,普通住宅,暂无数据,非共有,有抵押 80万元 光大银行 业主自还,已上传房本照片,0,null
海淀,上地,27,0,200,44583元/平米,宜品上层,1房间1卫,高楼层 (共9层),44.86㎡,暂无数据,32.51㎡,板塔结合,北,钢混结构,精装,两梯十六户,集中供暖,有,40年,民水,商电,0元/m3,2017-08-07,商品房,2013-07-22,商业办公类,满两年,非共有,无抵押,已上传房本照片,0,null
海淀,上地,37,5,200,31075元/平米,辉煌国际,2房间1卫,低楼层 (共23层),64.36㎡,暂无数据,46.49㎡,塔楼,南,钢混结构,精装,三梯十六户,自供暖,有,50年,商水,商电,2.5元/m3,2017-07-28,商品房,2017-01-13,商业办公类,暂无数据,非共有,无抵押,已上传房本照片,0,null
海淀,上地,3,0,693,35046元/平米,上地国际创业园,5房间2卫,低楼层 (共26层),197.74㎡,暂无数据,153.93㎡,塔楼,南 北,钢混结构,精装,两梯五户,自供暖,有,40年,民水,商电,2.28元/m3,2017-08-02,私产,2002-12-26,商业办公类,满五年,非共有,有抵押 260万元 工商银行 业主自还,已上传房本照片,0,null
海淀,上地,12,1,800,127694元/平米,上地东里,2室1厅1厨1卫,高楼层 (共6层),62.65㎡,平层,暂无数据,板楼,南 北,混合结构,简装,一梯三户,集中供暖,无,70年,null,null,null,2017-08-19,私产,2000-06-06,普通住宅,满五年,非共有,无抵押,已上传房本照片,1,null
海淀,上地,67,2,190,29795元/平米,辉煌国际,1房间1卫,中楼层 (共23层),63.77㎡,暂无数据,46.06㎡,塔楼,北,钢混结构,简装,三梯十六户,自供暖,有,50年,商水,商电,2.5元/m3,2017-07-27,商品房,2017-01-06,商业办公类,暂无数据,非共有,无抵押,已上传房本照片,0,null
海淀,上地,22,3,220,55346元/平米,辉煌国际,2房间1卫,高楼层 (共20层),39.75㎡,暂无数据,29.15㎡,塔楼,南,钢混结构,精装,三梯二十户,自供暖,有,50年,商水,商电,2.5元/m3,2017-07-27,商品房,2009-11-16,商业办公类,满五年,共有,有抵押 15万元 业主自还,已上传房本照片,1,null
海淀,上地,2,2,280,43908元/平米,辉煌国际,2房间1卫,顶层 (共23层),63.77㎡,暂无数据,46.06㎡,塔楼,南 北,钢混结构,精装,三梯十六户,自供暖,有,50年,商水,商电,2.5元/m3,2017-07-27,商品房,2009-09-17,商业办公类,满五年,非共有,无抵押,已上传房本照片,0,null
海淀,上地,1,0,130,34382元/平米,辉煌国际,1房间1卫,地下室 (共4层),37.81㎡,暂无数据,23.2㎡,塔楼,西,钢混结构,简装,两梯一百零六户,自供暖,有,50年,商水,商电,0元/m3,2017-08-05,商品房,2009-11-07,商业办公类,满五年,非共有,无抵押,已上传房本照片,0,null
海淀,上地,2,13,1260,98261元/平米,上地东里,3室1厅1厨2卫,中楼层 (共5层),128.23㎡,平层,暂无数据,板楼,东 南 北,钢混结构,精装,一梯两户,集中供暖,无,70年,null,null,null,2017-08-11,私产,2004-06-11,普通住宅,满五年,共有,无抵押,已上传房本照片,2,null
海淀,上地,118,2,390,88056元/平米,当代城市家园,1室0厅1厨1卫,顶层 (共12层),44.29㎡,平层,35.2㎡,板塔结合,南,钢混结构,其他,两梯九户,自供暖,有,70年,null,null,null,2016-12-31,私产,2006-12-29,普通住宅,满五年,非共有,暂无数据,已上传房本照片,0,null
