城区,区域,关注,带看,挂牌价,单价,小区,房屋户型,所在楼层,建筑面积,户型结构,套内面积,建筑类型,房屋朝向,建筑结构,装修情况,梯户比例,供暖方式,配备电梯,产权年限,用水类型,用电类型,燃气价格,挂牌时间,交易属性,上次交易,房屋用途,房屋年限,产权所属,抵押信心,房本备件,近七天带看,地铁
海淀,万寿路,57,61,700,97765元/平米,西翠路12号院,3室1厅1厨1卫,中楼层 (共18层),71.6㎡,暂无数据,暂无数据,塔楼,东北,钢混结构,简装,两梯七户,集中供暖,有,70年,null,null,null,2017-07-29,已购公房,1999-05-24,普通住宅,满五年,非共有,无抵押,已上传房本照片,10,距离1号线万寿路站520米
海淀,万寿路,137,91,850,114865元/平米,万寿路甲15号院五区,2室1厅1厨1卫,中楼层 (共14层),74㎡,平层,暂无数据,板楼,南 北,钢混结构,精装,两梯两户,集中供暖,有,70年,null,null,null,2017-05-16,私产,2007-12-05,普通住宅,满五年,非共有,无抵押,已上传房本照片,0,null
海淀,万寿路,20,7,890,109471元/平米,万寿路甲15号院五区,2室1厅1厨1卫,中楼层 (共16层),81.3㎡,暂无数据,53.2㎡,塔楼,西南,钢混结构,简装,两梯八户,集中供暖,有,70年,null,null,null,2017-09-05,已购公房,2003-02-27,普通住宅,满五年,非共有,无抵押,已上传房本照片,7,null
海淀,万寿路,190,85,462,83620元/平米,万寿路1号院,2室1厅1厨1卫,中楼层 (共5层),55.25㎡,暂无数据,39.15㎡,板楼,南,混合结构,其他,一梯三户,集中供暖,无,70年,null,null,null,2017-05-16,已购公房,2008-01-08,普通住宅,满五年,非共有,无抵押,已上传房本照片,0,null
海淀,万寿路,9,7,503,124814元/平米,复兴路61号院,1室1厅1厨1卫,中楼层 (共5层),40.3㎡,暂无数据,27.2㎡,板楼,南,混合结构,简装,一梯三户,集中供暖,无,70年,null,null,null,2017-08-21,商品房,2013-07-30,普通住宅,满两年,非共有,暂无数据,已上传房本照片,1,null
海淀,万寿路,18,9,516,129942元/平米,复兴路乙59号,1室1厅1厨1卫,中楼层 (共12层),39.71㎡,暂无数据,暂无数据,板塔结合,东,钢混结构,精装,两梯六户,集中供暖,有,70年,null,null,null,2017-08-20,商品房,2014-10-17,普通住宅,满两年,非共有,无抵押,已上传房本照片,3,null
海淀,万寿路,33,10,1103,119891元/平米,万寿路甲15号院五区,3室1厅1厨2卫,低楼层 (共17层),92㎡,暂无数据,65.8㎡,塔楼,东 南 北,钢混结构,简装,两梯八户,集中供暖,有,70年,null,null,null,2017-08-30,已购公房,2003-08-12,普通住宅,满五年,非共有,无抵押,已上传房本照片,9,null
海淀,万寿路,47,66,554,89848元/平米,万寿路1号院,2室1厅1厨1卫,中楼层 (共5层),61.66㎡,暂无数据,43.53㎡,板楼,南 北,混合结构,精装,一梯三户,集中供暖,无,70年,null,null,null,2017-06-27,商品房,2014-06-16,普通住宅,满两年,非共有,无抵押,已上传房本照片,8,null
海淀,万寿路,106,20,1780,99553元/平米,万寿园,4室2厅1厨2卫,低楼层 (共19层),178.8㎡,平层,暂无数据,板塔结合,东南 南 北,钢混结构,精装,一梯两户,集中供暖,无,70年,null,null,null,2017-05-29,央产房,2006-09-05,普通住宅,满五年,非共有,无抵押,已上传房本照片,0,null
海淀,万寿路,104,27,899,113942元/平米,复兴路61号院,3室1厅1厨1卫,中楼层 (共5层),78.9㎡,暂无数据,55㎡,板楼,南 北,砖混结构,精装,一梯两户,集中供暖,无,70年,null,null,null,2017-04-18,商品房,2005-01-06,普通住宅,满五年,非共有,无抵押,已上传房本照片,1,null
海淀,万寿路,59,20,870,105839元/平米,万寿路甲15号院五区,2室1厅1厨1卫,中楼层 (共18层),82.2㎡,暂无数据,暂无数据,塔楼,东,钢混结构,精装,两梯八户,集中供暖,有,70年,null,null,null,2017-07-03,央产房,2016-02-25,普通住宅,暂无数据,非共有,无抵押,已上传房本照片,5,null
海淀,万寿路,35,19,676,104969元/平米,西翠路12号院,2室1厅1厨1卫,中楼层 (共18层),64.4㎡,暂无数据,64㎡,塔楼,南 北,钢混结构,简装,两梯七户,集中供暖,有,70年,null,null,null,2017-07-26,商品房,2012-03-08,普通住宅,满五年,非共有,无抵押,已上传房本照片,3,null
海淀,万寿路,46,41,690,105472元/平米,复兴路61号院,2室1厅1厨1卫,顶层 (共5层),65.42㎡,暂无数据,43.73㎡,板楼,南 北,混合结构,简装,一梯三户,集中供暖,无,70年,null,null,null,2017-07-08,央产房,2000-11-23,普通住宅,满五年,非共有,无抵押,已上传房本照片,0,null
海淀,万寿路,17,11,1182,109933元/平米,朱各庄12号院,3室1厅1厨1卫,高楼层 (共18层),107.52㎡,暂无数据,暂无数据,板楼,东 西,钢混结构,精装,一梯十户,集中供暖,暂无数据,70年,null,null,null,2017-03-25,已购公房,2005-10-14,普通住宅,满五年,非共有,无抵押,已上传房本照片,0,null
海淀,万寿路,23,8,1247,109984元/平米,朱各庄12号院,3室1厅1厨2卫,高楼层 (共18层),113.38㎡,平层,暂无数据,板楼,东南,钢混结构,简装,一梯十户,集中供暖,暂无数据,70年,null,null,null,2017-05-17,已购公房,2008-06-24,普通住宅,满五年,非共有,无抵押,已上传房本照片,0,null
海淀,万寿路,19,1,930,108467元/平米,复兴路61号院,3室1厅1厨1卫,底层 (共6层),85.74㎡,暂无数据,55㎡,板楼,东 西,混合结构,其他,一梯两户,集中供暖,无,70年,null,null,null,2017-09-06,商品房,2009-05-21,普通住宅,满五年,共有,暂无数据,已上传房本照片,1,null
海淀,万寿路,54,7,900,110974元/平米,万寿路甲15号院五区,2室1厅1厨1卫,低楼层 (共18层),81.1㎡,暂无数据,53.2㎡,塔楼,西南,钢混结构,简装,两梯八户,集中供暖,有,70年,null,null,null,2017-06-09,已购公房,2003-02-27,普通住宅,满五年,非共有,无抵押,已上传房本照片,1,null
海淀,万寿路,26,26,623,114945元/平米,万寿路西街9号,2室1厅1厨1卫,高楼层 (共6层),54.2㎡,暂无数据,暂无数据,板楼,南 北,混合结构,简装,一梯两户,集中供暖,无,70年,null,null,null,2017-07-25,已购公房,2017-06-07,普通住宅,暂无数据,非共有,无抵押,已上传房本照片,9,null
海淀,万寿路,14,3,866,111325元/平米,复兴路61号院,3室1厅1厨1卫,顶层 (共5层),77.79㎡,暂无数据,53.49㎡,板楼,南 北,混合结构,精装,一梯三户,集中供暖,无,70年,null,null,null,2017-08-17,央产房,2006-10-31,普通住宅,满五年,非共有,无抵押,已上传房本照片,2,null
海淀,万寿路,28,2,1080,112853元/平米,万寿路甲15号院五区,3室1厅1厨2卫,中楼层 (共18层),95.7㎡,暂无数据,66.4㎡,塔楼,东南 北,钢混结构,简装,两梯八户,集中供暖,有,70年,null,null,null,2017-08-18,商品房,2015-08-26,普通住宅,满两年,非共有,有抵押,已上传房本照片,0,null
海淀,万寿路,27,8,1650,98578元/平米,万寿路西街9号,3室2厅1厨2卫,顶层 (共5层),167.38㎡,暂无数据,暂无数据,板楼,南 北,混合结构,简装,一梯两户,集中供暖,无,70年,null,null,null,2017-08-16,央产房,2015-11-25,普通住宅,暂无数据,非共有,无抵押,已上传房本照片,3,null
海淀,万寿路,40,5,616,114775元/平米,复兴路61号院,2室1厅1厨1卫,底层 (共5层),53.67㎡,暂无数据,暂无数据,板楼,南 北,混合结构,简装,一梯三户,集中供暖,无,70年,null,null,null,2017-04-22,央产房,2002-01-30,普通住宅,满五年,非共有,无抵押,已上传房本照片,1,null
海淀,万寿路,62,5,500,123457元/平米,复兴路61号院,1室1厅1厨1卫,顶层 (共6层),40.5㎡,暂无数据,暂无数据,板楼,南,混合结构,简装,一梯三户,集中供暖,无,70年,null,null,null,2017-04-28,商品房,2012-07-25,普通住宅,满五年,非共有,无抵押,已上传房本照片,0,null
海淀,万寿路,46,18,880,116804元/平米,万寿路西街5号院,2室1厅1厨1卫,低楼层 (共19层),75.34㎡,暂无数据,暂无数据,板塔结合,东南,钢混结构,简装,一梯七户,集中供暖,暂无数据,70年,null,null,null,2017-08-11,央产房,2016-12-22,普通住宅,暂无数据,共有,无抵押,已上传房本照片,2,null
海淀,万寿路,35,11,512,123136元/平米,复兴路61号院,1室1厅1厨1卫,中楼层 (共6层),41.58㎡,暂无数据,27.75㎡,板楼,东,混合结构,精装,一梯三户,集中供暖,无,70年,null,null,null,2017-08-05,央产房,2005-06-27,普通住宅,满五年,非共有,无抵押,已上传房本照片,0,null
海淀,万寿路,91,46,860,106568元/平米,复兴路甲65号,3室1厅1厨1卫,中楼层 (共12层),80.7㎡,暂无数据,70㎡,板塔结合,南,钢混结构,其他,两梯十一户,集中供暖,有,70年,null,null,null,2017-04-02,央产房,2015-12-22,普通住宅,暂无数据,非共有,暂无数据,已上传房本照片,3,null
海淀,万寿路,7,16,503,130990元/平米,朱各庄小区,1室1厅1厨1卫,底层 (共6层),38.4㎡,暂无数据,25.8㎡,板楼,南,混合结构,其他,一梯三户,集中供暖,无,70年,null,null,null,2017-05-17,已购公房,2000-07-01,普通住宅,满五年,非共有,暂无数据,已上传房本照片,1,null
海淀,万寿路,34,7,610,105940元/平米,复兴路61号院,2室1厅1厨1卫,中楼层 (共6层),57.58㎡,暂无数据,暂无数据,板楼,东 西,混合结构,简装,一梯两户,集中供暖,无,70年,null,null,null,2017-07-01,央产房,2003-12-17,普通住宅,满五年,非共有,无抵押,已上传房本照片,1,null
海淀,万寿路,53,30,930,102198元/平米,万寿路甲15号院五区,3室1厅1厨2卫,底层 (共18层),91㎡,暂无数据,暂无数据,塔楼,东北,钢混结构,精装,两梯八户,集中供暖,有,70年,null,null,null,2017-07-18,央产房,2017-04-13,普通住宅,暂无数据,非共有,无抵押,已上传房本照片,8,null
海淀,万寿路,20,2,820,112777元/平米,复兴路61号院,3室1厅1厨1卫,高楼层 (共6层),72.71㎡,暂无数据,50㎡,板楼,东 西,混合结构,其他,一梯三户,集中供暖,无,70年,null,null,null,2017-06-20,商品房,2015-04-30,普通住宅,满两年,非共有,暂无数据,已上传房本照片,0,null
海淀,万寿路,17,16,500,130208元/平米,朱各庄小区,2室1厅1厨1卫,中楼层 (共6层),38.4㎡,暂无数据,暂无数据,板楼,南 北,混合结构,毛坯,一梯三户,集中供暖,无,70年,null,null,null,2017-05-29,已购公房,2017-05-09,普通住宅,暂无数据,非共有,无抵押,已上传房本照片,1,null
海淀,万寿路,39,6,589,119959元/平米,万寿路甲15号院四区,1室1厅1厨1卫,低楼层 (共16层),49.1㎡,暂无数据,1㎡,塔楼,南,钢混结构,简装,两梯七户,集中供暖,有,70年,null,null,null,2017-06-03,央产房,2017-05-24,普通住宅,暂无数据,非共有,无抵押,已上传房本照片,0,null
海淀,万寿路,94,23,820,111991元/平米,复兴路61号院,3室1厅1厨1卫,中楼层 (共6层),73.22㎡,暂无数据,暂无数据,板楼,南 北,混合结构,精装,一梯两户,集中供暖,无,70年,null,null,null,2017-02-28,商品房,2014-05-04,普通住宅,满两年,非共有,无抵押,已上传房本照片,0,null
海淀,万寿路,13,5,540,87577元/平米,万寿路1号院,3室0厅1厨1卫,顶层 (共5层),61.66㎡,暂无数据,58㎡,板楼,南 北,混合结构,其他,一梯三户,集中供暖,无,70年,null,null,null,2017-05-18,央产房,2016-04-21,普通住宅,暂无数据,非共有,暂无数据,已上传房本照片,0,null
海淀,万寿路,16,0,748,113678元/平米,复兴路甲65号,2室1厅1厨1卫,高楼层 (共12层),65.8㎡,平层,暂无数据,板塔结合,东 南,钢混结构,其他,两梯十一户,集中供暖,有,70年,null,null,null,2017-03-18,央产房,2006-08-25,普通住宅,满五年,非共有,暂无数据,已上传房本照片,0,null
海淀,万寿路,8,0,720,89888元/平米,万寿路1号院,3室1厅1厨1卫,中楼层 (共5层),80.1㎡,暂无数据,62.2㎡,板楼,南 北,砖混结构,精装,一梯三户,集中供暖,无,70年,null,null,null,2017-09-10,已购公房,2015-08-31,普通住宅,满两年,共有,无抵押,已上传房本照片,0,null
