城区,区域,关注,带看,挂牌价,单价,小区,房屋户型,所在楼层,建筑面积,户型结构,套内面积,建筑类型,房屋朝向,建筑结构,装修情况,梯户比例,供暖方式,配备电梯,产权年限,用水类型,用电类型,燃气价格,挂牌时间,交易属性,上次交易,房屋用途,房屋年限,产权所属,抵押信心,房本备件,近七天带看,地铁
海淀,二里庄,88,97,550,89577元/平米,志新北里,3室1厅1厨1卫,中楼层 (共5层),61.4㎡,暂无数据,52.2㎡,板楼,南 北,混合结构,简装,一梯三户,集中供暖,无,70年,null,null,null,2017-06-07,已购公房,2006-06-14,普通住宅,满五年,非共有,无抵押,已上传房本照片,13,距离15号线六道口站914米
海淀,二里庄,88,64,723.5,94948元/平米,二里庄小区,3室1厅1厨1卫,中楼层 (共6层),76.2㎡,平层,暂无数据,板楼,南 北,混合结构,精装,一梯两户,集中供暖,无,70年,null,null,null,2017-04-20,已购公房,2002-07-01,普通住宅,满五年,非共有,无抵押,已上传房本照片,3,null
海淀,二里庄,22,16,980,84738元/平米,健翔园,3室2厅1厨2卫,中楼层 (共24层),115.65㎡,暂无数据,暂无数据,塔楼,西,钢混结构,简装,两梯八户,集中供暖,有,70年,null,null,null,2017-08-13,商品房,2002-03-29,普通住宅,满五年,非共有,无抵押,已上传房本照片,2,null
海淀,二里庄,17,27,750,107604元/平米,二里庄小区,3室1厅1厨1卫,底层 (共6层),69.7㎡,暂无数据,暂无数据,板楼,南 北,砖混结构,精装,一梯两户,集中供暖,无,70年,null,null,null,2017-08-15,商品房,2015-08-26,普通住宅,满两年,非共有,无抵押,已上传房本照片,5,null
海淀,二里庄,30,91,585,94968元/平米,二里庄小区,2室1厅1厨1卫,中楼层 (共18层),61.6㎡,平层,47.2㎡,塔楼,南,钢混结构,简装,两梯十一户,集中供暖,有,70年,null,null,null,2017-04-28,央产房,2003-06-25,普通住宅,满五年,非共有,无抵押,已上传房本照片,2,null
海淀,二里庄,21,52,560,92869元/平米,志新北里,2室1厅1厨1卫,高楼层 (共6层),60.3㎡,暂无数据,42.4㎡,板楼,南 北,混合结构,简装,一梯三户,集中供暖,无,70年,null,null,null,2017-08-12,已购公房,1998-02-26,普通住宅,满五年,非共有,无抵押,已上传房本照片,12,null
海淀,二里庄,221,145,460,79174元/平米,二里庄北里,2室1厅1厨1卫,底层 (共6层),58.1㎡,暂无数据,40.1㎡,板楼,南 北,混合结构,简装,一梯两户,集中供暖,无,70年,null,null,null,2017-04-30,商品房,2009-11-10,普通住宅,满五年,非共有,暂无数据,已上传房本照片,0,null
海淀,二里庄,46,42,820,94361元/平米,二里庄小区,3室1厅1厨1卫,中楼层 (共18层),86.9㎡,平层,80㎡,塔楼,东南,钢混结构,简装,两梯十一户,集中供暖,有,70年,null,null,null,2017-04-02,已购公房,2000-12-29,普通住宅,满五年,非共有,无抵押,已上传房本照片,10,null
海淀,二里庄,157,254,528,89720元/平米,志新村,2室1厅1厨1卫,高楼层 (共6层),58.85㎡,暂无数据,58㎡,板楼,南 北,混合结构,简装,一梯三户,集中供暖,无,70年,null,null,null,2017-03-31,商品房,2010-09-20,普通住宅,满五年,非共有,无抵押,已上传房本照片,1,null
海淀,二里庄,163,139,510,85113元/平米,志新村,2室1厅1厨1卫,顶层 (共6层),59.92㎡,暂无数据,暂无数据,板楼,南 北,混合结构,其他,一梯三户,集中供暖,无,70年,null,null,null,2017-05-17,商品房,2001-10-18,普通住宅,满五年,非共有,暂无数据,已上传房本照片,2,null
海淀,二里庄,102,78,543,89901元/平米,志新村,2室1厅1厨1卫,顶层 (共6层),60.4㎡,暂无数据,暂无数据,板楼,东 南 北,混合结构,精装,一梯四户,集中供暖,无,70年,null,null,null,2017-04-22,已购公房,1999-01-06,普通住宅,满五年,非共有,无抵押,已上传房本照片,3,null
海淀,二里庄,82,51,600,93313元/平米,志新北里,3室1厅1厨1卫,顶层 (共6层),64.3㎡,暂无数据,暂无数据,板楼,南 北,混合结构,精装,一梯三户,集中供暖,无,70年,null,null,null,2017-05-20,商品房,2009-12-08,普通住宅,满五年,共有,无抵押,已上传房本照片,2,null
海淀,二里庄,25,0,568,90446元/平米,志新村,2室1厅1厨1卫,低楼层 (共6层),62.8㎡,暂无数据,42.9㎡,板楼,东 西 北,混合结构,精装,一梯三户,集中供暖,无,70年,null,null,null,2017-09-06,商品房,2010-11-22,普通住宅,满五年,非共有,有抵押 40万元 工商银行 客户偿还,已上传房本照片,0,null
海淀,二里庄,19,3,580,91339元/平米,石油大院,2室1厅1厨1卫,低楼层 (共16层),63.5㎡,暂无数据,44.9㎡,塔楼,南,钢混结构,精装,两梯九户,集中供暖,有,70年,null,null,null,2017-09-06,已购公房,1994-07-19,普通住宅,满五年,非共有,无抵押,已上传房本照片,3,null
海淀,二里庄,65,175,680,91644元/平米,志新北里,2室1厅1厨1卫,高楼层 (共13层),74.2㎡,平层,暂无数据,板塔结合,东 西,钢混结构,简装,一梯两户,集中供暖,有,70年,null,null,null,2017-02-17,已购公房,2005-12-28,普通住宅,满五年,非共有,无抵押,已上传房本照片,0,null
海淀,二里庄,58,81,1150,83551元/平米,健翔园,3室2厅1厨2卫,低楼层 (共24层),137.64㎡,暂无数据,130㎡,塔楼,东南,钢混结构,精装,两梯八户,集中供暖,有,70年,null,null,null,2017-05-19,私产,2003-11-11,普通住宅,满五年,非共有,无抵押,已上传房本照片,3,null
海淀,二里庄,43,112,549,94868元/平米,二里庄小区,2室1厅1厨1卫,顶层 (共6层),57.87㎡,平层,39.41㎡,板楼,东 南 西,钢混结构,精装,一梯三户,集中供暖,无,70年,null,null,null,2017-03-15,商品房,2014-02-08,普通住宅,满两年,非共有,无抵押,已上传房本照片,1,null
海淀,二里庄,8,2,560,87774元/平米,太极小区,2室1厅1厨1卫,顶层 (共5层),63.8㎡,暂无数据,暂无数据,板楼,南 北,混合结构,简装,一梯三户,集中供暖,无,70年,null,null,null,2017-08-30,央产房,2007-08-16,普通住宅,满五年,非共有,无抵押,已上传房本照片,2,null
海淀,二里庄,42,130,540,87097元/平米,志新村,2室1厅1厨1卫,顶层 (共6层),62㎡,平层,暂无数据,板楼,东 西,混合结构,精装,一梯三户,集中供暖,无,70年,null,null,null,2017-05-05,商品房,2011-09-19,普通住宅,满五年,非共有,无抵押,已上传房本照片,3,null
海淀,二里庄,42,15,810,93501元/平米,石油大院,2室1厅1厨1卫,低楼层 (共16层),86.63㎡,暂无数据,暂无数据,塔楼,南,钢混结构,精装,两梯八户,集中供暖,有,70年,null,null,null,2017-04-25,央产房,2002-06-07,普通住宅,满五年,非共有,无抵押,已上传房本照片,2,null
海淀,二里庄,8,11,592,94872元/平米,二里庄小区,2室1厅1厨1卫,高楼层 (共6层),62.4㎡,平层,43.8㎡,板楼,东 西,混合结构,其他,一梯两户,集中供暖,无,70年,null,null,null,2017-06-01,商品房,2011-11-18,普通住宅,满五年,共有,有抵押 30万元 中国工商银行 业主自还,已上传房本照片,0,null
海淀,二里庄,33,21,730,84795元/平米,健翔园,2室1厅1厨1卫,中楼层 (共24层),86.09㎡,平层,暂无数据,塔楼,西北,钢混结构,精装,两梯八户,集中供暖,有,70年,null,null,null,2017-05-31,商品房,2012-12-05,普通住宅,满两年,非共有,无抵押,已上传房本照片,1,null
海淀,二里庄,5,21,446,94692元/平米,二里庄小区,1室1厅1厨1卫,中楼层 (共18层),47.1㎡,平层,40㎡,塔楼,东南,钢混结构,其他,两梯十一户,集中供暖,有,70年,null,null,null,2017-07-09,商品房,2013-10-10,普通住宅,满两年,非共有,暂无数据,已上传房本照片,5,null
海淀,二里庄,11,2,795,92078元/平米,健翔园,2室1厅1厨1卫,低楼层 (共24层),86.34㎡,暂无数据,80㎡,塔楼,东北,钢混结构,精装,两梯八户,集中供暖,有,70年,null,null,null,2017-08-13,私产,2003-05-30,普通住宅,满五年,非共有,无抵押,已上传房本照片,0,null
海淀,二里庄,55,39,520,93357元/平米,二里庄小区,2室1厅1厨1卫,顶层 (共6层),55.7㎡,平层,暂无数据,板楼,南 北,混合结构,精装,一梯三户,集中供暖,无,70年,null,null,null,2017-04-28,商品房,2014-09-25,普通住宅,满两年,非共有,无抵押,已上传房本照片,1,null
海淀,二里庄,43,11,580,93143元/平米,石油大院,2室1厅1厨1卫,高楼层 (共6层),62.27㎡,暂无数据,43.47㎡,板楼,东 西,混合结构,简装,一梯三户,集中供暖,无,70年,null,null,null,2017-05-07,央产房,2008-09-12,普通住宅,满五年,非共有,无抵押,已上传房本照片,0,null
海淀,二里庄,38,42,685,94875元/平米,志新村,3室1厅1厨1卫,低楼层 (共18层),72.2㎡,暂无数据,暂无数据,塔楼,西南,钢混结构,简装,两梯十户,集中供暖,有,70年,null,null,null,2017-04-07,已购公房,2000-11-08,普通住宅,满五年,非共有,无抵押,已上传房本照片,2,null
海淀,二里庄,154,77,770,91995元/平米,志新北里,3室1厅1厨1卫,高楼层 (共6层),83.7㎡,平层,暂无数据,板楼,南 北,混合结构,精装,一梯三户,集中供暖,无,70年,null,null,null,2017-03-19,已购公房,1994-05-18,普通住宅,满五年,非共有,无抵押,已上传房本照片,1,null
海淀,二里庄,29,21,385,90802元/平米,志新村,1室1厅1厨1卫,中楼层 (共6层),42.4㎡,暂无数据,暂无数据,板楼,南,混合结构,简装,一梯三户,集中供暖,无,70年,null,null,null,2017-06-14,商品房,2014-10-20,普通住宅,满两年,非共有,有抵押 200万元 工商银行 客户偿还,已上传房本照片,13,null
海淀,二里庄,42,27,512,94815元/平米,石油大院,2室1厅1厨1卫,高楼层 (共6层),54㎡,平层,41.3㎡,板楼,南,混合结构,精装,一梯三户,集中供暖,无,70年,null,null,null,2017-06-07,商品房,2013-11-12,普通住宅,满两年,非共有,有抵押 114万元 邮政银行 客户偿还,已上传房本照片,7,null
海淀,二里庄,21,25,620,94946元/平米,二里庄小区,2室1厅1厨1卫,中楼层 (共18层),65.3㎡,平层,60㎡,塔楼,西南,钢混结构,精装,两梯十一户,集中供暖,有,70年,null,null,null,2017-03-26,商品房,2013-09-27,普通住宅,满两年,非共有,有抵押 170万元 浦发 客户偿还,已上传房本照片,1,null
海淀,二里庄,217,53,1055,79991元/平米,志新西路一号院,3室1厅1厨2卫,高楼层 (共6层),131.89㎡,平层,暂无数据,板楼,南 北,砖混结构,精装,一梯两户,集中供暖,无,70年,null,null,null,2016-12-02,商品房,2005-03-17,普通住宅,满五年,非共有,有抵押 425万元 招商 客户偿还,已上传房本照片,2,null
海淀,二里庄,69,51,520,81123元/平米,二里庄北里,2室1厅1厨1卫,底层 (共6层),64.1㎡,平层,暂无数据,板楼,东 西,混合结构,简装,一梯两户,集中供暖,无,70年,null,null,null,2017-03-24,已购公房,2014-10-28,普通住宅,满两年,非共有,有抵押 150万元 中信银行 客户偿还,已上传房本照片,0,null
海淀,二里庄,95,81,600,81301元/平米,志新村,2室1厅1厨1卫,中楼层 (共18层),73.8㎡,平层,暂无数据,塔楼,西南,钢混结构,其他,两梯十户,集中供暖,有,70年,null,null,null,2016-10-05,已购公房,1994-07-19,普通住宅,满五年,非共有,暂无数据,已上传房本照片,0,null
海淀,二里庄,20,2,570,94527元/平米,志新北里,2室1厅1厨1卫,高楼层 (共6层),60.3㎡,暂无数据,42.4㎡,板楼,南 北,混合结构,简装,一梯三户,集中供暖,无,70年,null,null,null,2017-07-19,已购公房,2005-06-03,普通住宅,满五年,非共有,无抵押,已上传房本照片,0,null
海淀,二里庄,11,12,700,94851元/平米,志新村,2室1厅1厨1卫,高楼层 (共18层),73.8㎡,平层,57㎡,塔楼,南 西,钢混结构,简装,两梯十户,集中供暖,有,70年,null,null,null,2017-07-19,已购公房,2007-06-25,普通住宅,满五年,非共有,无抵押,已上传房本照片,3,null
海淀,二里庄,324,112,342,81235元/平米,二里庄北里,1室1厅1厨1卫,中楼层 (共6层),42.1㎡,平层,暂无数据,板楼,西南,混合结构,简装,一梯两户,集中供暖,无,70年,null,null,null,2017-02-25,已购公房,2002-07-23,普通住宅,满五年,非共有,无抵押,已上传房本照片,0,null
海淀,二里庄,4,14,597.5,94992元/平米,二里庄小区,2室1厅1厨1卫,底层 (共6层),62.9㎡,暂无数据,43.4㎡,板楼,东 西,混合结构,精装,一梯两户,集中供暖,无,70年,null,null,null,2017-08-06,商品房,2015-08-17,普通住宅,满两年,共有,有抵押 100万元 北京银行 客户偿还,已上传房本照片,1,null
海淀,二里庄,70,16,480,92219元/平米,科技大学,2室1厅1厨1卫,中楼层 (共4层),52.05㎡,暂无数据,暂无数据,板楼,南,混合结构,精装,一梯三户,集中供暖,无,70年,null,null,null,2017-06-26,央产房,2012-09-14,普通住宅,满两年,非共有,无抵押,已上传房本照片,0,null
海淀,二里庄,40,13,670,87262元/平米,二里庄小区,3室1厅1厨1卫,顶层 (共6层),76.78㎡,平层,暂无数据,板楼,南,混合结构,精装,一梯两户,集中供暖,无,70年,null,null,null,2017-05-05,商品房,2012-12-11,普通住宅,满两年,非共有,无抵押,已上传房本照片,2,null
海淀,二里庄,52,7,690,87887元/平米,二里庄小区,3室1厅1厨1卫,顶层 (共6层),78.51㎡,暂无数据,70㎡,板楼,南 北,混合结构,精装,一梯两户,集中供暖,无,70年,null,null,null,2017-07-23,商品房,2015-01-14,普通住宅,满两年,共有,有抵押 217万元 农业银行 客户偿还,已上传房本照片,2,null
海淀,二里庄,154,37,695,80626元/平米,志新西路七号院,2室1厅1厨1卫,顶层 (共6层),86.2㎡,暂无数据,暂无数据,板楼,南 北,混合结构,简装,一梯两户,集中供暖,无,70年,null,null,null,2017-03-04,商品房,2006-01-05,普通住宅,满五年,非共有,无抵押,已上传房本照片,0,null
海淀,二里庄,93,156,1100,80627元/平米,健翔园,3室1厅1厨2卫,中楼层 (共24层),136.43㎡,暂无数据,暂无数据,塔楼,东,钢混结构,精装,两梯六户,集中供暖,有,70年,null,null,null,2017-02-13,商品房,2014-03-04,普通住宅,满两年,非共有,无抵押,已上传房本照片,0,null
海淀,二里庄,22,3,1088,92001元/平米,健翔园,3室1厅1厨1卫,低楼层 (共24层),118.26㎡,暂无数据,83.37㎡,塔楼,西北,钢混结构,精装,两梯八户,集中供暖,有,70年,null,null,null,2017-07-20,商品房,2004-09-08,普通住宅,满五年,非共有,无抵押,已上传房本照片,0,null
海淀,二里庄,10,6,580,84425元/平米,二里庄北里,2室1厅1厨1卫,中楼层 (共6层),68.7㎡,暂无数据,48.5㎡,板楼,南,混合结构,简装,一梯四户,集中供暖,无,70年,null,null,null,2017-06-19,商品房,2015-04-02,普通住宅,满两年,非共有,无抵押,已上传房本照片,0,null
海淀,二里庄,7,11,470,92338元/平米,志新村,1室1厅1厨1卫,高楼层 (共18层),50.9㎡,暂无数据,暂无数据,塔楼,南,钢混结构,简装,两梯十户,集中供暖,有,70年,null,null,null,2017-06-16,已购公房,2008-01-16,普通住宅,满五年,非共有,无抵押,已上传房本照片,0,null
海淀,二里庄,4,1,573,84889元/平米,二里庄北里,2室1厅1厨1卫,低楼层 (共6层),67.5㎡,暂无数据,47.6㎡,板楼,南 西,混合结构,其他,一梯四户,集中供暖,无,70年,null,null,null,2017-04-24,已购公房,2001-02-08,普通住宅,满五年,非共有,暂无数据,已上传房本照片,0,null
海淀,二里庄,51,4,380,80679元/平米,二里庄北里,1室1厅1厨1卫,中楼层 (共6层),47.1㎡,平层,47㎡,板楼,西,混合结构,简装,一梯五户,集中供暖,无,70年,null,null,null,2017-04-02,已购公房,2000-10-10,普通住宅,满五年,非共有,无抵押,已上传房本照片,0,null
海淀,二里庄,10,1,2200,91720元/平米,健翔园,4室2厅1厨3卫,高楼层 (共24层),239.86㎡,暂无数据,230㎡,塔楼,东南 北,钢混结构,其他,两梯四户,集中供暖,有,70年,null,null,null,2017-07-21,私产,2003-12-24,普通住宅,满五年,非共有,暂无数据,已上传房本照片,0,null
海淀,二里庄,242,120,555,79184元/平米,志新西路七号院,1室2厅1厨1卫,低楼层 (共6层),70.09㎡,暂无数据,暂无数据,板楼,南 北,混合结构,简装,一梯三户,集中供暖,无,70年,null,null,null,2016-09-10,已购公房,2002-07-09,普通住宅,满五年,非共有,无抵押,已上传房本照片,0,null
海淀,二里庄,15,14,530,86814元/平米,三建宿舍,2室1厅1厨1卫,底层 (共6层),61.05㎡,暂无数据,1㎡,板楼,南 北,混合结构,其他,一梯两户,集中供暖,暂无数据,70年,null,null,null,2017-08-02,已购公房,2015-09-23,普通住宅,暂无数据,非共有,暂无数据,已上传房本照片,2,null
海淀,二里庄,12,1,550,74526元/平米,志新村,2室1厅1厨1卫,低楼层 (共18层),73.8㎡,平层,50.6㎡,塔楼,西南,钢混结构,简装,两梯十户,集中供暖,有,70年,null,null,null,2017-09-07,已购公房,2003-12-12,普通住宅,满五年,非共有,无抵押,已上传房本照片,1,null
海淀,二里庄,27,5,735,92105元/平米,科技大学,2室1厅1厨1卫,中楼层 (共4层),79.8㎡,平层,60㎡,板楼,南 北,混合结构,精装,一梯三户,集中供暖,无,70年,null,null,null,2017-07-18,央产房,2017-07-10,普通住宅,暂无数据,共有,无抵押,已上传房本照片,0,null
海淀,二里庄,1,2,550,89869元/平米,二里庄北里,2室1厅1厨1卫,底层 (共6层),61.2㎡,暂无数据,暂无数据,板楼,南 北,混合结构,简装,一梯两户,集中供暖,无,70年,null,null,null,2017-06-21,已购公房,2017-07-12,普通住宅,暂无数据,非共有,无抵押,已上传房本照片,0,null
海淀,二里庄,11,2,1030,91393元/平米,健翔园,2室2厅1厨2卫,低楼层 (共24层),112.7㎡,暂无数据,暂无数据,塔楼,西南,钢混结构,精装,两梯六户,集中供暖,有,70年,null,null,null,2017-07-29,私产,2002-03-29,普通住宅,满五年,非共有,无抵押,已上传房本照片,0,null
海淀,二里庄,1,0,530,78310元/平米,三建宿舍,3室1厅1厨1卫,地下室 (共6层),67.68㎡,暂无数据,67.68㎡,板楼,南 北,混合结构,简装,一梯两户,集中供暖,暂无数据,70年,null,null,null,2017-07-29,私产,2005-12-28,普通住宅,满五年,非共有,无抵押,已上传房本照片,0,null
海淀,二里庄,27,22,568,94904元/平米,二里庄小区,2室1厅1厨1卫,顶层 (共6层),59.85㎡,暂无数据,暂无数据,板楼,南 北,混合结构,简装,一梯两户,集中供暖,无,70年,null,null,null,2017-02-10,商品房,2008-05-29,普通住宅,满五年,共有,无抵押,已上传房本照片,1,null
海淀,二里庄,8,0,332,94884元/平米,科技大学,1室1厅1厨1卫,高楼层 (共12层),34.99㎡,平层,26㎡,板塔结合,南,钢混结构,精装,一梯五户,集中供暖,有,70年,null,null,null,2017-09-09,商品房,2016-09-27,普通住宅,暂无数据,非共有,有抵押 120万元 农业银行 客户偿还,已上传房本照片,0,null
海淀,二里庄,8,5,580,89645元/平米,志新北里,2室1厅1厨1卫,顶层 (共6层),64.7㎡,平层,暂无数据,板楼,南 北,混合结构,简装,一梯三户,集中供暖,无,70年,null,null,null,2017-08-21,已购公房,2016-08-25,普通住宅,暂无数据,非共有,无抵押,已上传房本照片,3,null
