城区,区域,关注,带看,挂牌价,单价,小区,房屋户型,所在楼层,建筑面积,户型结构,套内面积,建筑类型,房屋朝向,建筑结构,装修情况,梯户比例,供暖方式,配备电梯,产权年限,用水类型,用电类型,燃气价格,挂牌时间,交易属性,上次交易,房屋用途,房屋年限,产权所属,抵押信心,房本备件,近七天带看,地铁
海淀,万柳,25,37,1350,128181元/平米,阳春光华家园,2室1厅1厨2卫,中楼层 (共16层),105.32㎡,暂无数据,100㎡,塔楼,南,钢混结构,其他,两梯八户,集中供暖,有,70年,null,null,null,2017-08-26,已购公房,2000-11-20,普通住宅,满五年,非共有,暂无数据,已上传房本照片,20,距离10号线巴沟站857米
海淀,万柳,40,53,2150,148789元/平米,万泉新新家园,3室2厅1厨2卫,低楼层 (共6层),144.5㎡,暂无数据,暂无数据,板楼,南 北,混合结构,精装,一梯两户,集中供暖,有,70年,null,null,null,2017-07-26,商品房,2011-02-14,普通住宅,满五年,非共有,无抵押,已上传房本照片,14,null
海淀,万柳,105,43,3200,136682元/平米,万泉新新家园,4室2厅1厨3卫,底层 (共6层),234.12㎡,平层,199㎡,板楼,南 北,混合结构,精装,一梯两户,集中供暖,有,70年,null,null,null,2017-06-15,商品房,2004-04-19,普通住宅,满五年,非共有,无抵押,已上传房本照片,1,null
海淀,万柳,10,25,2300,154135元/平米,碧水云天,3室2厅1厨2卫,底层 (共13层),149.22㎡,暂无数据,123.3㎡,板楼,东 南 北,钢混结构,精装,两梯三户,集中供暖,有,70年,null,null,null,2017-07-23,商品房,2010-08-23,普通住宅,满五年,非共有,无抵押,已上传房本照片,6,null
海淀,万柳,8,2,3500,118395元/平米,山水倾城,6室2厅1厨3卫,顶层 (共15层),295.62㎡,暂无数据,249.61㎡,塔楼,东南,钢混结构,精装,两梯六户,集中供暖,有,70年,null,null,null,2017-09-01,商品房,2009-08-19,普通住宅,满五年,非共有,有抵押 200万元 中信 业主自还,已上传房本照片,2,null
海淀,万柳,34,30,1150,133225元/平米,光大花园,2室1厅1厨1卫,低楼层 (共17层),86.32㎡,平层,73㎡,塔楼,西南,钢混结构,精装,两梯十户,自供暖,有,70年,null,null,null,2017-06-29,商品房,2013-11-08,普通住宅,满两年,共有,无抵押,已上传房本照片,4,null
海淀,万柳,10,4,3250,139972元/平米,阳春光华家园,6室3厅2厨3卫,顶层 (共12层),232.19㎡,暂无数据,200㎡,板楼,南 北,钢混结构,精装,一梯两户,集中供暖,有,70年,null,null,null,2017-08-11,私产,2004-03-22,普通住宅,满五年,非共有,无抵押,已上传房本照片,1,null
海淀,万柳,120,59,1580,115337元/平米,光大花园,3室1厅1厨2卫,中楼层 (共17层),136.99㎡,平层,暂无数据,塔楼,南 西 北,钢混结构,精装,两梯六户,自供暖,有,70年,null,null,null,2017-03-16,商品房,2003-01-14,普通住宅,满五年,非共有,无抵押,已上传房本照片,3,null
海淀,万柳,133,72,2610,142959元/平米,碧水云天,4室2厅1厨2卫,高楼层 (共12层),182.57㎡,暂无数据,152.77㎡,板楼,南 北,钢混结构,精装,一梯两户,集中供暖,有,70年,null,null,null,2017-04-08,私产,2005-05-18,普通住宅,满五年,非共有,无抵押,已上传房本照片,4,null
海淀,万柳,75,65,3950,119386元/平米,万泉新新家园,4室2厅1厨4卫,顶层 (共4层),330.86㎡,暂无数据,319.76㎡,板楼,南 北,混合结构,精装,一梯两户,集中供暖,有,70年,null,null,null,2017-04-15,私产,2006-07-20,普通住宅,满五年,非共有,无抵押,已上传房本照片,3,null
海淀,万柳,7,15,1800,129543元/平米,阳春光华家园,3室1厅1厨2卫,中楼层 (共16层),138.95㎡,暂无数据,120㎡,塔楼,东南,钢混结构,精装,两梯八户,集中供暖,有,70年,null,null,null,2017-06-19,商品房,2010-06-21,普通住宅,满五年,非共有,有抵押 400万元 中信银行 客户偿还,已上传房本照片,2,null
海淀,万柳,62,26,680,141696元/平米,蜂鸟家园,1室0厅1厨1卫,底层 (共14层),47.99㎡,暂无数据,37.58㎡,板楼,南,钢混结构,精装,两梯八户,集中供暖,有,70年,null,null,null,2017-07-26,商品房,2010-09-17,普通住宅,满五年,非共有,无抵押,已上传房本照片,6,null
海淀,万柳,69,60,960,139030元/平米,蜂鸟家园,1室1厅1厨1卫,高楼层 (共16层),69.05㎡,暂无数据,暂无数据,板楼,东 南,钢混结构,精装,两梯四户,集中供暖,有,70年,null,null,null,2017-04-02,商品房,2009-03-24,普通住宅,满五年,非共有,无抵押,已上传房本照片,0,null
海淀,万柳,53,22,2350,117295元/平米,阳春光华家园,3室1厅1厨1卫,底层 (共12层),200.35㎡,暂无数据,176.96㎡,板楼,南 北,钢混结构,精装,一梯两户,集中供暖,有,70年,null,null,null,2017-04-14,私产,2003-07-16,普通住宅,满五年,非共有,有抵押 客户偿还,已上传房本照片,0,null
海淀,万柳,36,28,1600,121534元/平米,阳春光华家园,3室1厅1厨2卫,中楼层 (共16层),131.65㎡,暂无数据,暂无数据,塔楼,西北,钢混结构,精装,两梯八户,集中供暖,有,70年,null,null,null,2017-06-27,已购公房,2000-11-20,普通住宅,满五年,非共有,无抵押,已上传房本照片,2,null
海淀,万柳,46,50,1998,143524元/平米,碧水云天,3室2厅1厨2卫,中楼层 (共14层),139.21㎡,暂无数据,118.42㎡,板楼,东南,钢混结构,精装,一梯三户,集中供暖,有,70年,null,null,null,2017-05-09,私产,2006-09-29,普通住宅,满五年,非共有,无抵押,已上传房本照片,0,null
海淀,万柳,27,5,1700,147916元/平米,涧桥泊屋,3室1厅1厨2卫,低楼层 (共14层),114.93㎡,暂无数据,114㎡,板楼,东 西,钢混结构,精装,两梯三户,自供暖,有,70年,null,null,null,2017-04-25,商品房,2009-07-02,普通住宅,满五年,非共有,无抵押,已上传房本照片,0,null
海淀,万柳,78,22,2300,144982元/平米,康桥水郡,3室2厅1厨2卫,高楼层 (共15层),158.64㎡,平层,129.11㎡,板楼,南 北,钢混结构,精装,一梯两户,集中供暖,有,70年,null,null,null,2017-04-26,私产,2005-08-09,普通住宅,满五年,非共有,无抵押,已上传房本照片,0,null
海淀,万柳,51,30,1400,141614元/平米,碧水云天,2室1厅1厨1卫,低楼层 (共16层),98.86㎡,暂无数据,83.41㎡,塔楼,东,钢混结构,精装,两梯五户,集中供暖,有,70年,null,null,null,2017-07-08,私产,2008-09-26,普通住宅,满五年,非共有,无抵押,已上传房本照片,0,null
海淀,万柳,17,0,2050,130932元/平米,碧水云天,3室2厅1厨2卫,低楼层 (共14层),156.57㎡,暂无数据,129.11㎡,板楼,东 西,钢混结构,精装,两梯三户,集中供暖,有,70年,null,null,null,2017-08-26,私产,2007-05-23,普通住宅,满五年,非共有,无抵押,已上传房本照片,0,null
海淀,万柳,10,10,1580,130052元/平米,涧桥泊屋,2室1厅1厨2卫,中楼层 (共14层),121.49㎡,平层,101.17㎡,板楼,东 西,钢混结构,精装,一梯两户,自供暖,有,70年,null,null,null,2017-07-28,私产,2003-12-02,普通住宅,满五年,非共有,无抵押,已上传房本照片,0,null
海淀,万柳,48,17,2268,139965元/平米,涧桥泊屋,3室2厅1厨2卫,中楼层 (共14层),162.04㎡,暂无数据,134.94㎡,板楼,南 北,钢混结构,精装,一梯两户,自供暖,有,70年,null,null,null,2017-06-20,私产,2003-12-27,普通住宅,满五年,非共有,有抵押 400万元 招商银行 客户偿还,已上传房本照片,0,null
海淀,万柳,79,26,2600,127233元/平米,涧桥泊屋,4室1厅1厨2卫,低楼层 (共9层),204.35㎡,平层,172.18㎡,板楼,南 北,钢混结构,精装,两梯两户,自供暖,有,70年,null,null,null,2017-04-01,私产,2004-02-19,普通住宅,满五年,非共有,有抵押,已上传房本照片,0,null
海淀,万柳,19,7,1860,149819元/平米,锋尚国际,3室2厅1厨2卫,高楼层 (共18层),124.15㎡,暂无数据,103.71㎡,塔楼,西 北,钢混结构,精装,两梯九户,集中供暖,有,70年,null,null,null,2017-04-16,商品房,2011-03-03,普通住宅,满五年,非共有,暂无数据,已上传房本照片,2,null
海淀,万柳,1,27,708,159424元/平米,蜂鸟家园,1室0厅1厨1卫,中楼层 (共16层),44.41㎡,暂无数据,44.41㎡,板楼,南,钢混结构,精装,两梯八户,集中供暖,有,70年,null,null,null,2017-06-27,商品房,2008-07-11,普通住宅,满五年,非共有,无抵押,已上传房本照片,2,null
海淀,万柳,76,25,1300,147811元/平米,万泉新新家园,2室1厅1厨1卫,底层 (共9层),87.95㎡,暂无数据,61.33㎡,板楼,南,钢混结构,精装,一梯三户,集中供暖,有,70年,null,null,null,2017-04-12,私产,2007-07-17,普通住宅,满五年,非共有,无抵押,已上传房本照片,1,null
海淀,万柳,21,8,3500,141084元/平米,万泉新新家园,4室2厅1厨3卫,中楼层 (共7层),248.08㎡,暂无数据,206.93㎡,板楼,南 北,钢混结构,精装,一梯两户,集中供暖,有,70年,null,null,null,2017-07-28,私产,2005-11-01,普通住宅,满五年,非共有,有抵押 500万元 招商银行 客户偿还,已上传房本照片,0,null
海淀,万柳,62,97,1250,142922元/平米,阳春光华家园,2室1厅1厨1卫,高楼层 (共16层),87.46㎡,暂无数据,70㎡,塔楼,东南,钢混结构,简装,两梯八户,集中供暖,有,70年,null,null,null,2017-05-23,已购公房,2002-05-21,普通住宅,满五年,非共有,无抵押,已上传房本照片,10,null
海淀,万柳,30,66,730,140223元/平米,蜂鸟家园,1室1厅1厨1卫,中楼层 (共16层),52.06㎡,暂无数据,40.66㎡,板楼,西北,钢混结构,精装,两梯七户,集中供暖,有,70年,null,null,null,2017-04-16,商品房,2013-03-27,普通住宅,满两年,非共有,无抵押,已上传房本照片,5,null
海淀,万柳,17,4,2300,147389元/平米,涧桥泊屋,3室2厅1厨2卫,低楼层 (共9层),156.05㎡,暂无数据,131.48㎡,板楼,南 北,钢混结构,简装,一梯两户,自供暖,有,70年,null,null,null,2017-08-18,商品房,2003-12-16,普通住宅,满五年,非共有,无抵押,已上传房本照片,0,null
海淀,万柳,22,3,1260,145749元/平米,万泉新新家园,2室1厅1厨1卫,高楼层 (共6层),86.45㎡,暂无数据,72㎡,板楼,南 北,混合结构,精装,一梯三户,集中供暖,无,70年,null,null,null,2017-08-20,已购公房,2001-11-06,普通住宅,满五年,非共有,无抵押,已上传房本照片,2,距离10号线长春桥站929米
海淀,万柳,17,17,1230,135867元/平米,阳春光华家园,2室1厅1厨1卫,中楼层 (共16层),90.53㎡,暂无数据,75㎡,塔楼,东南,钢混结构,其他,两梯八户,集中供暖,有,70年,null,null,null,2017-08-29,商品房,2014-08-27,普通住宅,满两年,非共有,暂无数据,已上传房本照片,11,null
海淀,万柳,90,17,1550,121274元/平米,阳春光华家园,3室1厅1厨2卫,低楼层 (共16层),127.81㎡,平层,暂无数据,塔楼,南 西北,钢混结构,精装,两梯八户,集中供暖,有,70年,null,null,null,2017-04-26,私产,2005-03-23,普通住宅,满五年,非共有,无抵押,已上传房本照片,0,null
海淀,万柳,18,2,3700,149296元/平米,康桥水郡,4室2厅1厨3卫,高楼层 (共16层),247.83㎡,暂无数据,199.41㎡,板楼,东 西,钢混结构,精装,一梯两户,集中供暖,有,70年,null,null,null,2017-06-16,私产,2006-09-20,普通住宅,满五年,非共有,有抵押 130万元 中信 业主自还,已上传房本照片,0,null
海淀,万柳,53,17,1600,141330元/平米,光大花园,3室1厅1厨1卫,高楼层 (共17层),113.21㎡,平层,100㎡,塔楼,东南,钢混结构,精装,两梯十户,自供暖,有,70年,null,null,null,2017-05-22,已购公房,2002-01-22,普通住宅,满五年,非共有,无抵押,已上传房本照片,0,null
海淀,万柳,37,13,1500,102810元/平米,阳春光华家园,3室1厅1厨2卫,中楼层 (共16层),145.9㎡,暂无数据,130㎡,塔楼,南 西,钢混结构,精装,两梯八户,集中供暖,有,70年,null,null,null,2017-08-22,商品房,2002-05-06,普通住宅,满五年,非共有,无抵押,已上传房本照片,1,null
海淀,万柳,6,6,1700,133354元/平米,康桥水郡,2室1厅1厨2卫,底层 (共16层),127.48㎡,暂无数据,102.57㎡,板楼,南 北,钢混结构,精装,一梯两户,集中供暖,有,70年,null,null,null,2017-08-17,商品房,2014-12-12,普通住宅,满两年,共有,无抵押,已上传房本照片,0,null
海淀,万柳,4,1,1800,146472元/平米,涧桥泊屋,2室1厅1厨2卫,低楼层 (共14层),122.89㎡,暂无数据,102.34㎡,板楼,东 西,钢混结构,精装,一梯两户,自供暖,有,70年,null,null,null,2017-07-05,私产,2007-05-16,普通住宅,满五年,非共有,无抵押,已上传房本照片,0,null
海淀,万柳,0,9,710,149474元/平米,蜂鸟家园,1室0厅1厨1卫,中楼层 (共16层),47.5㎡,暂无数据,37.1㎡,板楼,西,钢混结构,精装,两梯七户,集中供暖,有,70年,null,null,null,2017-07-20,商品房,2011-01-26,普通住宅,满五年,非共有,无抵押,已上传房本照片,2,null
海淀,万柳,20,10,1550,127888元/平米,锋尚国际,2室1厅1厨1卫,低楼层 (共18层),121.2㎡,暂无数据,104.34㎡,塔楼,东,钢混结构,简装,两梯八户,自供暖,有,70年,null,null,null,2017-07-11,私产,2003-11-07,普通住宅,满五年,非共有,无抵押,已上传房本照片,0,null
海淀,万柳,31,5,2300,108603元/平米,山水倾城,4室3厅1厨2卫,顶层 (共15层),211.78㎡,暂无数据,178.82㎡,塔楼,西南,钢混结构,精装,两梯六户,集中供暖,有,70年,null,null,null,2017-04-07,私产,2005-12-14,普通住宅,满五年,非共有,无抵押,已上传房本照片,1,null
海淀,万柳,200,123,1750,130092元/平米,碧水云天,3室1厅1厨2卫,底层 (共16层),134.52㎡,平层,114.56㎡,塔楼,东南,钢混结构,精装,两梯五户,集中供暖,有,70年,null,null,null,2016-09-30,私产,2008-07-10,普通住宅,满五年,非共有,有抵押 1200万元 中信银行 客户偿还,已上传房本照片,0,null
海淀,万柳,15,6,2330,148663元/平米,涧桥泊屋,2室2厅1厨2卫,高楼层 (共14层),156.73㎡,平层,暂无数据,板楼,南 北,钢混结构,精装,两梯两户,自供暖,有,70年,null,null,null,2017-03-04,私产,2004-02-19,普通住宅,满五年,非共有,暂无数据,已上传房本照片,0,null
海淀,万柳,53,20,660,138801元/平米,蜂鸟家园,1室0厅1厨1卫,中楼层 (共16层),47.55㎡,平层,37.02㎡,板楼,北,钢混结构,简装,两梯八户,集中供暖,有,70年,null,null,null,2017-05-08,商品房,2010-12-03,普通住宅,满五年,非共有,无抵押,已上传房本照片,0,null
海淀,万柳,16,10,1200,138137元/平米,汇新家园,2室1厅1厨1卫,中楼层 (共16层),86.87㎡,暂无数据,70㎡,塔楼,东南,钢混结构,精装,三梯十二户,自供暖,有,70年,null,null,null,2017-04-23,私产,2005-08-11,普通住宅,满五年,非共有,无抵押,已上传房本照片,0,null
海淀,万柳,11,2,1600,105360元/平米,新起点嘉园,3室2厅1厨2卫,顶层 (共18层),151.86㎡,暂无数据,119.83㎡,塔楼,东南,钢混结构,简装,三梯十户,集中供暖,有,70年,null,null,null,2017-08-01,私产,2008-08-07,普通住宅,满五年,非共有,无抵押,已上传房本照片,0,null
海淀,万柳,17,4,1500,133073元/平米,新起点嘉园,2室1厅1厨1卫,中楼层 (共20层),112.72㎡,暂无数据,暂无数据,塔楼,东南,钢混结构,简装,两梯十户,集中供暖,有,70年,null,null,null,2017-04-16,商品房,2012-01-10,普通住宅,满五年,共有,无抵押,已上传房本照片,0,null
海淀,万柳,39,34,2250,134965元/平米,涧桥泊屋,3室2厅1厨2卫,低楼层 (共9层),166.71㎡,暂无数据,140.46㎡,板楼,南 北,钢混结构,简装,一梯两户,自供暖,有,70年,null,null,null,2017-04-24,商品房,2013-03-12,普通住宅,满两年,非共有,有抵押 20万元 业主自还,已上传房本照片,3,null
海淀,万柳,57,9,1150,142204元/平米,蜂鸟家园,2室1厅1厨1卫,底层 (共9层),80.87㎡,暂无数据,62.9㎡,板楼,西南,钢混结构,精装,两梯七户,集中供暖,有,70年,null,null,null,2017-05-10,私产,2005-07-22,普通住宅,满五年,非共有,无抵押,已上传房本照片,0,null
海淀,万柳,4,7,1700,143557元/平米,光大水墨风景,2室2厅1厨2卫,底层 (共16层),118.42㎡,暂无数据,98.14㎡,板楼,南 北,钢混结构,简装,一梯两户,自供暖,有,70年,null,null,null,2017-07-17,私产,2007-03-15,普通住宅,满五年,非共有,有抵押 200万元 客户偿还,已上传房本照片,2,null
海淀,万柳,87,65,1400,114679元/平米,新起点嘉园,2室2厅1厨1卫,中楼层 (共20层),122.08㎡,平层,99.81㎡,塔楼,南,钢混结构,精装,三梯八户,集中供暖,有,70年,null,null,null,2017-02-14,商品房,2009-12-22,普通住宅,满五年,非共有,无抵押,已上传房本照片,1,null
海淀,万柳,19,13,3800,132862元/平米,万泉新新家园,4室2厅2厨2卫,顶层 (共6层),286.01㎡,暂无数据,239.76㎡,板楼,南 北,混合结构,精装,一梯两户,集中供暖,有,70年,null,null,null,2017-06-16,商品房,2009-06-26,普通住宅,满五年,非共有,无抵押,已上传房本照片,2,null
海淀,万柳,154,80,3150,143961元/平米,万泉新新家园,4室2厅1厨2卫,中楼层 (共6层),218.81㎡,平层,暂无数据,板楼,南 北,混合结构,精装,一梯两户,集中供暖,有,70年,null,null,null,2016-12-02,商品房,2016-10-18,普通住宅,暂无数据,非共有,无抵押,已上传房本照片,1,null
海淀,万柳,34,26,1350,123276元/平米,汇新家园,2室1厅1厨1卫,高楼层 (共16层),109.51㎡,平层,90.72㎡,塔楼,南,钢混结构,精装,三梯十二户,自供暖,有,70年,null,null,null,2017-03-24,商品房,2010-07-07,普通住宅,满五年,非共有,有抵押 50万元 招商银行 客户偿还,已上传房本照片,0,null
海淀,万柳,6,0,1680,119031元/平米,新起点嘉园,3室2厅1厨2卫,低楼层 (共20层),141.14㎡,暂无数据,暂无数据,塔楼,西北,钢混结构,简装,三梯七户,集中供暖,有,70年,null,null,null,2017-03-22,商品房,2011-01-30,普通住宅,满五年,非共有,无抵押,已上传房本照片,0,null
海淀,万柳,26,5,1400,132928元/平米,阳春光华家园,2室1厅1厨1卫,中楼层 (共16层),105.32㎡,暂无数据,82㎡,塔楼,南,钢混结构,精装,两梯八户,集中供暖,有,70年,null,null,null,2017-09-06,商品房,2016-12-14,普通住宅,暂无数据,非共有,有抵押 200万元 浦发银行 业主自还,已上传房本照片,5,null
海淀,万柳,32,13,1688,143794元/平米,康桥水郡,2室1厅1厨2卫,中楼层 (共16层),117.39㎡,暂无数据,94.45㎡,板楼,东 西,钢混结构,精装,一梯两户,集中供暖,有,70年,null,null,null,2017-05-27,私产,2007-12-26,普通住宅,满五年,非共有,无抵押,已上传房本照片,0,null
海淀,万柳,1,4,1000,126920元/平米,光大花园,1室1厅1厨1卫,低楼层 (共17层),78.79㎡,暂无数据,暂无数据,塔楼,南,钢混结构,精装,两梯十户,自供暖,有,70年,null,null,null,2017-08-09,商品房,2011-09-02,普通住宅,满五年,非共有,无抵押,已上传房本照片,0,null
海淀,万柳,38,7,925,148356元/平米,蜂鸟家园,1室0厅1厨1卫,高楼层 (共16层),62.35㎡,暂无数据,44.94㎡,板楼,南,钢混结构,精装,两梯四户,集中供暖,有,70年,null,null,null,2017-04-02,商品房,2005-11-15,普通住宅,满五年,非共有,无抵押,已上传房本照片,0,null
海淀,万柳,23,5,1470,95809元/平米,新起点嘉园,3室1厅1厨1卫,低楼层 (共20层),153.43㎡,暂无数据,125.44㎡,塔楼,东南,钢混结构,简装,三梯六户,集中供暖,有,70年,null,null,null,2017-04-07,私产,2004-09-15,普通住宅,满五年,非共有,无抵押,已上传房本照片,0,null
海淀,万柳,4,2,1550,124298元/平米,新起点嘉园,2室1厅1厨1卫,中楼层 (共20层),124.7㎡,暂无数据,99.96㎡,塔楼,西北,钢混结构,精装,三梯八户,集中供暖,有,70年,null,null,null,2017-06-27,商品房,2009-12-07,普通住宅,满五年,非共有,无抵押,已上传房本照片,0,距离10号线长春桥站929米
海淀,万柳,20,3,755,129436元/平米,万泉新新商务花园,1室1厅1厨1卫,中楼层 (共10层),58.33㎡,暂无数据,46.47㎡,板塔结合,东,钢混结构,精装,一梯六户,集中供暖,有,70年,null,null,null,2017-04-09,商品房,2010-10-19,普通住宅,满五年,非共有,有抵押 70万元 北京银行 业主自还,已上传房本照片,0,null
海淀,万柳,9,12,1600,100282元/平米,新起点嘉园,3室2厅1厨2卫,中楼层 (共20层),159.55㎡,暂无数据,127.6㎡,塔楼,东南,钢混结构,简装,三梯八户,集中供暖,有,70年,null,null,null,2017-04-10,私产,2004-10-26,普通住宅,满五年,非共有,无抵押,已上传房本照片,0,null
海淀,万柳,45,25,2350,142684元/平米,万泉新新家园,3室1厅1厨2卫,高楼层 (共6层),164.7㎡,暂无数据,164㎡,板楼,南 北,混合结构,精装,一梯两户,集中供暖,有,70年,null,null,null,2017-05-16,私产,2004-04-19,普通住宅,满五年,非共有,无抵押,已上传房本照片,1,null
海淀,万柳,15,3,2300,100639元/平米,新起点嘉园,4室2厅1厨2卫,低楼层 (共20层),228.54㎡,暂无数据,186.85㎡,塔楼,东 南 西,钢混结构,简装,三梯八户,集中供暖,有,70年,null,null,null,2017-04-19,私产,2004-10-28,普通住宅,满五年,非共有,有抵押 1000万元 杭州银行 客户偿还,已上传房本照片,0,null
海淀,万柳,5,0,930,131226元/平米,新起点嘉园,1室1厅1厨1卫,高楼层 (共18层),70.87㎡,暂无数据,55.92㎡,塔楼,西,钢混结构,精装,三梯十六户,集中供暖,有,70年,null,null,null,2017-06-25,商品房,2011-12-06,普通住宅,满五年,非共有,无抵押,已上传房本照片,0,null
海淀,万柳,58,26,1250,127916元/平米,汇新家园,2室2厅1厨1卫,中楼层 (共16层),97.72㎡,平层,79.39㎡,塔楼,东 西 北,钢混结构,精装,三梯十二户,自供暖,有,70年,null,null,null,2017-01-16,商品房,2013-05-15,普通住宅,满两年,非共有,无抵押,已上传房本照片,0,null
海淀,万柳,92,45,1250,109323元/平米,汇新家园,3室2厅1厨1卫,低楼层 (共16层),114.34㎡,平层,92.89㎡,塔楼,西北,钢混结构,精装,三梯十二户,自供暖,有,70年,null,null,null,2016-10-15,商品房,2014-08-26,普通住宅,满两年,非共有,无抵押,已上传房本照片,0,null
海淀,万柳,16,8,2650,133414元/平米,万泉新新家园,4室2厅1厨2卫,中楼层 (共6层),198.63㎡,暂无数据,168.83㎡,板楼,南 北,混合结构,精装,一梯两户,集中供暖,有,70年,null,null,null,2017-08-07,私产,2013-02-22,普通住宅,满两年,非共有,无抵押,已上传房本照片,2,null
海淀,万柳,5,4,1160,129841元/平米,阳春光华家园,2室1厅1厨1卫,底层 (共16层),89.34㎡,暂无数据,1㎡,塔楼,东南,钢混结构,精装,两梯八户,集中供暖,有,70年,null,null,null,2017-08-25,商品房,2012-11-20,普通住宅,满两年,非共有,无抵押,已上传房本照片,2,null
海淀,万柳,21,2,1480,149707元/平米,碧水云天,2室1厅1厨1卫,高楼层 (共16层),98.86㎡,暂无数据,83.41㎡,塔楼,东,钢混结构,精装,两梯七户,集中供暖,有,70年,null,null,null,2017-08-13,私产,2005-10-12,普通住宅,满五年,非共有,无抵押,已上传房本照片,0,null
海淀,万柳,44,6,695,145825元/平米,蜂鸟家园,1室0厅1厨1卫,中楼层 (共16层),47.66㎡,暂无数据,37.1㎡,板楼,北,钢混结构,精装,两梯八户,集中供暖,有,70年,null,null,null,2017-06-26,商品房,2012-04-13,普通住宅,满五年,非共有,无抵押,已上传房本照片,0,null
海淀,万柳,3,7,1900,121228元/平米,涧桥泊屋,2室2厅1厨2卫,高楼层 (共14层),156.73㎡,暂无数据,130.76㎡,板楼,南 北,钢混结构,简装,两梯两户,自供暖,有,70年,null,null,null,2017-07-20,商品房,2004-02-19,普通住宅,满五年,非共有,无抵押,已上传房本照片,0,null
海淀,万柳,14,5,735,149756元/平米,康桥水郡,1室0厅1厨1卫,低楼层 (共15层),49.08㎡,平层,38.65㎡,板楼,西,钢混结构,精装,一梯三户,集中供暖,有,70年,null,null,null,2017-08-22,商品房,2013-05-20,普通住宅,满两年,非共有,无抵押,已上传房本照片,5,null
海淀,万柳,26,2,710,143754元/平米,蜂鸟家园,1室0厅1厨1卫,高楼层 (共16层),49.39㎡,暂无数据,38.45㎡,板楼,北,钢混结构,精装,两梯八户,集中供暖,有,70年,null,null,null,2017-07-03,商品房,2010-07-21,普通住宅,满五年,非共有,无抵押,已上传房本照片,0,null
海淀,万柳,10,4,785,148002元/平米,新起点嘉园,1室0厅1厨1卫,中楼层 (共18层),53.04㎡,平层,41.85㎡,塔楼,北,钢混结构,精装,三梯十六户,集中供暖,有,70年,null,null,null,2017-06-09,私产,2006-08-03,普通住宅,满五年,非共有,无抵押,已上传房本照片,0,null
海淀,万柳,102,71,2480,149668元/平米,万泉新新家园,3室3厅1厨2卫,高楼层 (共6层),165.7㎡,平层,暂无数据,板楼,南 北,混合结构,精装,一梯两户,集中供暖,有,70年,null,null,null,2016-11-25,商品房,2001-07-06,普通住宅,满五年,非共有,无抵押,已上传房本照片,0,null
海淀,万柳,5,0,980,146927元/平米,碧水云天,1室1厅1厨1卫,低楼层 (共16层),66.7㎡,平层,56.8㎡,塔楼,南,钢混结构,简装,两梯七户,集中供暖,有,70年,null,null,null,2017-08-23,私产,2005-09-12,普通住宅,满五年,非共有,有抵押 200万元 中国工商银行 客户偿还,已上传房本照片,0,null
海淀,万柳,11,1,900,144231元/平米,新起点嘉园,1室1厅1厨1卫,低楼层 (共20层),62.4㎡,暂无数据,暂无数据,塔楼,东北,钢混结构,精装,两梯十户,集中供暖,有,70年,null,null,null,2017-05-07,私产,2007-08-06,普通住宅,满五年,非共有,无抵押,已上传房本照片,0,null
海淀,万柳,0,1,1500,103785元/平米,新起点嘉园,3室2厅1厨2卫,中楼层 (共20层),144.53㎡,暂无数据,115.86㎡,塔楼,东北,钢混结构,简装,三梯八户,集中供暖,有,70年,null,null,null,2017-05-25,私产,2004-10-28,普通住宅,满五年,非共有,无抵押,已上传房本照片,0,null
海淀,万柳,77,52,1200,121827元/平米,汇新家园,2室1厅1厨1卫,低楼层 (共16层),98.5㎡,平层,81.6㎡,塔楼,东北,钢混结构,简装,三梯十二户,自供暖,有,70年,null,null,null,2016-12-10,商品房,2013-10-31,普通住宅,满两年,共有,无抵押,已上传房本照片,0,null
海淀,万柳,9,1,1100,143266元/平米,汇新家园,2室1厅1厨1卫,顶层 (共16层),76.78㎡,暂无数据,76.78㎡,塔楼,东南,钢混结构,精装,三梯十二户,自供暖,有,70年,null,null,null,2017-05-09,商品房,2014-07-21,普通住宅,满两年,共有,无抵押,已上传房本照片,0,null
海淀,万柳,20,2,680,146552元/平米,蜂鸟家园,1室0厅1厨1卫,中楼层 (共16层),46.4㎡,暂无数据,36.12㎡,板楼,南,钢混结构,精装,两梯八户,集中供暖,有,70年,null,null,null,2017-08-20,商品房,2014-03-18,普通住宅,满两年,非共有,无抵押,已上传房本照片,0,null
海淀,万柳,5,1,750,114644元/平米,新起点嘉园,1室1厅1厨1卫,高楼层 (共18层),65.42㎡,暂无数据,51.62㎡,塔楼,西,钢混结构,其他,三梯十户,集中供暖,有,70年,null,null,null,2017-08-24,私产,2005-11-24,普通住宅,满五年,非共有,暂无数据,已上传房本照片,1,null
海淀,万柳,3,4,1763,89954元/平米,新起点嘉园,3室1厅1厨0卫,高楼层 (共18层),195.99㎡,平层,146.84㎡,塔楼,西南,钢混结构,简装,四梯八户,集中供暖,有,70年,null,null,null,2017-05-02,私产,2006-02-16,普通住宅,满五年,非共有,无抵押,已上传房本照片,0,null
海淀,万柳,1,10,1130,131825元/平米,汇新家园,2室1厅1厨1卫,顶层 (共16层),85.72㎡,暂无数据,69.64㎡,塔楼,东南 西南,钢混结构,其他,三梯十二户,自供暖,有,70年,null,null,null,2017-06-03,商品房,2012-12-24,普通住宅,满两年,非共有,暂无数据,已上传房本照片,0,null
海淀,万柳,2,0,2800,114384元/平米,山水倾城,3室2厅1厨2卫,高楼层 (共12层),244.79㎡,暂无数据,204㎡,塔楼,西北,钢混结构,其他,两梯六户,集中供暖,有,70年,null,null,null,2017-06-10,私产,2006-09-25,普通住宅,满五年,非共有,暂无数据,已上传房本照片,0,null
海淀,万柳,20,11,1831,89980元/平米,新起点嘉园,3室1厅1厨1卫,高楼层 (共18层),203.49㎡,平层,152.46㎡,塔楼,南,钢混结构,简装,四梯八户,集中供暖,有,70年,null,null,null,2016-12-29,私产,2006-02-16,普通住宅,满五年,非共有,无抵押,已上传房本照片,0,null
海淀,万柳,28,29,1100,124294元/平米,汇新家园,2室1厅1厨1卫,顶层 (共16层),88.5㎡,平层,73.31㎡,塔楼,西,钢混结构,其他,三梯十二户,自供暖,有,70年,null,null,null,2017-03-07,商品房,2013-10-18,普通住宅,满两年,非共有,暂无数据,已上传房本照片,0,null
海淀,万柳,19,16,2180,122665元/平米,光大花园,4室2厅1厨2卫,中楼层 (共17层),177.72㎡,暂无数据,160㎡,塔楼,西南,钢混结构,简装,两梯六户,自供暖,有,70年,null,null,null,2017-06-14,商品房,2017-05-25,普通住宅,暂无数据,非共有,无抵押,已上传房本照片,2,null
海淀,万柳,3,0,770,126023元/平米,汇新家园,1室1厅1厨1卫,低楼层 (共16层),61.1㎡,暂无数据,49.64㎡,塔楼,东南 西南,钢混结构,简装,三梯十二户,自供暖,有,70年,null,null,null,2017-08-13,商品房,2015-12-09,普通住宅,暂无数据,非共有,无抵押,已上传房本照片,0,距离10号线长春桥站929米
海淀,万柳,15,5,2180,146752元/平米,碧水云天,3室1厅1厨2卫,中楼层 (共13层),148.55㎡,暂无数据,122.75㎡,板楼,南 北,钢混结构,其他,两梯三户,集中供暖,有,70年,null,null,null,2017-09-02,私产,2005-07-28,普通住宅,满五年,非共有,暂无数据,已上传房本照片,5,null
海淀,万柳,41,2,1650,121726元/平米,光大花园,3室1厅1厨2卫,中楼层 (共17层),135.55㎡,暂无数据,暂无数据,塔楼,东 南 北,钢混结构,精装,两梯六户,自供暖,有,70年,null,null,null,2017-05-01,商品房,2009-06-22,普通住宅,满五年,非共有,无抵押,已上传房本照片,0,null
海淀,万柳,59,22,1280,149376元/平米,万泉新新家园,2室2厅1厨1卫,底层 (共9层),85.69㎡,暂无数据,58.26㎡,板楼,南 北,钢混结构,简装,一梯三户,集中供暖,有,70年,null,null,null,2017-04-25,商品房,2016-04-12,普通住宅,暂无数据,非共有,无抵押,已上传房本照片,2,null
海淀,万柳,40,9,1750,116040元/平米,光大花园,3室1厅1厨2卫,中楼层 (共17层),150.81㎡,暂无数据,暂无数据,塔楼,东南,钢混结构,精装,两梯六户,自供暖,有,70年,null,null,null,2017-07-29,商品房,2016-02-29,普通住宅,暂无数据,非共有,无抵押,已上传房本照片,2,null
海淀,万柳,18,7,1280,146353元/平米,阳春光华家园,2室1厅1厨1卫,低楼层 (共16层),87.46㎡,暂无数据,70㎡,塔楼,东南,钢混结构,其他,两梯八户,集中供暖,有,70年,null,null,null,2017-08-10,商品房,2015-09-10,普通住宅,满两年,非共有,暂无数据,已上传房本照片,1,null
海淀,万柳,61,6,1300,103892元/平米,阳春光华家园,3室1厅1厨2卫,低楼层 (共16层),125.13㎡,暂无数据,115㎡,塔楼,东北,钢混结构,毛坯,两梯八户,集中供暖,有,70年,null,null,null,2017-08-02,商品房,2015-09-22,普通住宅,暂无数据,非共有,无抵押,已上传房本照片,2,null
海淀,万柳,25,5,695,146162元/平米,蜂鸟家园,1室0厅1厨1卫,低楼层 (共16层),47.55㎡,平层,37.02㎡,板楼,北,钢混结构,精装,两梯八户,集中供暖,有,70年,null,null,null,2017-05-26,商品房,2012-10-26,普通住宅,满两年,共有,有抵押 80万元 客户偿还,已上传房本照片,0,null
海淀,万柳,54,17,1500,130514元/平米,涧桥泊屋,2室1厅1厨2卫,中楼层 (共14层),114.93㎡,平层,95.71㎡,板楼,西北,钢混结构,精装,两梯三户,自供暖,有,70年,null,null,null,2017-02-22,商品房,2016-02-26,普通住宅,暂无数据,非共有,有抵押 400万元 农商银行 客户偿还,已上传房本照片,0,null
海淀,万柳,9,2,680,131706元/平米,蜂鸟家园,1室0厅1厨1卫,底层 (共14层),51.63㎡,暂无数据,40.43㎡,板楼,北,钢混结构,简装,两梯八户,集中供暖,有,70年,null,null,null,2017-09-07,商品房,2015-10-19,普通住宅,暂无数据,非共有,有抵押 200万元 工商银行 客户偿还,已上传房本照片,2,null
海淀,万柳,16,1,690,137560元/平米,蜂鸟家园,1室1厅1厨1卫,高楼层 (共16层),50.16㎡,暂无数据,39.18㎡,板楼,东,钢混结构,简装,两梯七户,集中供暖,有,70年,null,null,null,2017-08-18,私产,2005-12-28,普通住宅,满五年,非共有,有抵押 120万元,已上传房本照片,0,null
海淀,万柳,4,18,2640,119760元/平米,涧桥泊屋,4室2厅1厨2卫,低楼层 (共14层),220.44㎡,暂无数据,193.91㎡,板楼,南 北,钢混结构,简装,两梯两户,自供暖,有,70年,null,null,null,2017-07-20,商品房,2004-02-19,普通住宅,满五年,非共有,无抵押,已上传房本照片,3,null
海淀,万柳,31,4,910,134975元/平米,新起点嘉园,1室0厅1厨1卫,高楼层 (共18层),67.42㎡,暂无数据,53.2㎡,塔楼,南,钢混结构,精装,三梯十六户,集中供暖,有,70年,null,null,null,2017-02-26,商品房,2015-05-05,普通住宅,满两年,非共有,暂无数据,已上传房本照片,0,null
海淀,万柳,17,15,1260,81770元/平米,新起点嘉园,3室2厅1厨2卫,高楼层 (共18层),154.09㎡,暂无数据,110.25㎡,塔楼,西北,钢混结构,简装,四梯七户,集中供暖,有,70年,null,null,null,2017-07-12,私产,2006-12-28,普通住宅,满五年,非共有,无抵押,已上传房本照片,1,null
海淀,万柳,4,1,780,155255元/平米,蜂鸟家园,1室0厅1厨1卫,高楼层 (共14层),50.24㎡,平层,暂无数据,板楼,南,钢混结构,其他,两梯八户,集中供暖,有,70年,null,null,null,2017-06-27,商品房,2009-12-17,普通住宅,满五年,共有,无抵押,已上传房本照片,0,null
海淀,万柳,21,9,1000,115115元/平米,汇新家园,2室1厅1厨1卫,顶层 (共16层),86.87㎡,暂无数据,暂无数据,塔楼,东南,钢混结构,精装,三梯十二户,自供暖,有,70年,null,null,null,2017-04-15,商品房,2016-12-19,普通住宅,暂无数据,非共有,无抵押,已上传房本照片,2,null
海淀,万柳,23,1,1860,130179元/平米,光大花园,3室2厅1厨2卫,中楼层 (共17层),142.88㎡,暂无数据,暂无数据,塔楼,西南 北,钢混结构,简装,两梯六户,自供暖,有,70年,null,null,null,2017-05-20,商品房,2017-03-16,普通住宅,暂无数据,共有,无抵押,已上传房本照片,0,null
海淀,万柳,25,5,930,107914元/平米,新起点嘉园,2室1厅1厨1卫,低楼层 (共18层),86.18㎡,暂无数据,61.66㎡,塔楼,东北,钢混结构,简装,四梯七户,集中供暖,有,70年,null,null,null,2017-04-01,商品房,2005-11-24,普通住宅,满五年,非共有,有抵押 20万元 工商银行 业主自还,已上传房本照片,0,null
海淀,万柳,20,1,1300,125265元/平米,光大花园,2室1厅1厨1卫,底层 (共17层),103.78㎡,暂无数据,暂无数据,塔楼,东北,钢混结构,简装,两梯十户,自供暖,有,70年,null,null,null,2017-04-19,私产,2002-11-04,普通住宅,满五年,非共有,有抵押 38000万元 建设银行 业主自还,已上传房本照片,0,null
海淀,万柳,56,91,2700,135406元/平米,碧水云天,4室2厅1厨2卫,中楼层 (共14层),199.4㎡,平层,168㎡,板楼,东 西,钢混结构,精装,两梯两户,集中供暖,有,70年,null,null,null,2016-10-23,商品房,2016-11-14,普通住宅,暂无数据,共有,无抵押,已上传房本照片,1,null
海淀,万柳,1,0,700,159163元/平米,蜂鸟家园,1室0厅1厨1卫,高楼层 (共14层),43.98㎡,暂无数据,34.44㎡,板楼,北,钢混结构,精装,两梯八户,集中供暖,有,70年,null,null,null,2017-08-16,商品房,2016-11-17,普通住宅,暂无数据,非共有,有抵押,已上传房本照片,0,null
海淀,万柳,12,0,3500,63106元/平米,新起点嘉园,4室2厅1厨2卫,顶层 (共18层),554.62㎡,暂无数据,415.54㎡,塔楼,东 西,钢混结构,简装,四梯三户,集中供暖,有,70年,null,null,null,2017-05-06,商品房,2011-08-22,普通住宅,满五年,非共有,有抵押 业主自还,已上传房本照片,0,null
海淀,万柳,6,1,800,137151元/平米,万泉新新商务花园,1室1厅1厨1卫,高楼层 (共10层),58.33㎡,平层,46.47㎡,板塔结合,东,钢混结构,简装,一梯六户,集中供暖,有,70年,null,null,null,2017-03-18,私产,2005-03-16,普通住宅,满五年,非共有,无抵押,已上传房本照片,0,null
海淀,万柳,46,22,1350,73056元/平米,新起点嘉园,3室3厅1厨2卫,中楼层 (共18层),184.79㎡,暂无数据,132.21㎡,塔楼,东南,钢混结构,简装,四梯七户,集中供暖,有,70年,null,null,null,2017-01-10,商品房,2012-12-24,普通住宅,满两年,非共有,无抵押,已上传房本照片,2,null
海淀,万柳,32,14,3950,106263元/平米,涧桥泊屋,5室2厅1厨4卫,中楼层 (共14层),371.72㎡,暂无数据,309.55㎡,板楼,东 南 西,钢混结构,简装,两梯两户,自供暖,有,70年,null,null,null,2017-03-29,商品房,2016-06-13,普通住宅,暂无数据,共有,有抵押 100万元 招商 业主自还,已上传房本照片,1,null
海淀,万柳,11,4,930,157895元/平米,碧水云天,1室1厅1厨1卫,高楼层 (共16层),58.9㎡,暂无数据,50.65㎡,塔楼,东,钢混结构,其他,两梯八户,集中供暖,有,70年,null,null,null,2017-06-27,商品房,2017-02-20,普通住宅,暂无数据,非共有,暂无数据,已上传房本照片,0,null
海淀,万柳,9,2,745,131672元/平米,万泉新新商务花园,1室0厅1厨1卫,高楼层 (共10层),56.58㎡,暂无数据,44.53㎡,板塔结合,东,钢混结构,精装,一梯四户,集中供暖,有,70年,null,null,null,2017-06-08,商品房,2015-12-25,普通住宅,暂无数据,非共有,无抵押,已上传房本照片,0,null
海淀,万柳,54,11,2218,149340元/平米,锋尚国际,3室2厅1厨2卫,中楼层 (共18层),148.52㎡,暂无数据,127.86㎡,塔楼,南 北,钢混结构,其他,两梯八户,自供暖,有,70年,null,null,null,2017-03-31,私产,2004-02-20,普通住宅,满五年,非共有,暂无数据,已上传房本照片,0,null
海淀,万柳,3,27,1090,99753元/平米,新起点嘉园,2室1厅1厨0卫,高楼层 (共18层),109.27㎡,暂无数据,81.87㎡,塔楼,北,钢混结构,简装,四梯八户,集中供暖,有,70年,null,null,null,2017-05-12,商品房,2006-02-16,普通住宅,满五年,非共有,无抵押,已上传房本照片,1,null
海淀,万柳,100,5,659,142026元/平米,蜂鸟家园,1室0厅1厨1卫,低楼层 (共16层),46.4㎡,平层,43.04㎡,板楼,南,钢混结构,精装,两梯七户,集中供暖,有,70年,null,null,null,2017-04-05,商品房,2016-03-01,普通住宅,暂无数据,共有,有抵押 客户偿还,已上传房本照片,0,null
海淀,万柳,5,25,1090,99753元/平米,新起点嘉园,2室1厅1厨0卫,高楼层 (共18层),109.27㎡,暂无数据,81.87㎡,塔楼,北,钢混结构,简装,四梯八户,集中供暖,有,70年,null,null,null,2017-05-12,私产,2006-02-16,普通住宅,满五年,非共有,无抵押,已上传房本照片,1,距离10号线巴沟站1092米
海淀,万柳,10,0,1450,138227元/平米,汇新家园,2室1厅1厨1卫,低楼层 (共16层),104.9㎡,暂无数据,86.09㎡,塔楼,南,钢混结构,精装,三梯十二户,自供暖,有,70年,null,null,null,2017-05-11,商品房,2013-09-24,普通住宅,满两年,非共有,无抵押,已上传房本照片,0,null
海淀,万柳,76,10,2245,148991元/平米,光大水墨风景,3室2厅1厨2卫,低楼层 (共16层),150.68㎡,暂无数据,126.52㎡,板楼,南 北,钢混结构,简装,一梯两户,自供暖,有,70年,null,null,null,2017-05-07,私产,2006-11-10,普通住宅,满五年,非共有,无抵押,已上传房本照片,0,null
海淀,万柳,11,10,1916,89987元/平米,新起点嘉园,3室2厅1厨0卫,高楼层 (共18层),212.92㎡,暂无数据,159.53㎡,塔楼,南,钢混结构,简装,四梯八户,集中供暖,有,70年,null,null,null,2016-12-29,私产,2006-02-16,普通住宅,满五年,非共有,无抵押,已上传房本照片,0,null
海淀,万柳,16,8,2500,133078元/平米,锋尚国际,4室2厅1厨3卫,中楼层 (共18层),187.86㎡,暂无数据,161.73㎡,塔楼,西南,钢混结构,精装,两梯八户,自供暖,有,70年,null,null,null,2017-07-23,私产,2004-02-20,普通住宅,满五年,非共有,无抵押,已上传房本照片,1,null
海淀,万柳,60,5,900,146318元/平米,蜂鸟家园,1室0厅1厨1卫,高楼层 (共16层),61.51㎡,平层,43.89㎡,板楼,东,钢混结构,其他,两梯四户,集中供暖,有,70年,null,null,null,2016-11-10,商品房,2016-03-24,普通住宅,暂无数据,非共有,暂无数据,已上传房本照片,0,null
海淀,万柳,23,1,960,139030元/平米,蜂鸟家园,2室1厅1厨1卫,高楼层 (共16层),69.05㎡,暂无数据,49.27㎡,板楼,东南,钢混结构,精装,两梯四户,集中供暖,有,70年,null,null,null,2017-05-15,私产,2006-03-21,普通住宅,满五年,非共有,无抵押,已上传房本照片,0,null
海淀,万柳,13,8,1637,89965元/平米,新起点嘉园,3室2厅1厨2卫,高楼层 (共18层),181.96㎡,暂无数据,136.33㎡,塔楼,西,钢混结构,简装,四梯八户,集中供暖,有,70年,null,null,null,2016-12-29,私产,2006-02-16,普通住宅,满五年,非共有,无抵押,已上传房本照片,0,null
海淀,万柳,0,0,1000,140036元/平米,新起点嘉园,1室1厅1厨1卫,高楼层 (共18层),71.41㎡,平层,56.35㎡,塔楼,西南,钢混结构,精装,三梯十六户,集中供暖,有,70年,null,null,null,2017-05-02,私产,2005-11-17,普通住宅,满五年,非共有,无抵押,已上传房本照片,0,null
海淀,万柳,31,0,1400,106343元/平米,阳春光华家园,3室1厅1厨2卫,顶层 (共16层),131.65㎡,暂无数据,108.75㎡,塔楼,西北,钢混结构,精装,两梯八户,集中供暖,有,70年,null,null,null,2017-07-25,商品房,2010-07-14,普通住宅,满五年,非共有,无抵押,已上传房本照片,0,null
海淀,万柳,27,0,675,145474元/平米,蜂鸟家园,1室0厅1厨1卫,低楼层 (共16层),46.4㎡,平层,36.12㎡,板楼,南,钢混结构,其他,两梯八户,集中供暖,有,70年,null,null,null,2017-08-15,商品房,2010-12-06,普通住宅,满五年,非共有,暂无数据,已上传房本照片,0,null
海淀,万柳,1,0,800,130933元/平米,汇新家园,1室1厅1厨1卫,中楼层 (共16层),61.1㎡,平层,49.64㎡,塔楼,东南,钢混结构,其他,三梯十二户,自供暖,有,70年,null,null,null,2017-08-29,商品房,2015-02-04,普通住宅,满两年,非共有,暂无数据,已上传房本照片,0,null
海淀,万柳,3,2,1909,159977元/平米,光大水墨风景,2室2厅1厨2卫,中楼层 (共16层),119.33㎡,暂无数据,98.89㎡,板楼,南 北,钢混结构,精装,一梯两户,自供暖,有,70年,null,null,null,2017-06-29,商品房,2015-08-20,普通住宅,满两年,非共有,无抵押,已上传房本照片,0,null
海淀,万柳,20,2,780,124303元/平米,万泉新新商务花园,1室1厅1厨1卫,中楼层 (共10层),62.75㎡,平层,49.38㎡,板塔结合,西,钢混结构,精装,一梯六户,集中供暖,有,70年,null,null,null,2017-05-16,商品房,2010-12-27,普通住宅,满五年,非共有,无抵押,已上传房本照片,0,null
海淀,万柳,3,4,806,140934元/平米,万泉新新商务花园,1室0厅1厨1卫,高楼层 (共10层),57.19㎡,暂无数据,45.56㎡,板塔结合,东,钢混结构,精装,一梯六户,集中供暖,有,70年,null,null,null,2017-07-31,商品房,2014-12-22,普通住宅,满两年,非共有,无抵押,已上传房本照片,0,null
海淀,万柳,1,1,1600,87931元/平米,新起点嘉园,3室2厅1厨2卫,高楼层 (共18层),181.96㎡,暂无数据,136.33㎡,塔楼,西北,钢混结构,精装,四梯八户,集中供暖,有,70年,null,null,null,2017-06-07,商品房,2015-07-01,普通住宅,满两年,非共有,无抵押,已上传房本照片,0,null
海淀,万柳,16,0,680,136355元/平米,蜂鸟家园,1室0厅1厨1卫,中楼层 (共14层),49.87㎡,平层,39.05㎡,板楼,北,钢混结构,其他,两梯八户,集中供暖,有,70年,null,null,null,2017-08-29,商品房,2016-02-01,普通住宅,暂无数据,非共有,暂无数据,已上传房本照片,0,null
