城区,区域,关注,带看,挂牌价,单价,小区,房屋户型,所在楼层,建筑面积,户型结构,套内面积,建筑类型,房屋朝向,建筑结构,装修情况,梯户比例,供暖方式,配备电梯,产权年限,用水类型,用电类型,燃气价格,挂牌时间,交易属性,上次交易,房屋用途,房屋年限,产权所属,抵押信心,房本备件,近七天带看,地铁
海淀,五道口,16,3,700,115321元/平米,科源小区,2室1厅1厨1卫,中楼层 (共6层),60.7㎡,平层,暂无数据,板楼,南 北,混合结构,精装,一梯三户,集中供暖,无,70年,null,null,null,2017-09-05,已购公房,2000-02-14,普通住宅,满五年,非共有,无抵押,已上传房本照片,3,null
海淀,五道口,82,49,920,89958元/平米,水清木华园,2室1厅1厨1卫,中楼层 (共18层),102.27㎡,平层,暂无数据,塔楼,西北,钢混结构,精装,两梯十户,集中供暖,有,70年,null,null,null,2017-02-14,商品房,2001-11-20,普通住宅,满五年,非共有,无抵押,已上传房本照片,4,null
海淀,五道口,61,31,850,121429元/平米,科源小区,2室1厅1厨1卫,底层 (共6层),70㎡,暂无数据,65㎡,板楼,南 北,混合结构,简装,一梯三户,集中供暖,无,70年,null,null,null,2017-06-20,商品房,2010-11-16,普通住宅,满五年,非共有,有抵押 800万元 担保公司 业主自还,已上传房本照片,3,null
海淀,五道口,99,37,505,80542元/平米,东王庄,2室1厅1厨1卫,顶层 (共6层),62.7㎡,平层,42.6㎡,板楼,南 北,混合结构,简装,一梯两户,集中供暖,无,70年,null,null,null,2017-07-31,商品房,2009-03-13,普通住宅,满五年,非共有,无抵押,已上传房本照片,7,null
海淀,五道口,111,37,370,91811元/平米,展春园,1室1厅1厨1卫,低楼层 (共6层),40.3㎡,暂无数据,暂无数据,板楼,东,混合结构,简装,一梯三户,集中供暖,无,70年,null,null,null,2017-07-14,已购公房,2002-03-27,普通住宅,满五年,非共有,无抵押,已上传房本照片,8,null
海淀,五道口,28,19,790,107923元/平米,西王庄小区,3室1厅1厨1卫,底层 (共6层),73.2㎡,暂无数据,51.9㎡,板楼,南 北,混合结构,简装,一梯三户,集中供暖,无,70年,null,null,null,2017-08-16,央产房,1995-03-27,普通住宅,满五年,非共有,无抵押,已上传房本照片,6,null
海淀,五道口,17,8,740,97113元/平米,王庄路27号院,3室1厅1厨1卫,低楼层 (共6层),76.2㎡,平层,暂无数据,板楼,南 北,混合结构,精装,一梯两户,集中供暖,无,70年,null,null,null,2017-08-27,私产,2008-12-26,普通住宅,满五年,非共有,无抵押,已上传房本照片,2,null
海淀,五道口,18,20,1360,104938元/平米,东升园,3室1厅1厨2卫,底层 (共12层),129.6㎡,平层,1㎡,板楼,东 南 北,钢混结构,简装,两梯八户,集中供暖,有,70年,null,null,null,2017-06-18,商品房,2010-04-29,普通住宅,满五年,非共有,无抵押,已上传房本照片,3,null
海淀,五道口,52,26,930,95287元/平米,东升园,2室1厅1厨1卫,底层 (共12层),97.6㎡,平层,97.6㎡,板楼,南 北,钢混结构,简装,两梯八户,集中供暖,有,70年,null,null,null,2017-04-03,私产,2008-07-11,普通住宅,满五年,非共有,无抵押,已上传房本照片,0,null
海淀,五道口,44,30,518,81319元/平米,成府路20号院,2室1厅1厨1卫,高楼层 (共9层),63.7㎡,暂无数据,暂无数据,板塔结合,南,钢混结构,简装,一梯十二户,集中供暖,有,70年,null,null,null,2017-07-26,央产房,1994-06-22,普通住宅,满五年,非共有,无抵押,已上传房本照片,0,null
海淀,五道口,37,45,736,117011元/平米,中关村北一条,2室1厅1厨1卫,低楼层 (共6层),62.9㎡,暂无数据,暂无数据,板楼,南 北,混合结构,简装,一梯三户,集中供暖,无,70年,null,null,null,2017-05-15,商品房,1998-11-18,普通住宅,满五年,非共有,无抵押,已上传房本照片,1,null
海淀,五道口,53,20,622.9,91995元/平米,成府路20号院,2室1厅1厨1卫,高楼层 (共7层),67.71㎡,暂无数据,暂无数据,板楼,南 北,混合结构,简装,一梯两户,集中供暖,无,70年,null,null,null,2017-08-02,已购公房,2002-01-30,普通住宅,满五年,非共有,无抵押,已上传房本照片,4,null
海淀,五道口,48,36,890,97162元/平米,东升园,2室1厅1厨1卫,低楼层 (共12层),91.6㎡,暂无数据,暂无数据,板楼,南 北,钢混结构,简装,两梯八户,集中供暖,有,70年,null,null,null,2017-04-05,私产,2001-03-26,普通住宅,满五年,非共有,无抵押,已上传房本照片,2,null
海淀,五道口,64,15,845,104064元/平米,中关村北一条,3室1厅1厨1卫,顶层 (共5层),81.2㎡,暂无数据,57.9㎡,板楼,南 北,混合结构,简装,一梯三户,集中供暖,无,70年,null,null,null,2017-05-23,央产房,2000-02-14,普通住宅,满五年,非共有,无抵押,已上传房本照片,0,null
海淀,五道口,45,27,1250,102551元/平米,水清木华园,2室1厅1厨2卫,低楼层 (共18层),121.89㎡,平层,暂无数据,塔楼,南,钢混结构,精装,两梯十户,集中供暖,有,70年,null,null,null,2017-04-30,私产,2003-09-15,普通住宅,满五年,非共有,无抵押,已上传房本照片,2,null
海淀,五道口,89,29,397,97952元/平米,圆明园东里,1室1厅1厨1卫,中楼层 (共5层),40.53㎡,暂无数据,暂无数据,板楼,南,混合结构,简装,一梯四户,集中供暖,无,70年,null,null,null,2017-06-22,已购公房,2015-05-29,普通住宅,满两年,非共有,无抵押,已上传房本照片,2,null
海淀,五道口,9,1,582,129911元/平米,科源小区,1室1厅1厨1卫,中楼层 (共6层),44.8㎡,平层,34.5㎡,板楼,东 西,混合结构,简装,一梯两户,集中供暖,无,70年,null,null,null,2017-09-02,已购公房,2001-06-07,普通住宅,满五年,非共有,暂无数据,已上传房本照片,0,null
海淀,五道口,70,28,1250,69498元/平米,东升园,3室1厅1厨2卫,中楼层 (共12层),179.86㎡,暂无数据,暂无数据,板塔结合,南 西,钢混结构,精装,两梯四户,集中供暖,有,70年,null,null,null,2017-08-01,私产,2002-06-19,普通住宅,满五年,非共有,无抵押,已上传房本照片,5,null
海淀,五道口,78,17,758,101882元/平米,西王庄小区,3室1厅1厨1卫,顶层 (共6层),74.4㎡,平层,56.8㎡,板楼,南 北,混合结构,精装,一梯三户,集中供暖,无,70年,null,null,null,2017-03-19,已购公房,2011-02-17,普通住宅,满五年,非共有,无抵押,已上传房本照片,3,null
海淀,五道口,67,23,390,83120元/平米,东王庄,1室1厅1厨1卫,顶层 (共6层),46.92㎡,暂无数据,32.5㎡,板楼,西,混合结构,简装,一梯二十三户,集中供暖,无,70年,null,null,null,2017-06-11,已购公房,2009-12-30,普通住宅,满五年,非共有,无抵押,已上传房本照片,0,null
海淀,五道口,32,7,799,90487元/平米,王庄路15号院,3室1厅1厨1卫,中楼层 (共6层),88.3㎡,暂无数据,61.8㎡,板楼,南 北,混合结构,简装,一梯两户,集中供暖,无,70年,null,null,null,2017-07-19,已购公房,2000-12-06,普通住宅,满五年,非共有,无抵押,已上传房本照片,3,null
海淀,五道口,27,8,935,119413元/平米,科源小区,3室1厅1厨1卫,中楼层 (共5层),78.3㎡,暂无数据,53.8㎡,板楼,南 西北 北,混合结构,简装,一梯两户,集中供暖,无,70年,null,null,null,2017-07-27,已购公房,2000-10-10,普通住宅,满五年,非共有,无抵押,已上传房本照片,2,null
海淀,五道口,30,9,500,82781元/平米,王庄路27号院,2室1厅1厨1卫,高楼层 (共6层),60.4㎡,暂无数据,暂无数据,板楼,南 北,混合结构,精装,一梯三户,集中供暖,无,70年,null,null,null,2017-08-05,已购公房,1993-02-23,普通住宅,满五年,非共有,无抵押,已上传房本照片,4,null
海淀,五道口,12,1,700,105422元/平米,清华园铁路宿舍,3室1厅1厨1卫,底层 (共6层),66.4㎡,暂无数据,41㎡,板楼,南,混合结构,简装,一梯四户,集中供暖,无,70年,null,null,null,2017-08-25,已购公房,2009-12-19,普通住宅,满五年,非共有,无抵押,已上传房本照片,0,null
海淀,五道口,10,9,935,100000元/平米,东升园,2室2厅1厨1卫,中楼层 (共12层),93.5㎡,平层,93㎡,塔楼,西北,钢混结构,简装,两梯十户,集中供暖,有,70年,null,null,null,2017-07-04,商品房,2011-11-15,普通住宅,满五年,非共有,无抵押,已上传房本照片,1,null
海淀,五道口,18,0,925,125000元/平米,科源小区,3室1厅1厨1卫,底层 (共6层),74㎡,暂无数据,55.5㎡,板楼,南 北,混合结构,简装,一梯两户,集中供暖,无,70年,null,null,null,2017-07-08,已购公房,2000-02-14,普通住宅,满五年,非共有,无抵押,已上传房本照片,0,null
海淀,五道口,148,50,350,84094元/平米,展春园,1室1厅1厨1卫,高楼层 (共6层),41.62㎡,平层,暂无数据,板楼,南,砖混结构,简装,一梯四户,集中供暖,无,70年,null,null,null,2017-03-12,商品房,2013-01-10,普通住宅,满两年,共有,无抵押,已上传房本照片,4,null
海淀,五道口,30,5,610,82321元/平米,东王庄,2室1厅1厨1卫,中楼层 (共6层),74.1㎡,暂无数据,暂无数据,板楼,东 西,混合结构,精装,一梯两户,集中供暖,无,70年,null,null,null,2017-04-16,已购公房,2001-03-20,普通住宅,满五年,非共有,无抵押,已上传房本照片,0,null
海淀,五道口,43,3,516,89895元/平米,展春园,2室1厅1厨1卫,低楼层 (共6层),57.4㎡,暂无数据,39.5㎡,板楼,南 北,混合结构,精装,一梯两户,集中供暖,无,70年,null,null,null,2017-06-02,私产,2004-08-04,普通住宅,满五年,非共有,无抵押,已上传房本照片,0,null
海淀,五道口,16,6,546,90248元/平米,成府路20号院,2室1厅1厨1卫,底层 (共5层),60.5㎡,暂无数据,60.5㎡,板楼,南 北,混合结构,精装,一梯三户,集中供暖,无,70年,null,null,null,2017-09-02,商品房,2013-01-09,普通住宅,满两年,非共有,无抵押,已上传房本照片,5,null
海淀,五道口,6,7,1100,107558元/平米,水清木华园,2室1厅1厨1卫,中楼层 (共18层),102.27㎡,暂无数据,暂无数据,塔楼,西北,钢混结构,精装,两梯十户,集中供暖,有,70年,null,null,null,2017-07-27,私产,2007-05-02,普通住宅,满五年,非共有,无抵押,已上传房本照片,0,距离13号线五道口站1134米
海淀,五道口,24,1,420,100239元/平米,西王庄小区,1室1厅1厨1卫,顶层 (共6层),41.9㎡,暂无数据,28.4㎡,板楼,南,混合结构,简装,一梯三户,集中供暖,无,70年,null,null,null,2017-07-29,央产房,2006-03-20,普通住宅,满五年,非共有,无抵押,已上传房本照片,0,null
海淀,五道口,22,0,1340,109935元/平米,水清木华园,2室1厅1厨2卫,低楼层 (共18层),121.89㎡,平层,暂无数据,塔楼,南,钢混结构,精装,两梯十户,集中供暖,有,70年,null,null,null,2016-12-30,商品房,2004-01-14,普通住宅,满五年,非共有,有抵押 640万元,已上传房本照片,0,null
海淀,五道口,12,7,490,90741元/平米,东王庄,2室1厅1厨1卫,底层 (共6层),54㎡,暂无数据,36.1㎡,板楼,南 北,混合结构,精装,一梯两户,集中供暖,无,70年,null,null,null,2017-08-07,商品房,2015-08-14,普通住宅,满两年,共有,无抵押,已上传房本照片,3,null
海淀,五道口,46,8,584,89985元/平米,展春园,2室1厅1厨1卫,顶层 (共6层),64.9㎡,暂无数据,暂无数据,板楼,南 北,混合结构,精装,一梯三户,集中供暖,无,70年,null,null,null,2017-04-25,商品房,2011-01-11,普通住宅,满五年,非共有,有抵押 80万元 工行 业主自还,已上传房本照片,0,null
海淀,五道口,85,20,530,82171元/平米,东王庄,2室1厅1厨1卫,中楼层 (共6层),64.5㎡,暂无数据,暂无数据,板楼,东南 西南,混合结构,简装,一梯两户,集中供暖,无,70年,null,null,null,2017-06-17,已购公房,2001-03-20,普通住宅,满五年,非共有,无抵押,已上传房本照片,5,null
海淀,五道口,74,43,820,110289元/平米,华清嘉园,2室1厅1厨1卫,低楼层 (共18层),74.35㎡,暂无数据,55㎡,塔楼,西南,钢混结构,简装,两梯十二户,自供暖,有,70年,null,null,null,2017-06-12,商品房,2016-02-18,普通住宅,暂无数据,非共有,有抵押 100万元 业主自还,已上传房本照片,2,null
海淀,五道口,14,1,750,125000元/平米,清华园,2室1厅1厨1卫,顶层 (共6层),60㎡,暂无数据,暂无数据,板楼,南 北,混合结构,精装,一梯三户,集中供暖,无,70年,null,null,null,2017-06-03,央产房,2000-02-14,普通住宅,满五年,非共有,无抵押,已上传房本照片,0,null
海淀,五道口,21,4,630,95599元/平米,圆明园东里,2室1厅1厨1卫,中楼层 (共5层),65.9㎡,暂无数据,暂无数据,板楼,南 北,混合结构,精装,一梯四户,集中供暖,无,70年,null,null,null,2017-08-01,商品房,2012-07-12,普通住宅,满五年,非共有,无抵押,已上传房本照片,1,null
海淀,五道口,22,4,480,87114元/平米,王庄路27号院,2室1厅1厨1卫,高楼层 (共6层),55.1㎡,平层,暂无数据,板楼,南,混合结构,精装,一梯三户,集中供暖,无,70年,null,null,null,2017-09-02,商品房,2013-01-10,普通住宅,满两年,共有,无抵押,已上传房本照片,2,null
海淀,五道口,79,1,402,81542元/平米,东王庄,1室1厅1厨1卫,顶层 (共6层),49.3㎡,暂无数据,39㎡,板楼,西,混合结构,精装,一梯二十三户,集中供暖,无,70年,null,null,null,2017-07-07,已购公房,2007-04-25,普通住宅,满五年,非共有,无抵押,已上传房本照片,0,null
海淀,五道口,71,20,480,91516元/平米,成府路20号院,1室1厅1厨1卫,顶层 (共7层),52.45㎡,平层,暂无数据,板楼,南 北,混合结构,精装,一梯两户,集中供暖,无,70年,null,null,null,2017-02-24,已购公房,2002-01-30,普通住宅,满五年,非共有,无抵押,已上传房本照片,3,null
海淀,五道口,9,1,730,91940元/平米,王庄路27号院,3室1厅1厨1卫,低楼层 (共6层),79.4㎡,暂无数据,56.5㎡,板楼,东 西,混合结构,简装,一梯两户,集中供暖,无,70年,null,null,null,2017-07-26,已购公房,2000-05-24,普通住宅,满五年,非共有,无抵押,已上传房本照片,0,null
海淀,五道口,19,0,620,70752元/平米,红杉国际公寓,1室1厅1厨1卫,中楼层 (共19层),87.63㎡,平层,65.57㎡,板塔结合,西,钢混结构,精装,两梯九户,集中供暖,有,50年,null,null,null,2017-08-14,商品房,2013-01-04,公寓,满两年,非共有,无抵押,已上传房本照片,0,null
海淀,五道口,19,0,583,89872元/平米,地质附中,2室1厅1厨1卫,高楼层 (共7层),64.87㎡,暂无数据,60㎡,板楼,东 西,混合结构,精装,一梯两户,集中供暖,无,70年,null,null,null,2017-08-02,已购公房,2001-01-12,普通住宅,满五年,非共有,无抵押,已上传房本照片,0,null
海淀,五道口,58,0,370,87059元/平米,王庄路27号院,1室1厅1厨1卫,顶层 (共6层),42.5㎡,暂无数据,暂无数据,板楼,南,混合结构,精装,一梯十四户,集中供暖,无,70年,null,null,null,2017-06-08,商品房,2012-06-27,普通住宅,满五年,非共有,有抵押 75万元 中国银行 客户偿还,已上传房本照片,0,null
海淀,五道口,5,4,678,91870元/平米,王庄路27号院,3室1厅1厨1卫,高楼层 (共6层),73.8㎡,平层,暂无数据,板楼,南 北,混合结构,精装,一梯两户,集中供暖,无,70年,null,null,null,2017-09-01,已购公房,2016-04-27,普通住宅,暂无数据,非共有,无抵押,已上传房本照片,2,null
海淀,五道口,103,32,600,85349元/平米,学院路甲9号院,3室1厅1厨1卫,高楼层 (共6层),70.3㎡,平层,暂无数据,板楼,南 北,混合结构,简装,一梯两户,集中供暖,无,70年,null,null,null,2016-12-16,商品房,2013-07-23,普通住宅,满两年,非共有,无抵押,已上传房本照片,0,null
海淀,五道口,21,10,2150,121469元/平米,龙湖唐宁one,3室2厅1厨2卫,高楼层 (共28层),177㎡,暂无数据,暂无数据,板塔结合,南 北,钢混结构,精装,两梯三户,集中供暖,有,70年,null,null,null,2017-08-05,商品房,2013-04-15,普通住宅,满两年,非共有,无抵押,已上传房本照片,5,null
海淀,五道口,27,44,509,88676元/平米,王庄路27号院,3室1厅1厨1卫,高楼层 (共6层),57.4㎡,暂无数据,57.4㎡,板楼,南,混合结构,简装,一梯三户,集中供暖,无,70年,null,null,null,2017-04-30,已购公房,2016-11-15,普通住宅,暂无数据,非共有,无抵押,已上传房本照片,1,null
海淀,五道口,8,1,1090,106581元/平米,水清木华园,2室1厅1厨1卫,中楼层 (共18层),102.27㎡,暂无数据,暂无数据,塔楼,东北,钢混结构,简装,两梯十户,集中供暖,有,70年,null,null,null,2017-08-19,私产,2001-11-23,普通住宅,满五年,非共有,无抵押,已上传房本照片,0,null
海淀,五道口,68,15,835,94897元/平米,成府路20号院,3室1厅1厨1卫,高楼层 (共7层),87.99㎡,暂无数据,61.69㎡,板楼,南 北,混合结构,简装,一梯两户,集中供暖,无,70年,null,null,null,2017-05-29,已购公房,2002-01-30,普通住宅,满五年,非共有,无抵押,已上传房本照片,0,null
海淀,五道口,27,3,404,69908元/平米,文津国际酒店,1室0厅0厨1卫,中楼层 (共19层),57.79㎡,暂无数据,35.49㎡,塔楼,东,钢混结构,简装,四梯二十二户,集中供暖,有,70年,null,null,null,2017-06-02,商品房,2010-02-04,公寓,满五年,非共有,无抵押,已上传房本照片,0,null
海淀,五道口,12,1,570,90620元/平米,展春园,2室1厅1厨1卫,顶层 (共6层),62.9㎡,平层,44.2㎡,板楼,东 西,混合结构,简装,一梯两户,集中供暖,无,70年,null,null,null,2017-08-06,已购公房,2002-03-27,普通住宅,满五年,非共有,无抵押,已上传房本照片,0,null
海淀,五道口,82,11,470,85299元/平米,展春园,2室1厅1厨1卫,顶层 (共6层),55.1㎡,暂无数据,40㎡,板楼,东 西,混合结构,精装,一梯三户,集中供暖,无,70年,null,null,null,2017-08-06,商品房,2013-03-18,普通住宅,满两年,非共有,有抵押 112万元 中国银行 客户偿还,已上传房本照片,2,null
海淀,五道口,31,3,1477.5,100000元/平米,水清木华园,3室2厅1厨2卫,中楼层 (共18层),147.75㎡,平层,暂无数据,塔楼,西北,钢混结构,精装,两梯八户,集中供暖,有,70年,null,null,null,2017-05-27,商品房,2012-09-13,普通住宅,满两年,非共有,无抵押,已上传房本照片,0,null
海淀,五道口,57,2,660,84942元/平米,展春园,3室1厅1厨1卫,高楼层 (共6层),77.7㎡,暂无数据,暂无数据,板楼,南 北,混合结构,精装,一梯三户,集中供暖,无,70年,null,null,null,2017-03-18,商品房,2014-01-15,普通住宅,满两年,非共有,无抵押,已上传房本照片,0,null
海淀,五道口,99,43,590,79622元/平米,东王庄,2室1厅1厨1卫,低楼层 (共6层),74.1㎡,暂无数据,70㎡,板楼,东 西,混合结构,精装,一梯两户,集中供暖,无,70年,null,null,null,2017-03-23,已购公房,2017-03-17,普通住宅,暂无数据,非共有,无抵押,已上传房本照片,0,null
海淀,五道口,87,110,550,95819元/平米,展春园,2室1厅1厨1卫,高楼层 (共6层),57.4㎡,平层,暂无数据,板楼,南 北,混合结构,简装,一梯两户,集中供暖,无,70年,null,null,null,2017-01-04,商品房,2016-12-16,普通住宅,暂无数据,非共有,无抵押,已上传房本照片,0,null
海淀,五道口,25,11,450,85796元/平米,成府路20号院,1室1厅1厨1卫,顶层 (共7层),52.45㎡,平层,39.35㎡,板楼,南 北,混合结构,简装,一梯两户,集中供暖,无,70年,null,null,null,2017-06-03,商品房,2011-08-16,普通住宅,满五年,非共有,无抵押,已上传房本照片,2,null
海淀,五道口,33,13,730,120264元/平米,科源小区,2室1厅1厨1卫,顶层 (共6层),60.7㎡,平层,暂无数据,板楼,南 北,混合结构,简装,一梯三户,集中供暖,无,70年,null,null,null,2017-05-12,已购公房,2000-02-14,普通住宅,满五年,非共有,无抵押,已上传房本照片,0,距离13号线五道口站1134米
海淀,五道口,88,12,700,98661元/平米,成府路20号院,2室1厅1厨1卫,中楼层 (共6层),70.95㎡,平层,70.95㎡,板楼,南 北,砖混结构,简装,一梯三户,集中供暖,无,70年,null,null,null,2017-02-17,已购公房,2001-11-22,普通住宅,满五年,非共有,无抵押,已上传房本照片,0,null
海淀,五道口,43,8,440,97302元/平米,厢白旗甲1号院,1室1厅1厨1卫,中楼层 (共5层),45.22㎡,暂无数据,28.11㎡,板楼,南,混合结构,简装,一梯三户,集中供暖,无,70年,null,null,null,2017-05-31,商品房,2015-01-06,普通住宅,满两年,非共有,无抵押,已上传房本照片,0,null
海淀,五道口,30,7,599,101871元/平米,西王庄小区,2室1厅1厨1卫,高楼层 (共6层),58.8㎡,平层,暂无数据,板楼,南 北,混合结构,精装,一梯三户,集中供暖,无,70年,null,null,null,2017-05-10,商品房,2015-05-22,普通住宅,满两年,非共有,无抵押,已上传房本照片,0,null
海淀,五道口,8,4,500,57058元/平米,红杉国际公寓,2房间1卫,低楼层 (共19层),87.63㎡,平层,65.57㎡,板塔结合,西,钢混结构,精装,两梯九户,集中供暖,有,70年,民水,民电,2.28元/m3,2017-08-23,商品房,2013-01-17,商业办公类,满两年,非共有,有抵押 100万元 建设银行 客户偿还,已上传房本照片,0,null
海淀,五道口,56,8,3100,96845元/平米,华清嘉园,4室3厅1厨3卫,底层 (共7层),320.1㎡,暂无数据,暂无数据,板楼,南 北,钢混结构,精装,一梯两户,自供暖,有,70年,null,null,null,2017-03-09,商品房,2004-01-07,普通住宅,满五年,非共有,有抵押 950万元 招商银行,已上传房本照片,0,null
海淀,五道口,80,1,513.8,89888元/平米,地质附中,2室1厅1厨1卫,中楼层 (共6层),57.16㎡,暂无数据,47.2㎡,板楼,南 北,混合结构,精装,一梯三户,集中供暖,无,70年,null,null,null,2017-03-21,商品房,2015-08-24,普通住宅,满两年,共有,无抵押,已上传房本照片,0,null
海淀,五道口,20,1,780,116192元/平米,成府公馆,1室2厅1厨1卫,低楼层 (共6层),67.13㎡,暂无数据,57.12㎡,板楼,南 北,钢混结构,精装,一梯两户,集中供暖,有,70年,null,null,null,2017-07-17,商品房,2009-12-01,普通住宅,满五年,非共有,无抵押,已上传房本照片,0,null
海淀,五道口,21,2,420,89552元/平米,王庄路27号院,1室1厅1厨1卫,中楼层 (共6层),46.9㎡,暂无数据,42.2㎡,板楼,南,混合结构,精装,一梯两户,集中供暖,无,70年,null,null,null,2017-08-03,已购公房,2001-02-12,普通住宅,满五年,非共有,无抵押,已上传房本照片,0,null
海淀,五道口,126,34,520,81890元/平米,东王庄,2室1厅1厨1卫,顶层 (共6层),63.5㎡,暂无数据,44.4㎡,板楼,南 北,混合结构,精装,一梯两户,集中供暖,无,70年,null,null,null,2017-04-19,已购公房,2015-09-22,普通住宅,暂无数据,非共有,无抵押,已上传房本照片,3,null
海淀,五道口,9,2,612.1,110000元/平米,清华园铁路宿舍,2室1厅1厨1卫,高楼层 (共6层),55.64㎡,暂无数据,41.9㎡,板楼,西北,混合结构,其他,一梯五户,集中供暖,无,70年,null,null,null,2017-07-27,商品房,2015-05-29,普通住宅,满两年,非共有,暂无数据,已上传房本照片,1,null
海淀,五道口,37,0,550,90461元/平米,东王庄,2室1厅1厨1卫,顶层 (共6层),60.8㎡,平层,41㎡,板楼,东 南 北,混合结构,精装,一梯两户,集中供暖,无,70年,null,null,null,2017-05-25,私产,2008-07-04,普通住宅,满五年,非共有,有抵押 70万元 招商银行潘家园支行 业主自还,已上传房本照片,0,null
海淀,五道口,19,17,445,108010元/平米,西王庄小区,1室1厅1厨1卫,底层 (共6层),41.2㎡,平层,31.9㎡,板楼,南,混合结构,简装,一梯三户,集中供暖,无,70年,null,null,null,2017-05-27,央产房,2016-05-30,普通住宅,暂无数据,非共有,无抵押,已上传房本照片,2,null
海淀,五道口,31,9,1010,99822元/平米,龙湖唐宁one,3房间1卫,低楼层 (共30层),101.18㎡,平层,73.57㎡,板塔结合,南,钢混结构,精装,两梯四户,集中供暖,有,50年,民水,民电,2.28元/m3,2017-07-28,商品房,2013-04-15,商业办公类,满两年,非共有,无抵押,已上传房本照片,2,null
海淀,五道口,60,12,500,86059元/平米,展春园,2室1厅1厨1卫,低楼层 (共6层),58.1㎡,暂无数据,58.1㎡,板楼,东 西,混合结构,简装,一梯三户,集中供暖,无,70年,null,null,null,2017-05-25,商品房,2017-03-16,普通住宅,暂无数据,非共有,有抵押,已上传房本照片,0,null
海淀,五道口,133,4,355,63484元/平米,文津国际酒店,1室0厅0厨1卫,低楼层 (共19层),55.92㎡,暂无数据,34㎡,塔楼,南,钢混结构,精装,四梯二十二户,集中供暖,有,70年,null,null,null,2017-06-02,商品房,2010-04-19,公寓,满五年,非共有,无抵押,已上传房本照片,0,null
海淀,五道口,31,8,616,110000元/平米,中关村三才堂,2室1厅1厨1卫,顶层 (共5层),56㎡,平层,暂无数据,板楼,东 西,混合结构,简装,一梯三户,集中供暖,无,70年,null,null,null,2017-03-30,已购公房,2016-10-19,普通住宅,暂无数据,非共有,无抵押,已上传房本照片,0,null
海淀,五道口,33,2,350,89286元/平米,西郊宾馆,1室1厅1厨1卫,高楼层 (共6层),39.2㎡,暂无数据,暂无数据,板楼,南,混合结构,简装,一梯两户,集中供暖,无,70年,null,null,null,2017-06-22,商品房,2016-05-19,普通住宅,暂无数据,非共有,有抵押 120万元 北京农商银行 客户偿还,已上传房本照片,1,null
海淀,五道口,34,4,415,98109元/平米,西王庄小区,1室1厅1厨1卫,高楼层 (共6层),42.3㎡,暂无数据,41.3㎡,板楼,南,混合结构,精装,一梯三户,集中供暖,无,70年,null,null,null,2017-06-07,商品房,2017-01-27,普通住宅,暂无数据,共有,有抵押 182万元,已上传房本照片,1,null
海淀,五道口,45,2,640,82474元/平米,展春园,3室1厅1厨1卫,中楼层 (共6层),77.6㎡,暂无数据,暂无数据,板楼,东 西,混合结构,简装,一梯三户,集中供暖,无,70年,null,null,null,2017-08-08,商品房,2017-05-18,普通住宅,暂无数据,非共有,无抵押,已上传房本照片,0,null
海淀,五道口,11,0,588,117178元/平米,龙湖唐宁one,1房间1卫,中楼层 (共29层),50.18㎡,平层,35.1㎡,塔楼,北,钢混结构,其他,三梯十一户,集中供暖,有,50年,民水,民电,2.28元/m3,2017-07-27,商品房,2012-12-21,商业办公类,满两年,非共有,无抵押,已上传房本照片,0,null
海淀,五道口,6,0,400,85034元/平米,龙湖唐宁one,1房间1卫,中楼层 (共10层),47.04㎡,平层,37.53㎡,板楼,北,钢混结构,精装,两梯三十户,集中供暖,有,40年,民水,商电,0元/m3,2017-08-28,商品房,2016-05-06,商业办公类,暂无数据,非共有,有抵押 90万元 中国银行 业主自还,已上传房本照片,0,null
海淀,五道口,24,11,510,85000元/平米,王庄路27号院,2室1厅1厨1卫,中楼层 (共6层),60㎡,暂无数据,暂无数据,板楼,东,混合结构,精装,一梯两户,集中供暖,无,70年,null,null,null,2017-05-17,商品房,2009-10-29,普通住宅,满五年,非共有,无抵押,已上传房本照片,0,null
海淀,五道口,25,4,562.9,130000元/平米,清华园,2室1厅1厨1卫,中楼层 (共5层),43.3㎡,暂无数据,暂无数据,板楼,东南,混合结构,精装,一梯三户,集中供暖,无,70年,null,null,null,2017-07-21,商品房,2016-01-05,普通住宅,暂无数据,非共有,有抵押 120万元,已上传房本照片,0,null
海淀,五道口,17,1,400,79381元/平米,红杉国际公寓,1房间1卫,高楼层 (共19层),50.39㎡,平层,37.7㎡,板塔结合,东北,钢混结构,精装,两梯九户,集中供暖,有,70年,民水,民电,2.28元/m3,2017-07-27,商品房,2013-08-28,商业办公类,满两年,非共有,无抵押,已上传房本照片,0,null
海淀,五道口,9,0,711,109892元/平米,东升园,2室1厅1厨1卫,顶层 (共6层),64.7㎡,平层,暂无数据,板楼,东 西,混合结构,精装,一梯两户,集中供暖,无,70年,null,null,null,2017-08-04,商品房,2017-01-09,普通住宅,暂无数据,非共有,无抵押,已上传房本照片,0,null
海淀,五道口,0,0,450,87209元/平米,龙湖唐宁one,1房间1卫,低楼层 (共10层),51.6㎡,平层,41.16㎡,板楼,南,钢混结构,精装,两梯三十户,集中供暖,有,40年,民水,商电,0元/m3,2017-07-27,商品房,2013-05-24,商业办公类,满两年,非共有,无抵押,已上传房本照片,0,null
海淀,五道口,9,0,430,85334元/平米,红杉国际公寓,2房间1卫,中楼层 (共19层),50.39㎡,平层,37.7㎡,板塔结合,东北,钢混结构,精装,两梯九户,集中供暖,有,70年,民水,民电,2.28元/m3,2017-07-27,商品房,2013-01-04,商业办公类,满两年,非共有,无抵押,已上传房本照片,0,null
海淀,五道口,7,0,580,66202元/平米,红杉国际公寓,2房间1卫,中楼层 (共19层),87.61㎡,平层,65.55㎡,板塔结合,东,钢混结构,精装,两梯九户,集中供暖,有,70年,民水,民电,2.28元/m3,2017-08-05,商品房,2013-02-17,商业办公类,满两年,非共有,暂无数据,已上传房本照片,0,null
海淀,五道口,16,1,400,77280元/平米,龙湖唐宁one,1房间1卫,低楼层 (共7层),51.76㎡,平层,41.16㎡,板楼,南,钢混结构,精装,两梯三十户,集中供暖,有,40年,民水,商电,0元/m3,2017-07-27,商品房,2012-12-24,商业办公类,满两年,非共有,无抵押,已上传房本照片,0,null
海淀,五道口,27,16,518,80186元/平米,东王庄,2室1厅1厨1卫,底层 (共6层),64.6㎡,暂无数据,1㎡,板楼,东 南 北,混合结构,简装,一梯两户,集中供暖,无,70年,null,null,null,2017-04-26,商品房,2009-11-27,普通住宅,满五年,非共有,有抵押 75万元 客户偿还,已上传房本照片,4,距离15号线六道口站190米
海淀,五道口,21,0,400,77489元/平米,龙湖唐宁one,1房间1卫,顶层 (共7层),51.62㎡,平层,41.05㎡,板楼,南,钢混结构,精装,两梯十六户,集中供暖,有,40年,民水,商电,0元/m3,2017-07-27,商品房,2016-05-16,商业办公类,暂无数据,非共有,无抵押,已上传房本照片,0,null
海淀,五道口,15,7,500,94877元/平米,展春园,2室1厅1厨1卫,底层 (共6层),52.7㎡,平层,39.5㎡,板楼,南 北,混合结构,精装,一梯两户,集中供暖,无,70年,null,null,null,2017-08-16,已购公房,2000-06-08,普通住宅,满五年,非共有,无抵押,已上传房本照片,1,null
海淀,五道口,31,0,970,110466元/平米,龙湖唐宁one,3房间1卫,中楼层 (共29层),87.81㎡,平层,61.43㎡,塔楼,东南,钢混结构,精装,三梯十一户,集中供暖,有,50年,民水,民电,2.28元/m3,2017-07-27,商品房,2016-12-07,商业办公类,暂无数据,非共有,无抵押,已上传房本照片,0,null
海淀,五道口,53,36,769,111191元/平米,华清嘉园,1室1厅1厨1卫,底层 (共19层),69.16㎡,暂无数据,暂无数据,塔楼,西南,钢混结构,精装,两梯八户,自供暖,有,70年,null,null,null,2017-03-10,商品房,2016-07-12,普通住宅,暂无数据,非共有,有抵押 140万元 建设银行,已上传房本照片,0,null
海淀,五道口,36,4,500,57006元/平米,红杉国际公寓,2房间1卫,高楼层 (共19层),87.71㎡,暂无数据,65.63㎡,板塔结合,西,钢混结构,精装,两梯九户,集中供暖,有,70年,民水,民电,2.28元/m3,2017-07-27,商品房,2013-07-23,商业办公类,满两年,非共有,无抵押,已上传房本照片,0,null
海淀,五道口,7,0,400,77280元/平米,龙湖唐宁one,1房间1卫,高楼层 (共7层),51.76㎡,暂无数据,41.16㎡,板楼,南,钢混结构,精装,两梯三十户,集中供暖,有,40年,民水,商电,0元/m3,2017-07-27,商品房,2013-06-19,商业办公类,满两年,非共有,无抵押,已上传房本照片,0,null
海淀,五道口,8,0,1160,99836元/平米,东升园,2室2厅1厨2卫,低楼层 (共20层),116.19㎡,暂无数据,暂无数据,塔楼,西,钢混结构,简装,两梯六户,集中供暖,有,70年,null,null,null,2017-07-15,已购公房,2001-05-23,普通住宅,满五年,非共有,无抵押,已上传房本照片,0,null
海淀,五道口,55,3,1050,108718元/平米,华清嘉园,2室1厅1厨1卫,低楼层 (共18层),96.58㎡,暂无数据,70㎡,塔楼,东,钢混结构,精装,两梯九户,自供暖,有,70年,null,null,null,2017-04-08,私产,2004-04-21,普通住宅,满五年,共有,无抵押,已上传房本照片,0,null
海淀,五道口,4,0,395,56631元/平米,财智国际大厦,1室0厅0厨0卫,低楼层 (共18层),69.75㎡,暂无数据,暂无数据,板塔结合,南,钢混结构,精装,四梯十一户,集中供暖,有,70年,null,null,null,2017-07-28,商品房,2009-10-23,公寓,满五年,非共有,无抵押,已上传房本照片,0,null
海淀,五道口,8,4,550,78236元/平米,学院路甲9号院,3室1厅1厨1卫,高楼层 (共6层),70.3㎡,暂无数据,暂无数据,板楼,南 北,混合结构,精装,一梯两户,集中供暖,无,70年,null,null,null,2017-09-09,已购公房,1996-05-29,普通住宅,满五年,非共有,无抵押,已上传房本照片,4,null
