城区,区域,关注,带看,挂牌价,单价,小区,房屋户型,所在楼层,建筑面积,户型结构,套内面积,建筑类型,房屋朝向,建筑结构,装修情况,梯户比例,供暖方式,配备电梯,产权年限,用水类型,用电类型,燃气价格,挂牌时间,交易属性,上次交易,房屋用途,房屋年限,产权所属,抵押信心,房本备件,近七天带看,地铁
海淀,中关村,38,25,760,117284元/平米,东南小区,2室1厅1厨1卫,低楼层 (共16层),64.8㎡,暂无数据,45.9㎡,塔楼,南,钢混结构,其他,两梯八户,集中供暖,有,70年,null,null,null,2017-07-29,央产房,2004-12-16,普通住宅,满五年,非共有,无抵押,已上传房本照片,14,距离10号线知春里站559米
海淀,中关村,24,44,730,121061元/平米,中关村东大院,2室1厅1厨1卫,中楼层 (共6层),60.3㎡,平层,40.9㎡,板楼,南 北,混合结构,简装,一梯三户,集中供暖,无,70年,null,null,null,2017-07-27,已购公房,2013-10-10,普通住宅,满两年,非共有,无抵押,已上传房本照片,9,null
海淀,中关村,25,32,1050,113969元/平米,科育小区,3室1厅1厨1卫,中楼层 (共4层),92.13㎡,暂无数据,66.12㎡,板楼,南 北,混合结构,简装,一梯两户,集中供暖,无,70年,null,null,null,2017-08-28,央产房,2015-06-01,普通住宅,满两年,共有,无抵押,已上传房本照片,12,null
海淀,中关村,118,79,580,99983元/平米,知春路丙18号院,2室1厅1厨1卫,高楼层 (共6层),58.01㎡,暂无数据,暂无数据,板楼,南 北,混合结构,精装,一梯两户,集中供暖,无,70年,null,null,null,2017-06-26,已购公房,2001-03-02,普通住宅,满五年,非共有,无抵押,已上传房本照片,3,null
海淀,中关村,50,74,770,106574元/平米,中关村,3室1厅1厨1卫,底层 (共6层),72.25㎡,暂无数据,50㎡,板楼,东 西,混合结构,简装,一梯三户,集中供暖,无,70年,null,null,null,2017-05-14,已购公房,2001-05-28,普通住宅,满五年,非共有,无抵押,已上传房本照片,14,null
海淀,中关村,61,36,740,124161元/平米,东南小区,2室1厅1厨1卫,顶层 (共6层),59.6㎡,暂无数据,52㎡,板楼,南 北,混合结构,精装,一梯三户,集中供暖,无,70年,null,null,null,2017-08-14,央产房,2000-02-14,普通住宅,满五年,非共有,无抵押,已上传房本照片,15,null
海淀,中关村,43,13,1600,127632元/平米,东南小区,3室1厅1厨2卫,高楼层 (共11层),125.36㎡,暂无数据,75.59㎡,板塔结合,南 北,钢混结构,精装,两梯十八户,集中供暖,有,70年,null,null,null,2017-08-22,商品房,2011-03-07,普通住宅,满五年,共有,有抵押 150万元,已上传房本照片,6,null
海淀,中关村,40,16,868,115426元/平米,中关村南三街,3室1厅1厨1卫,中楼层 (共12层),75.2㎡,暂无数据,52.9㎡,板塔结合,南 西 北,钢混结构,简装,两梯十户,集中供暖,有,70年,null,null,null,2017-08-21,央产房,2000-02-14,普通住宅,满五年,非共有,无抵押,已上传房本照片,5,null
海淀,中关村,21,8,710,134725元/平米,黄庄小区,2室1厅1厨1卫,底层 (共5层),52.7㎡,暂无数据,37.1㎡,板楼,南,混合结构,精装,一梯三户,集中供暖,无,70年,null,null,null,2017-09-06,央产房,2009-01-08,普通住宅,满五年,非共有,有抵押 40万元 中信 业主自还,已上传房本照片,8,null
海淀,中关村,40,113,999,125977元/平米,空间物理所小区,3室1厅1厨1卫,高楼层 (共6层),79.3㎡,平层,89.3㎡,板楼,南 北,混合结构,精装,一梯两户,集中供暖,无,70年,null,null,null,2016-12-05,商品房,2009-03-06,普通住宅,满五年,非共有,无抵押,已上传房本照片,9,null
海淀,中关村,34,44,1110,84411元/平米,怡升园,2室1厅1厨2卫,低楼层 (共14层),131.5㎡,暂无数据,106.33㎡,板塔结合,南 北,钢混结构,简装,一梯两户,集中供暖,有,70年,null,null,null,2017-05-29,私产,2004-02-11,普通住宅,满五年,非共有,无抵押,已上传房本照片,8,null
海淀,中关村,18,9,1580,132539元/平米,东南小区,3室2厅1厨1卫,底层 (共6层),119.21㎡,暂无数据,暂无数据,板楼,南 北,混合结构,简装,一梯两户,集中供暖,无,70年,null,null,null,2017-08-19,央产房,2005-08-01,普通住宅,满五年,共有,无抵押,已上传房本照片,4,null
海淀,中关村,30,19,665,110539元/平米,中关村,2室1厅1厨1卫,低楼层 (共6层),60.16㎡,平层,42㎡,板楼,南 北,混合结构,简装,一梯两户,集中供暖,无,70年,null,null,null,2017-09-01,私产,2006-02-21,普通住宅,满五年,非共有,无抵押,已上传房本照片,11,null
海淀,中关村,43,23,665,101326元/平米,中关村,2室1厅1厨1卫,高楼层 (共6层),65.63㎡,暂无数据,50㎡,板楼,南 西 北,混合结构,简装,一梯两户,集中供暖,无,70年,null,null,null,2017-07-25,商品房,2017-06-21,普通住宅,暂无数据,非共有,有抵押 500万元 工行 业主自还,已上传房本照片,2,null
海淀,中关村,63,23,1030,124547元/平米,东南小区,3室1厅1厨1卫,顶层 (共5层),82.7㎡,平层,57.1㎡,板楼,南 北,混合结构,精装,一梯两户,集中供暖,无,70年,null,null,null,2017-07-14,央产房,2011-05-10,普通住宅,满五年,共有,无抵押,已上传房本照片,3,null
海淀,中关村,14,3,720,107962元/平米,科育小区,2室1厅1厨1卫,顶层 (共4层),66.69㎡,暂无数据,52.3㎡,板楼,南 北,混合结构,精装,一梯三户,集中供暖,无,70年,null,null,null,2017-08-17,央产房,2002-01-22,普通住宅,满五年,非共有,无抵押,已上传房本照片,2,null
海淀,中关村,120,74,489,123797元/平米,东南小区,1室1厅1厨1卫,低楼层 (共12层),39.5㎡,平层,26.7㎡,板塔结合,南,钢混结构,简装,一梯八户,集中供暖,有,70年,null,null,null,2017-06-08,商品房,2011-04-13,普通住宅,满五年,非共有,无抵押,已上传房本照片,9,null
海淀,中关村,44,26,1050,79848元/平米,怡升园,2室1厅1厨2卫,低楼层 (共14层),131.5㎡,暂无数据,暂无数据,板塔结合,南 北,钢混结构,简装,一梯两户,集中供暖,有,70年,null,null,null,2017-04-16,私产,2005-05-30,普通住宅,满五年,非共有,无抵押,已上传房本照片,0,null
海淀,中关村,8,0,610,96108元/平米,荣上居,2室1厅1厨1卫,低楼层 (共18层),63.47㎡,暂无数据,45.74㎡,板楼,东,钢混结构,精装,四梯二十七户,集中供暖,有,70年,null,null,null,2017-08-25,商品房,2009-09-22,普通住宅,满五年,非共有,有抵押 178万元 工商 客户偿还,已上传房本照片,0,null
海淀,中关村,38,20,915,125171元/平米,黄庄小区,3室1厅1厨1卫,中楼层 (共16层),73.1㎡,平层,47.2㎡,塔楼,东北,钢混结构,毛坯,两梯八户,集中供暖,有,70年,null,null,null,2017-04-12,央产房,2002-01-22,普通住宅,满五年,非共有,无抵押,已上传房本照片,2,null
海淀,中关村,25,49,1120,132701元/平米,科熙小区,3室1厅1厨1卫,中楼层 (共6层),84.4㎡,暂无数据,暂无数据,板楼,南 北,混合结构,简装,一梯两户,集中供暖,无,70年,null,null,null,2017-07-03,央产房,1999-10-26,普通住宅,满五年,非共有,无抵押,已上传房本照片,4,null
海淀,中关村,10,3,890,125176元/平米,科熙小区,2室1厅1厨1卫,高楼层 (共6层),71.1㎡,暂无数据,42.8㎡,板楼,东 南 西,混合结构,精装,一梯三户,集中供暖,无,70年,null,null,null,2017-08-29,央产房,2002-01-11,普通住宅,满五年,非共有,无抵押,已上传房本照片,3,null
海淀,中关村,23,22,620,99534元/平米,中关村,1室1厅1厨1卫,中楼层 (共6层),62.29㎡,平层,44.72㎡,板楼,东南,混合结构,其他,一梯二十二户,集中供暖,无,70年,null,null,null,2017-07-09,商品房,2012-03-27,普通住宅,满五年,非共有,暂无数据,已上传房本照片,1,null
海淀,中关村,61,35,744,124874元/平米,教委计生委大院,2室1厅1厨1卫,底层 (共7层),59.58㎡,暂无数据,暂无数据,板楼,南 北,混合结构,精装,一梯两户,集中供暖,无,70年,null,null,null,2017-05-26,商品房,2012-05-22,普通住宅,满五年,非共有,有抵押 80万元 业主自还,已上传房本照片,4,null
海淀,中关村,29,14,938,109070元/平米,教委计生委大院,3室1厅1厨1卫,低楼层 (共7层),86㎡,暂无数据,暂无数据,板楼,南 北,混合结构,精装,一梯两户,集中供暖,无,70年,null,null,null,2017-08-12,央产房,2004-12-13,普通住宅,满五年,非共有,无抵押,已上传房本照片,6,null
海淀,中关村,45,23,1480,99899元/平米,怡升园,3室1厅1厨2卫,中楼层 (共14层),148.15㎡,平层,154.89㎡,板塔结合,东 西南,钢混结构,简装,一梯两户,集中供暖,有,70年,null,null,null,2017-02-14,商品房,2004-04-28,普通住宅,满五年,非共有,无抵押,已上传房本照片,0,null
海淀,中关村,50,23,1020,126551元/平米,东南小区,3室1厅1厨1卫,顶层 (共5层),80.6㎡,暂无数据,56.3㎡,板楼,南 北,混合结构,精装,一梯两户,集中供暖,无,70年,null,null,null,2017-08-06,商品房,2015-06-10,普通住宅,满两年,非共有,有抵押,已上传房本照片,1,null
海淀,中关村,23,36,1050,121472元/平米,科育小区,3室1厅1厨1卫,顶层 (共4层),86.44㎡,平层,63.24㎡,板楼,南 北,混合结构,精装,一梯四户,集中供暖,无,70年,null,null,null,2017-07-15,商品房,2012-05-10,普通住宅,满五年,非共有,无抵押,已上传房本照片,5,null
海淀,中关村,88,60,770,123397元/平米,东南小区,2室1厅1厨1卫,高楼层 (共6层),62.4㎡,暂无数据,60㎡,板楼,南 北,混合结构,其他,一梯三户,集中供暖,无,70年,null,null,null,2017-04-16,商品房,2014-05-12,普通住宅,满两年,非共有,暂无数据,已上传房本照片,14,null
海淀,中关村,87,108,760,130584元/平米,东南小区,2室1厅1厨1卫,高楼层 (共12层),58.2㎡,暂无数据,40㎡,板塔结合,南,钢混结构,精装,一梯八户,集中供暖,有,70年,null,null,null,2017-05-08,商品房,2010-10-21,普通住宅,满五年,非共有,无抵押,已上传房本照片,9,null
海淀,中关村,14,4,800,134907元/平米,科育小区,2室1厅1厨1卫,中楼层 (共5层),59.3㎡,暂无数据,41.5㎡,板楼,南 北,混合结构,其他,一梯三户,集中供暖,无,70年,null,null,null,2017-09-05,央产房,2008-09-27,普通住宅,满五年,非共有,暂无数据,已上传房本照片,4,距离4号线中关村站1196米
海淀,中关村,121,71,1093,134938元/平米,东南小区,3室1厅1厨1卫,中楼层 (共5层),81㎡,平层,暂无数据,板楼,南 北,砖混结构,简装,一梯两户,集中供暖,无,70年,null,null,null,2017-02-09,央产房,2016-11-25,普通住宅,暂无数据,非共有,无抵押,已上传房本照片,2,null
海淀,中关村,81,19,1000,120337元/平米,空间物理所小区,3室1厅1厨1卫,高楼层 (共6层),83.1㎡,平层,暂无数据,板楼,南 北,混合结构,精装,一梯两户,集中供暖,无,70年,null,null,null,2017-05-01,商品房,2013-02-01,普通住宅,满两年,非共有,有抵押 104万元 客户偿还,已上传房本照片,6,null
海淀,中关村,29,8,1450,89867元/平米,教委计生委大院,4室2厅1厨2卫,高楼层 (共7层),161.35㎡,复式,暂无数据,板楼,南 北,混合结构,精装,一梯两户,集中供暖,无,70年,null,null,null,2017-06-05,商品房,2014-03-03,普通住宅,满两年,非共有,有抵押 500万元,已上传房本照片,1,null
海淀,中关村,27,24,718,116691元/平米,科育小区,2室1厅1厨1卫,中楼层 (共4层),61.53㎡,平层,42.41㎡,板楼,南 北,混合结构,其他,一梯两户,集中供暖,无,70年,null,null,null,2017-07-29,央产房,2002-11-18,普通住宅,满五年,非共有,暂无数据,已上传房本照片,11,null
海淀,中关村,8,4,1066,73044元/平米,恒兴大厦,4室1厅1厨1卫,高楼层 (共25层),145.94㎡,暂无数据,暂无数据,塔楼,西 北,钢混结构,简装,三梯八户,自供暖,有,70年,null,null,null,2017-08-17,私产,2004-03-22,普通住宅,满五年,非共有,无抵押,已上传房本照片,0,null
海淀,中关村,43,7,530,99568元/平米,荣上居,1室1厅1厨1卫,高楼层 (共18层),53.23㎡,平层,38.36㎡,板楼,东,钢混结构,精装,四梯二十七户,集中供暖,有,70年,null,null,null,2017-04-26,商品房,2009-08-27,普通住宅,满五年,非共有,有抵押 客户偿还,已上传房本照片,0,null
海淀,中关村,19,7,800,119403元/平米,中关村,2室1厅1厨1卫,中楼层 (共6层),67㎡,暂无数据,暂无数据,板楼,南 北,混合结构,精装,一梯两户,集中供暖,无,70年,null,null,null,2017-06-06,已购公房,2005-06-14,普通住宅,满五年,非共有,无抵押,已上传房本照片,3,null
海淀,中关村,192,73,405,77040元/平米,知春路丙18号院,2室1厅1厨1卫,地下室 (共6层),52.57㎡,暂无数据,暂无数据,板楼,南 北,混合结构,精装,一梯两户,集中供暖,无,70年,null,null,null,2017-03-20,已购公房,2003-01-09,普通住宅,满五年,非共有,无抵押,已上传房本照片,0,null
海淀,中关村,20,66,530,110925元/平米,中关村,1室1厅1厨1卫,中楼层 (共6层),47.78㎡,暂无数据,暂无数据,板楼,西,混合结构,简装,一梯二十二户,集中供暖,无,70年,null,null,null,2017-06-01,商品房,2012-09-27,普通住宅,满两年,非共有,暂无数据,已上传房本照片,0,null
海淀,中关村,29,2,556,107129元/平米,大泥湾,2室1厅1厨1卫,高楼层 (共6层),51.9㎡,暂无数据,暂无数据,板楼,南,混合结构,其他,一梯三户,集中供暖,无,70年,null,null,null,2017-08-26,商品房,2012-12-05,普通住宅,满两年,共有,暂无数据,已上传房本照片,1,null
海淀,中关村,103,26,420,107831元/平米,荣上居,1室0厅1厨1卫,低楼层 (共18层),38.95㎡,平层,28.07㎡,板楼,南,钢混结构,精装,四梯二十七户,集中供暖,有,70年,null,null,null,2017-06-29,商品房,2008-10-13,普通住宅,满五年,非共有,无抵押,已上传房本照片,0,null
海淀,中关村,20,1,720,120000元/平米,黄庄小区,2室1厅1厨1卫,中楼层 (共10层),60㎡,平层,42.3㎡,板塔结合,东,钢混结构,简装,一梯四户,集中供暖,有,70年,null,null,null,2017-04-30,央产房,2004-12-13,普通住宅,满五年,非共有,无抵押,已上传房本照片,0,null
海淀,中关村,14,3,760,122186元/平米,中关村东大院,2室1厅1厨1卫,低楼层 (共6层),62.2㎡,暂无数据,40.9㎡,板楼,东 西,混合结构,精装,一梯三户,集中供暖,无,70年,null,null,null,2017-04-09,私产,2007-01-31,普通住宅,满五年,非共有,有抵押 1100000万元 中信银行 业主自还,已上传房本照片,1,null
海淀,中关村,66,15,880,61145元/平米,恒兴大厦,3室1厅1厨1卫,中楼层 (共25层),143.92㎡,平层,114.47㎡,塔楼,东北,钢混结构,精装,三梯八户,自供暖,有,70年,null,null,null,2017-04-03,商品房,2014-08-11,普通住宅,满两年,非共有,无抵押,已上传房本照片,1,null
海淀,中关村,32,0,498,93556元/平米,荣上居,1室1厅1厨1卫,低楼层 (共18层),53.23㎡,平层,38.36㎡,板楼,东,钢混结构,精装,四梯二十七户,集中供暖,有,70年,null,null,null,2017-08-06,商品房,2008-08-15,普通住宅,满五年,非共有,无抵押,已上传房本照片,0,null
海淀,中关村,138,50,870,125360元/平米,东南小区,2室1厅1厨1卫,中楼层 (共12层),69.4㎡,平层,暂无数据,板塔结合,南 北,钢混结构,简装,一梯八户,集中供暖,有,70年,null,null,null,2017-02-27,央产房,2002-11-18,普通住宅,满五年,非共有,无抵押,已上传房本照片,1,null
海淀,中关村,20,8,728,118374元/平米,东南小区,2室1厅1厨1卫,中楼层 (共16层),61.5㎡,暂无数据,41.4㎡,塔楼,西北,钢混结构,其他,两梯八户,集中供暖,有,70年,null,null,null,2017-08-06,商品房,2010-03-19,普通住宅,满五年,非共有,暂无数据,已上传房本照片,6,null
海淀,中关村,23,1,788,131333元/平米,东南小区,2室1厅1厨1卫,顶层 (共6层),60㎡,暂无数据,42㎡,板楼,南 北,混合结构,其他,一梯三户,集中供暖,无,70年,null,null,null,2017-09-02,央产房,2001-11-26,普通住宅,满五年,非共有,暂无数据,已上传房本照片,1,null
海淀,中关村,33,41,640,111888元/平米,中关村东大院,2室1厅1厨1卫,底层 (共6层),57.2㎡,平层,暂无数据,板楼,东 西,混合结构,简装,一梯三户,集中供暖,无,70年,null,null,null,2016-12-23,商品房,2014-08-12,普通住宅,满两年,共有,无抵押,已上传房本照片,0,null
海淀,中关村,63,9,850,133020元/平米,科育小区,2室1厅1厨1卫,底层 (共6层),63.9㎡,暂无数据,42.78㎡,板楼,南 北,混合结构,精装,一梯两户,集中供暖,无,70年,null,null,null,2017-06-12,商品房,2011-10-13,普通住宅,满五年,非共有,有抵押 30万元 工商银行 业主自还,已上传房本照片,1,null
海淀,中关村,40,28,1240,69954元/平米,恒兴大厦,3室2厅1厨1卫,中楼层 (共25层),177.26㎡,平层,暂无数据,塔楼,南,钢混结构,精装,三梯八户,自供暖,有,70年,null,null,null,2017-04-02,商品房,2016-11-11,普通住宅,暂无数据,非共有,有抵押 343万元 兴业银行 客户偿还,已上传房本照片,0,null
海淀,中关村,18,18,420,104738元/平米,荣上居,1室0厅1厨1卫,高楼层 (共18层),40.1㎡,暂无数据,28.9㎡,板楼,西 北,钢混结构,精装,四梯二十七户,集中供暖,有,70年,null,null,null,2017-07-06,商品房,2014-07-17,普通住宅,满两年,非共有,无抵押,已上传房本照片,0,null
海淀,中关村,38,15,648,135000元/平米,黄庄小区,1室1厅1厨1卫,低楼层 (共16层),48㎡,平层,36㎡,塔楼,南,钢混结构,精装,两梯八户,集中供暖,有,70年,null,null,null,2017-05-04,商品房,2015-08-17,普通住宅,满两年,非共有,有抵押 80万元 建设银行 业主自还,已上传房本照片,0,null
海淀,中关村,5,17,600,127660元/平米,中关村东大院,1室1厅1厨1卫,底层 (共6层),47㎡,暂无数据,暂无数据,板楼,南,混合结构,其他,一梯三户,集中供暖,无,70年,null,null,null,2017-07-08,商品房,2012-12-04,普通住宅,满两年,非共有,暂无数据,已上传房本照片,1,null
海淀,中关村,19,3,1180,134458元/平米,科育小区,3室1厅1厨1卫,中楼层 (共4层),87.76㎡,暂无数据,暂无数据,板楼,西南 北,混合结构,毛坯,一梯两户,集中供暖,无,70年,null,null,null,2017-09-02,央产房,2016-12-26,普通住宅,暂无数据,非共有,无抵押,已上传房本照片,3,null
海淀,中关村,5,16,710,107089元/平米,科熙小区,2室1厅1厨1卫,顶层 (共6层),66.3㎡,暂无数据,暂无数据,板楼,西,混合结构,其他,一梯三户,集中供暖,无,70年,null,null,null,2017-04-03,央产房,1999-10-26,普通住宅,满五年,非共有,暂无数据,已上传房本照片,3,null
海淀,中关村,68,32,925,129916元/平米,科育小区,3室1厅1厨1卫,中楼层 (共5层),71.2㎡,暂无数据,50.4㎡,板楼,南 北,混合结构,简装,一梯三户,集中供暖,无,70年,null,null,null,2017-06-08,商品房,2017-05-31,普通住宅,暂无数据,非共有,暂无数据,已上传房本照片,1,null
海淀,中关村,160,47,780,126623元/平米,东南小区,2室1厅1厨1卫,低楼层 (共12层),61.6㎡,平层,55㎡,板塔结合,南,钢混结构,精装,一梯八户,集中供暖,有,70年,null,null,null,2016-07-29,商品房,2013-09-04,普通住宅,满两年,非共有,无抵押,已上传房本照片,0,null
海淀,中关村,43,15,780,133791元/平米,中关村南三街,2室1厅1厨1卫,高楼层 (共12层),58.3㎡,平层,暂无数据,板塔结合,南 北,钢混结构,精装,两梯十户,集中供暖,有,70年,null,null,null,2017-03-20,央产房,2002-01-22,普通住宅,满五年,非共有,无抵押,已上传房本照片,0,null
海淀,中关村,83,6,850,131173元/平米,东南小区,2室1厅1厨1卫,中楼层 (共16层),64.8㎡,暂无数据,暂无数据,塔楼,南,钢混结构,精装,两梯八户,集中供暖,有,70年,null,null,null,2017-03-18,商品房,2014-11-18,普通住宅,满两年,共有,有抵押 80万元 建设 业主自还,已上传房本照片,1,距离10号线知春路站520米
海淀,中关村,16,0,630,107325元/平米,大泥湾,2室1厅1厨1卫,顶层 (共6层),58.7㎡,暂无数据,暂无数据,板楼,南 北,混合结构,简装,一梯两户,集中供暖,无,70年,null,null,null,2017-05-09,已购公房,1999-11-10,普通住宅,满五年,非共有,无抵押,已上传房本照片,0,null
海淀,中关村,24,10,850,132813元/平米,航天社区,2室1厅1厨1卫,中楼层 (共14层),64㎡,平层,45㎡,板塔结合,南,钢混结构,精装,两梯八户,集中供暖,有,70年,null,null,null,2017-04-08,商品房,2009-05-15,普通住宅,满五年,非共有,无抵押,已上传房本照片,0,null
海淀,中关村,6,0,800,103493元/平米,中关村东大院,3室1厅1厨1卫,顶层 (共6层),77.3㎡,暂无数据,56.9㎡,板楼,南 西,混合结构,简装,一梯三户,集中供暖,无,70年,null,null,null,2017-06-26,商品房,2014-07-09,普通住宅,满两年,非共有,有抵押 780万元 个人 客户偿还,已上传房本照片,0,null
海淀,中关村,63,20,1400,123675元/平米,科育小区,4室1厅1厨1卫,中楼层 (共4层),113.2㎡,暂无数据,暂无数据,板楼,南 北,混合结构,精装,一梯两户,集中供暖,无,70年,null,null,null,2017-06-16,央产房,2016-09-27,普通住宅,暂无数据,共有,无抵押,已上传房本照片,0,null
海淀,中关村,24,0,2560,99957元/平米,怡升园,4室3厅2厨4卫,中楼层 (共14层),256.11㎡,暂无数据,暂无数据,板塔结合,南 北,钢混结构,精装,一梯两户,集中供暖,有,70年,null,null,null,2017-04-27,私产,2007-11-12,普通住宅,满五年,非共有,暂无数据,已上传房本照片,0,null
海淀,中关村,62,24,700,61761元/平米,理想大厦,4室2厅1厨1卫,高楼层 (共20层),113.34㎡,暂无数据,78.39㎡,塔楼,东北,钢混结构,简装,三梯十户,集中供暖,有,70年,null,null,null,2017-05-03,商品房,2010-04-02,普通住宅,满五年,非共有,有抵押 100万元 业主自还,已上传房本照片,2,null
海淀,中关村,12,7,700,108662元/平米,怡升园,1室1厅1厨1卫,中楼层 (共14层),64.42㎡,暂无数据,52.09㎡,板塔结合,东 西,钢混结构,简装,一梯四户,集中供暖,有,70年,null,null,null,2017-04-12,商品房,2011-04-26,普通住宅,满五年,非共有,有抵押 120万元 建设银行 客户偿还,已上传房本照片,0,null
海淀,中关村,24,7,800,114123元/平米,大泥湾,3室1厅1厨1卫,中楼层 (共6层),70.1㎡,平层,49.6㎡,板楼,南 北,混合结构,其他,一梯三户,集中供暖,无,70年,null,null,null,2017-08-03,已购公房,2014-08-08,普通住宅,满两年,共有,暂无数据,已上传房本照片,2,null
海淀,中关村,60,4,890,128242元/平米,东南小区,2室1厅1厨1卫,低楼层 (共12层),69.4㎡,暂无数据,暂无数据,板塔结合,南 北,钢混结构,精装,一梯八户,集中供暖,有,70年,null,null,null,2017-05-25,商品房,2015-04-30,普通住宅,满两年,非共有,无抵押,已上传房本照片,1,null
海淀,中关村,55,5,590,103400元/平米,荣上居,2室1厅1厨1卫,顶层 (共18层),57.06㎡,暂无数据,41.12㎡,板楼,东,钢混结构,精装,四梯二十七户,集中供暖,有,70年,null,null,null,2017-06-17,商品房,2015-08-19,普通住宅,满两年,非共有,有抵押 200万元 工商银行 客户偿还,已上传房本照片,0,null
海淀,中关村,42,14,380,93229元/平米,荣上居,1室1厅1厨1卫,中楼层 (共18层),40.76㎡,暂无数据,29.37㎡,板楼,东,钢混结构,其他,四梯二十七户,集中供暖,有,70年,null,null,null,2017-07-21,商品房,2013-09-10,普通住宅,满两年,共有,暂无数据,已上传房本照片,0,null
海淀,中关村,41,5,730,123519元/平米,科育小区,2室2厅1厨1卫,高楼层 (共6层),59.1㎡,暂无数据,暂无数据,板楼,南 北,混合结构,简装,一梯三户,集中供暖,无,70年,null,null,null,2017-05-05,商品房,2011-01-25,普通住宅,满五年,非共有,无抵押,已上传房本照片,1,null
海淀,中关村,21,4,680,99648元/平米,知春路47号院,2室1厅1厨1卫,高楼层 (共6层),68.24㎡,平层,暂无数据,板楼,南 北,混合结构,精装,一梯两户,集中供暖,无,70年,null,null,null,2017-07-29,已购公房,2001-07-09,普通住宅,满五年,非共有,无抵押,已上传房本照片,0,null
海淀,中关村,74,16,1497,124958元/平米,教委计生委大院,3室2厅1厨2卫,中楼层 (共7层),119.8㎡,平层,110㎡,板楼,南 北,混合结构,简装,一梯两户,集中供暖,无,70年,null,null,null,2017-04-03,央产房,2016-07-07,普通住宅,暂无数据,非共有,无抵押,已上传房本照片,4,null
海淀,中关村,15,0,350,81528元/平米,紫金数码,1房间1卫,中楼层 (共13层),42.93㎡,暂无数据,30.58㎡,板塔结合,东,钢混结构,精装,四梯二十八户,集中供暖,有,70年,民水,民电,0元/m3,2017-07-27,私产,2008-10-14,商业办公类,满五年,非共有,无抵押,已上传房本照片,0,null
海淀,中关村,17,11,830,120956元/平米,科育小区,2室1厅1厨1卫,顶层 (共4层),68.62㎡,暂无数据,暂无数据,板楼,南,混合结构,简装,一梯四户,集中供暖,无,70年,null,null,null,2017-08-08,央产房,2017-05-19,普通住宅,暂无数据,非共有,无抵押,已上传房本照片,3,null
海淀,中关村,61,10,920,106236元/平米,软件园小区,3室1厅1厨1卫,顶层 (共6层),86.6㎡,平层,60.7㎡,板楼,南 北,混合结构,精装,一梯两户,集中供暖,无,70年,null,null,null,2017-06-06,商品房,2016-06-24,普通住宅,暂无数据,非共有,有抵押 业主自还,已上传房本照片,1,null
海淀,中关村,9,3,600,128755元/平米,中关村东大院,1室1厅1厨1卫,低楼层 (共6层),46.6㎡,暂无数据,40㎡,板楼,南,混合结构,精装,一梯三户,集中供暖,无,70年,null,null,null,2017-08-08,已购公房,2017-03-24,普通住宅,暂无数据,非共有,无抵押,已上传房本照片,2,null
海淀,中关村,51,1,630,131250元/平米,黄庄小区,1室1厅1厨1卫,中楼层 (共16层),48㎡,暂无数据,36.9㎡,塔楼,南,钢混结构,简装,两梯八户,集中供暖,有,70年,null,null,null,2017-05-25,商品房,2014-12-08,普通住宅,满两年,非共有,无抵押,已上传房本照片,0,null
海淀,中关村,19,1,300,75911元/平米,紫金数码,1房间1卫,低楼层 (共13层),39.52㎡,平层,28.15㎡,板塔结合,东,钢混结构,精装,四梯二十八户,集中供暖,有,70年,民水,民电,0元/m3,2017-08-16,商品房,2016-08-29,商业办公类,暂无数据,共有,有抵押 80万元 工商银行 业主自还,已上传房本照片,0,null
海淀,中关村,15,2,343,79898元/平米,紫金数码,1房间1卫,中楼层 (共13层),42.93㎡,暂无数据,30.58㎡,板塔结合,东,钢混结构,精装,四梯三十一户,集中供暖,有,70年,民水,民电,0元/m3,2017-07-27,商品房,2015-04-29,商业办公类,满两年,非共有,无抵押,已上传房本照片,0,null
海淀,中关村,8,0,820,124469元/平米,科育小区,2室1厅1厨1卫,中楼层 (共4层),65.88㎡,暂无数据,53㎡,板楼,南,混合结构,简装,一梯四户,集中供暖,无,70年,null,null,null,2017-05-16,央产房,2015-12-11,普通住宅,暂无数据,非共有,无抵押,已上传房本照片,0,null
海淀,中关村,89,38,1950,76139元/平米,怡升园,4室2厅1厨2卫,中楼层 (共14层),256.11㎡,暂无数据,暂无数据,板塔结合,南 北,钢混结构,简装,一梯两户,集中供暖,有,70年,null,null,null,2015-12-18,私产,2004-04-28,普通住宅,满五年,非共有,无抵押,已上传房本照片,0,null
海淀,中关村,8,7,750,123681元/平米,中关村,2室1厅1厨1卫,中楼层 (共6层),60.64㎡,暂无数据,暂无数据,板楼,西南,混合结构,简装,一梯三户,集中供暖,无,70年,null,null,null,2017-06-17,商品房,2011-03-01,普通住宅,满五年,非共有,有抵押,已上传房本照片,1,null
海淀,中关村,2,0,2100,72227元/平米,希格玛公寓,3室1厅1厨2卫,高楼层 (共20层),290.75㎡,平层,暂无数据,塔楼,南 西,钢混结构,简装,两梯六户,集中供暖,有,70年,null,null,null,2017-08-29,私产,2001-05-23,普通住宅,满五年,非共有,无抵押,已上传房本照片,0,null
海淀,中关村,73,0,650,131579元/平米,科育小区,2室1厅1厨1卫,顶层 (共5层),49.4㎡,平层,35.5㎡,板楼,南 北,混合结构,毛坯,一梯三户,集中供暖,无,70年,null,null,null,2017-06-12,央产房,2000-02-14,普通住宅,满五年,非共有,无抵押,已上传房本照片,0,null
海淀,中关村,30,3,480,91151元/平米,荣上居,1室1厅1厨1卫,中楼层 (共18层),52.66㎡,平层,37.95㎡,板楼,东,钢混结构,精装,四梯二十七户,集中供暖,有,70年,null,null,null,2017-05-31,商品房,2008-10-13,普通住宅,满五年,非共有,无抵押,已上传房本照片,0,null
海淀,中关村,32,0,760,129252元/平米,航天社区,2室1厅1厨1卫,中楼层 (共16层),58.8㎡,平层,40.6㎡,塔楼,南,钢混结构,简装,两梯十户,集中供暖,有,70年,null,null,null,2017-06-15,央产房,2007-06-25,普通住宅,满五年,非共有,暂无数据,已上传房本照片,0,null
海淀,中关村,9,0,1050,121697元/平米,航天社区,2室1厅1厨1卫,高楼层 (共16层),86.28㎡,暂无数据,暂无数据,塔楼,东,钢混结构,简装,两梯八户,集中供暖,有,70年,null,null,null,2017-08-09,商品房,2015-05-06,普通住宅,满两年,非共有,有抵押 330万元 工商银行 业主自还,已上传房本照片,0,null
海淀,中关村,6,0,1000,114548元/平米,中关村,3室1厅1厨1卫,顶层 (共6层),87.3㎡,平层,60.9㎡,板楼,东南 北,混合结构,其他,一梯两户,集中供暖,无,70年,null,null,null,2017-09-09,商品房,2016-09-18,普通住宅,暂无数据,非共有,暂无数据,已上传房本照片,0,距离10号线知春里站950米
