城区,区域,关注,带看,挂牌价,单价,小区,房屋户型,所在楼层,建筑面积,户型结构,套内面积,建筑类型,房屋朝向,建筑结构,装修情况,梯户比例,供暖方式,配备电梯,产权年限,用水类型,用电类型,燃气价格,挂牌时间,交易属性,上次交易,房屋用途,房屋年限,产权所属,抵押信心,房本备件,近七天带看,地铁
东城,永定门,156,29,1800,68371元/平米,新奥洋房,4室1厅1厨3卫,顶层 (共6层),263.27㎡,暂无数据,213.57㎡,板楼,东 南 北,钢混结构,精装,一梯三户,自供暖,有,70年,null,null,null,2017-05-06,私产,2008-09-17,普通住宅,满五年,非共有,有抵押 40万元 业主自还,已上传房本照片,1,距离14号线(东段)永定门外站501米
东城,永定门,73,23,580,64797元/平米,宝华家园,2室1厅1厨1卫,低楼层 (共24层),89.51㎡,暂无数据,73.73㎡,塔楼,东南,钢混结构,简装,一梯八户,暂无数据,暂无数据,40年,null,null,null,2017-07-30,私产,2001-07-16,普通住宅,满五年,非共有,无抵押,已上传房本照片,2,null
东城,永定门,115,30,580,64797元/平米,宝华家园,2室1厅1厨1卫,中楼层 (共24层),89.51㎡,暂无数据,73.73㎡,塔楼,西南,钢混结构,简装,一梯八户,暂无数据,暂无数据,40年,null,null,null,2017-07-03,私产,2003-01-24,普通住宅,满五年,非共有,无抵押,已上传房本照片,2,null
东城,永定门,24,5,786,77961元/平米,天天家园,2室1厅1厨1卫,高楼层 (共11层),100.82㎡,暂无数据,78.17㎡,板塔结合,东,钢混结构,精装,两梯十四户,自供暖,有,70年,null,null,null,2017-09-02,私产,2006-11-20,普通住宅,满五年,非共有,无抵押,已上传房本照片,4,null
东城,永定门,308,19,425,70528元/平米,华龙美晟,2室1厅1厨1卫,低楼层 (共12层),60.26㎡,暂无数据,48.64㎡,板塔结合,北,钢混结构,精装,一梯五户,自供暖,有,70年,null,null,null,2017-08-27,商品房,2015-08-10,普通住宅,满两年,非共有,有抵押 116万元 工商银行 业主自还,已上传房本照片,11,null
东城,永定门,16,9,765,75878元/平米,天天家园,2室1厅1厨1卫,低楼层 (共11层),100.82㎡,暂无数据,78.17㎡,板塔结合,西,钢混结构,简装,两梯十四户,自供暖,有,70年,null,null,null,2017-09-02,商品房,2013-05-16,普通住宅,满两年,共有,无抵押,已上传房本照片,5,null
东城,永定门,28,14,647,72943元/平米,华龙美晟,2室1厅1厨1卫,低楼层 (共12层),88.7㎡,暂无数据,68.82㎡,板塔结合,东 西,钢混结构,其他,一梯三户,自供暖,有,70年,null,null,null,2017-07-08,商品房,2012-07-24,普通住宅,满五年,非共有,有抵押 30万元 业主自还,已上传房本照片,4,null
东城,永定门,300,107,610,72619元/平米,华龙美晟,2室1厅1厨1卫,底层 (共12层),84㎡,平层,65.17㎡,板塔结合,西,钢混结构,简装,一梯三户,自供暖,有,70年,null,null,null,2017-03-21,商品房,2010-06-23,普通住宅,满五年,非共有,有抵押 110万元 浦发 业主自还,已上传房本照片,0,null
东城,永定门,46,13,655,72989元/平米,景泰西里西区,2室1厅1厨1卫,低楼层 (共12层),89.74㎡,平层,75.72㎡,板塔结合,南 北,钢混结构,其他,一梯四户,自供暖,有,70年,null,null,null,2017-08-22,二类经济适用房,2017-03-28,普通住宅,暂无数据,共有,无抵押,已上传房本照片,6,null
东城,永定门,69,14,413,72077元/平米,桃杨路北里,2室1厅1厨1卫,高楼层 (共6层),57.3㎡,暂无数据,39.63㎡,板楼,东 西,混合结构,简装,一梯两户,集中供暖,无,70年,null,null,null,2017-08-04,已购公房,2005-12-28,普通住宅,满五年,非共有,无抵押,已上传房本照片,6,null
东城,永定门,30,10,1020,83634元/平米,新奥洋房,2室2厅1厨2卫,中楼层 (共11层),121.96㎡,暂无数据,100.62㎡,板塔结合,南 北,钢混结构,精装,一梯两户,自供暖,有,70年,null,null,null,2017-08-25,已购公房,2010-08-27,普通住宅,满五年,非共有,无抵押,已上传房本照片,1,null
东城,永定门,235,66,830,63123元/平米,沙子口路50号,3室1厅1厨2卫,高楼层 (共18层),131.49㎡,暂无数据,暂无数据,塔楼,东南 北,钢混结构,简装,两梯六户,集中供暖,有,70年,null,null,null,2017-03-29,已购公房,2009-09-15,普通住宅,满五年,非共有,无抵押,已上传房本照片,5,null
东城,永定门,242,75,700,73321元/平米,新奥洋房,2室1厅1厨1卫,中楼层 (共9层),95.47㎡,暂无数据,79.19㎡,板塔结合,东 西,钢混结构,简装,一梯四户,自供暖,有,70年,null,null,null,2017-05-28,私产,2007-11-19,普通住宅,满五年,非共有,无抵押,已上传房本照片,8,null
东城,永定门,35,1,425,84983元/平米,永定门外大街,2室1厅1厨1卫,顶层 (共6层),50.01㎡,暂无数据,35.4㎡,板楼,东,混合结构,简装,一梯三户,集中供暖,无,70年,null,null,null,2017-08-20,已购公房,2002-07-12,普通住宅,满五年,非共有,无抵押,已上传房本照片,1,null
东城,永定门,56,6,760,89983元/平米,城市亮点,2室1厅1厨1卫,中楼层 (共12层),84.46㎡,平层,68.87㎡,板塔结合,东,钢混结构,精装,三梯十七户,集中供暖,有,70年,null,null,null,2017-08-11,商品房,2011-04-07,普通住宅,满五年,非共有,有抵押 65万元,已上传房本照片,0,null
东城,永定门,529,86,369,72939元/平米,华龙美晟,1室1厅1厨1卫,底层 (共12层),50.59㎡,暂无数据,39.25㎡,板塔结合,东,钢混结构,简装,一梯三户,自供暖,有,70年,null,null,null,2017-03-12,商品房,2010-02-02,普通住宅,满五年,非共有,有抵押 30万元 北京银行 业主自还,已上传房本照片,3,null
东城,永定门,81,49,443.5,77400元/平米,桃杨路北里,2室1厅1厨1卫,高楼层 (共6层),57.3㎡,暂无数据,39.63㎡,板楼,东 西,混合结构,简装,一梯两户,集中供暖,无,70年,null,null,null,2017-06-03,商品房,2012-11-19,普通住宅,满两年,非共有,无抵押,已上传房本照片,2,null
东城,永定门,56,0,430,69254元/平米,定安里,3室1厅1厨1卫,顶层 (共6层),62.09㎡,平层,43.59㎡,板楼,南 西 北,混合结构,简装,一梯三户,集中供暖,无,70年,null,null,null,2017-08-24,商品房,2010-09-30,普通住宅,满五年,非共有,有抵押 60万元 工商银行方庄支行 业主自还,已上传房本照片,0,null
东城,永定门,22,1,1120,73102元/平米,天天家园,3室2厅1厨2卫,高楼层 (共11层),153.21㎡,暂无数据,119.46㎡,板塔结合,西北,钢混结构,简装,两梯十二户,自供暖,有,70年,null,null,null,2017-07-10,私产,2004-05-26,普通住宅,满五年,非共有,有抵押 150万元 工商银行 客户偿还,已上传房本照片,0,null
东城,永定门,104,10,520,71321元/平米,天天家园,1室1厅1厨1卫,高楼层 (共11层),72.91㎡,暂无数据,56.53㎡,板塔结合,东北,钢混结构,简装,两梯十六户,自供暖,有,70年,null,null,null,2017-06-02,私产,2007-06-18,普通住宅,满五年,非共有,无抵押,已上传房本照片,0,null
东城,永定门,188,63,870,77595元/平米,天天家园,2室2厅1厨1卫,中楼层 (共11层),112.12㎡,平层,87.42㎡,板塔结合,东北,钢混结构,精装,两梯十二户,自供暖,有,70年,null,null,null,2017-02-05,商品房,2015-02-17,普通住宅,满两年,共有,无抵押,已上传房本照片,0,null
东城,永定门,87,9,434,71985元/平米,景泰西里西区,1室1厅1厨1卫,底层 (共10层),60.29㎡,暂无数据,51.2㎡,板塔结合,南,钢混结构,精装,一梯四户,自供暖,有,70年,null,null,null,2017-08-24,商品房,2013-03-15,普通住宅,满两年,非共有,无抵押,已上传房本照片,2,null
东城,永定门,240,7,368,67922元/平米,景泰西里,2室1厅1厨1卫,顶层 (共6层),54.18㎡,暂无数据,暂无数据,板楼,南 北,混合结构,简装,一梯三户,集中供暖,无,70年,null,null,null,2017-08-13,商品房,2014-01-03,普通住宅,满两年,非共有,无抵押,已上传房本照片,1,null
东城,永定门,177,16,460,71540元/平米,景泰西里西区,1室1厅1厨1卫,高楼层 (共13层),64.3㎡,平层,52.47㎡,板塔结合,东 西,钢混结构,精装,一梯三户,自供暖,有,70年,null,null,null,2017-01-16,一类经济适用房,2006-11-18,普通住宅,满五年,非共有,无抵押,已上传房本照片,0,null
东城,永定门,239,51,425,84983元/平米,永定门外大街,2室1厅1厨1卫,高楼层 (共6层),50.01㎡,暂无数据,35.4㎡,板楼,东,混合结构,精装,一梯三户,集中供暖,无,70年,null,null,null,2017-04-01,商品房,2015-10-20,普通住宅,暂无数据,非共有,有抵押 138万元 工商银行 客户偿还,已上传房本照片,3,null
东城,永定门,113,7,785.3,64992元/平米,沙子口路50号,3室1厅1厨1卫,中楼层 (共18层),120.83㎡,平层,暂无数据,塔楼,东 西 北,钢混结构,简装,两梯六户,集中供暖,有,70年,null,null,null,2017-05-17,已购公房,2000-09-15,普通住宅,满五年,非共有,无抵押,已上传房本照片,0,null
东城,永定门,94,7,1050,68533元/平米,天天家园,3室2厅1厨2卫,中楼层 (共11层),153.21㎡,暂无数据,119.46㎡,板塔结合,西北,钢混结构,简装,两梯十二户,自供暖,有,70年,null,null,null,2016-12-08,商品房,2008-10-27,普通住宅,满五年,非共有,无抵押,已上传房本照片,0,null
东城,永定门,60,3,408,89888元/平米,城市亮点,1室1厅1厨1卫,顶层 (共12层),45.39㎡,暂无数据,37.01㎡,板塔结合,北,钢混结构,简装,三梯十二户,集中供暖,有,70年,null,null,null,2017-08-17,商品房,2015-03-31,普通住宅,满两年,非共有,无抵押,已上传房本照片,2,null
东城,永定门,92,12,830,89575元/平米,城市亮点,3室2厅1厨1卫,顶层 (共12层),92.66㎡,暂无数据,75.56㎡,板塔结合,东,钢混结构,简装,三梯十七户,集中供暖,有,70年,null,null,null,2017-05-25,私产,2004-09-13,普通住宅,满五年,非共有,无抵押,已上传房本照片,0,null
东城,永定门,68,0,424.7,90000元/平米,城市亮点,1室1厅1厨1卫,中楼层 (共12层),47.18㎡,暂无数据,38.42㎡,板塔结合,北,钢混结构,简装,三梯十七户,集中供暖,有,70年,null,null,null,2017-07-28,商品房,2013-09-11,普通住宅,满两年,非共有,无抵押,已上传房本照片,0,null
东城,永定门,34,2,850,75812元/平米,天天家园,2室1厅1厨1卫,中楼层 (共11层),112.12㎡,暂无数据,87.42㎡,板塔结合,西北,钢混结构,精装,两梯十二户,自供暖,有,70年,null,null,null,2017-06-10,商品房,2015-12-23,普通住宅,暂无数据,非共有,无抵押,已上传房本照片,0,距离14号线(东段)景泰站300米
东城,永定门,315,8,402,62793元/平米,定安里,3室1厅1厨1卫,顶层 (共6层),64.02㎡,暂无数据,45.6㎡,板楼,南,混合结构,简装,一梯四户,集中供暖,无,70年,null,null,null,2017-06-18,商品房,2017-04-05,普通住宅,暂无数据,非共有,无抵押,已上传房本照片,0,null
东城,永定门,3,0,645,78049元/平米,桃杨路北里12号院,2室1厅1厨1卫,底层 (共6层),82.64㎡,暂无数据,72.17㎡,板楼,南 北,混合结构,简装,一梯两户,集中供暖,无,70年,null,null,null,2017-08-27,商品房,2010-08-31,普通住宅,满五年,非共有,有抵押 60万元 业主自还,已上传房本照片,0,null
东城,永定门,150,3,434,69899元/平米,定安里,3室1厅1厨1卫,中楼层 (共6层),62.09㎡,暂无数据,43.59㎡,板楼,南 西 北,混合结构,精装,一梯三户,集中供暖,无,70年,null,null,null,2017-08-09,已购公房,2012-01-11,普通住宅,满五年,非共有,无抵押,已上传房本照片,0,null
东城,永定门,28,0,1099,69978元/平米,天天家园,3室2厅1厨2卫,中楼层 (共11层),157.05㎡,暂无数据,122.46㎡,板塔结合,东,钢混结构,简装,两梯十二户,自供暖,有,70年,null,null,null,2017-06-01,私产,2003-01-24,普通住宅,满五年,非共有,有抵押 200万元 建设银行 业主自还,已上传房本照片,0,null
东城,永定门,1,0,575,73007元/平米,景泰西里西区,2室1厅1厨1卫,中楼层 (共13层),78.76㎡,平层,64.3㎡,板塔结合,东,钢混结构,精装,一梯三户,自供暖,有,70年,null,null,null,2017-09-09,一类经济适用房,2006-11-20,普通住宅,满五年,非共有,无抵押,已上传房本照片,0,null
