城区,区域,关注,带看,挂牌价,单价,小区,房屋户型,所在楼层,建筑面积,户型结构,套内面积,建筑类型,房屋朝向,建筑结构,装修情况,梯户比例,供暖方式,配备电梯,产权年限,用水类型,用电类型,燃气价格,挂牌时间,交易属性,上次交易,房屋用途,房屋年限,产权所属,抵押信心,房本备件,近七天带看,地铁
东城,安定门,107,27,1850,80003元/平米,官书院,6室2厅2厨3卫,底层 (共6层),231.24㎡,暂无数据,暂无数据,板楼,南 北,混合结构,精装,一梯两户,集中供暖,无,70年,null,null,null,2017-09-02,私产,2008-05-06,普通住宅,满五年,非共有,有抵押 30万元 广发 业主自还,已上传房本照片,19,距离2号线鼓楼大街站745米
东城,安定门,163,66,450,96504元/平米,上龙西里,2室1厅1厨1卫,中楼层 (共5层),46.63㎡,暂无数据,46.63㎡,板楼,南 北,钢混结构,精装,一梯三户,集中供暖,无,70年,null,null,null,2017-08-13,私产,1999-09-17,普通住宅,满五年,非共有,有抵押 165万元,已上传房本照片,27,null
东城,安定门,108,69,550,86342元/平米,安外西河沿,2室1厅1厨1卫,顶层 (共11层),63.7㎡,暂无数据,1㎡,板楼,东 西,钢混结构,简装,一梯五户,集中供暖,有,70年,null,null,null,2017-07-14,已购公房,2002-08-02,普通住宅,满五年,非共有,无抵押,已上传房本照片,20,null
东城,安定门,70,23,1110,107903元/平米,华府景园,2室2厅1厨1卫,中楼层 (共16层),102.87㎡,暂无数据,1㎡,塔楼,西,钢混结构,精装,两梯三户,集中供暖,有,70年,null,null,null,2017-07-17,商品房,2010-12-20,普通住宅,满五年,非共有,有抵押 158万元 交通 业主自还,已上传房本照片,6,null
东城,安定门,63,18,535,123814元/平米,六铺炕,1室1厅1厨1卫,中楼层 (共16层),43.21㎡,暂无数据,43.21㎡,塔楼,西,钢混结构,精装,两梯七户,集中供暖,有,70年,null,null,null,2017-08-11,商品房,2011-12-15,普通住宅,满五年,非共有,无抵押,已上传房本照片,0,null
东城,安定门,37,13,726,119921元/平米,青年湖西里,2室1厅1厨1卫,中楼层 (共6层),60.54㎡,暂无数据,1㎡,板楼,南 北,砖混结构,简装,一梯三户,集中供暖,暂无数据,70年,null,null,null,2017-08-27,已购公房,2001-12-26,普通住宅,满五年,非共有,无抵押,已上传房本照片,8,null
东城,安定门,83,38,1035,104853元/平米,青年湖北里,3室1厅1厨1卫,中楼层 (共10层),98.71㎡,暂无数据,暂无数据,板塔结合,南 北,钢混结构,精装,两梯三户,集中供暖,有,70年,null,null,null,2017-08-31,商品房,2009-12-11,普通住宅,满五年,非共有,有抵押 920000万元 建设银行 业主自还,已上传房本照片,17,null
东城,安定门,67,15,460,87187元/平米,青年湖东里,1室1厅1厨1卫,中楼层 (共18层),52.76㎡,暂无数据,暂无数据,塔楼,东南,钢混结构,其他,两梯七户,集中供暖,有,70年,null,null,null,2017-08-31,已购公房,2014-01-08,普通住宅,满两年,非共有,暂无数据,已上传房本照片,13,null
东城,安定门,109,13,610,86882元/平米,安德路55号院,3室1厅1厨1卫,中楼层 (共6层),70.21㎡,平层,58㎡,板楼,东 西,混合结构,简装,一梯三户,暂无数据,暂无数据,70年,null,null,null,2017-08-18,已购公房,2005-09-16,普通住宅,满五年,共有,暂无数据,已上传房本照片,2,null
东城,安定门,38,6,1700,98039元/平米,华府景园,3室1厅1厨2卫,中楼层 (共16层),173.4㎡,暂无数据,暂无数据,塔楼,东 西南,钢混结构,精装,两梯三户,集中供暖,有,70年,null,null,null,2017-08-17,私产,2003-01-09,普通住宅,满五年,非共有,无抵押,已上传房本照片,1,null
东城,安定门,149,36,535,94590元/平米,青年湖南里,2室1厅1厨1卫,中楼层 (共12层),56.56㎡,暂无数据,56.56㎡,板塔结合,南,钢混结构,简装,一梯八户,暂无数据,暂无数据,40年,null,null,null,2017-07-10,已购公房,2004-08-31,普通住宅,满五年,非共有,无抵押,已上传房本照片,5,null
东城,安定门,16,7,800,93985元/平米,西营房,2室1厅1厨1卫,低楼层 (共19层),85.12㎡,暂无数据,暂无数据,塔楼,东,钢混结构,其他,三梯十二户,自供暖,有,70年,null,null,null,2017-09-06,二类经济适用房,2006-07-29,普通住宅,满五年,非共有,暂无数据,已上传房本照片,7,null
东城,安定门,263,96,520,93829元/平米,青年湖东里,2室1厅1厨1卫,底层 (共6层),55.42㎡,暂无数据,53㎡,板楼,南 北,砖混结构,精装,一梯三户,集中供暖,无,70年,null,null,null,2017-03-10,商品房,2004-09-08,普通住宅,满五年,非共有,无抵押,已上传房本照片,1,null
东城,安定门,158,70,665,94770元/平米,安德路47号院,3室1厅1厨1卫,底层 (共7层),70.17㎡,暂无数据,54㎡,板楼,南 北,混合结构,简装,一梯两户,集中供暖,无,70年,null,null,null,2017-07-20,已购公房,2015-02-11,普通住宅,满两年,非共有,暂无数据,已上传房本照片,3,null
东城,安定门,247,58,540,92276元/平米,安德路47号院,2室1厅1厨1卫,低楼层 (共6层),58.52㎡,暂无数据,暂无数据,板楼,东 西,混合结构,精装,一梯两户,集中供暖,无,70年,null,null,null,2017-06-29,已购公房,2010-09-08,普通住宅,满五年,非共有,无抵押,已上传房本照片,0,null
东城,安定门,60,21,680,98096元/平米,青年湖南街,2室1厅1厨1卫,顶层 (共10层),69.32㎡,暂无数据,暂无数据,板塔结合,东 西,钢混结构,简装,两梯十二户,集中供暖,有,70年,null,null,null,2017-06-19,商品房,2011-04-01,普通住宅,满五年,非共有,无抵押,已上传房本照片,4,null
东城,安定门,39,2,710,93754元/平米,安外西河沿,3室1厅1厨1卫,顶层 (共6层),75.73㎡,暂无数据,暂无数据,板楼,南 北,混合结构,精装,一梯六户,集中供暖,无,70年,null,null,null,2017-08-23,商品房,2012-08-15,普通住宅,满五年,共有,有抵押 15万元 业主自还,已上传房本照片,1,null
东城,安定门,89,63,630,108099元/平米,六铺炕,2室1厅1厨1卫,底层 (共16层),58.28㎡,暂无数据,暂无数据,塔楼,西北,钢混结构,精装,两梯七户,集中供暖,有,70年,null,null,null,2017-04-02,商品房,2011-06-03,普通住宅,满五年,非共有,无抵押,已上传房本照片,2,null
东城,安定门,204,58,800,93985元/平米,西营房,2室1厅1厨1卫,中楼层 (共19层),85.12㎡,暂无数据,85.12㎡,塔楼,东,钢混结构,精装,三梯十二户,自供暖,有,70年,null,null,null,2017-05-04,商品房,2012-08-02,普通住宅,满五年,非共有,无抵押,已上传房本照片,0,null
东城,安定门,42,21,529,94888元/平米,西营房,1室1厅1厨1卫,中楼层 (共19层),55.75㎡,暂无数据,暂无数据,塔楼,西,钢混结构,精装,三梯十三户,自供暖,有,70年,null,null,null,2017-07-05,商品房,2011-03-28,普通住宅,满五年,非共有,无抵押,已上传房本照片,1,null
东城,安定门,295,256,690,92979元/平米,中景濠庭,1室1厅1厨1卫,低楼层 (共22层),74.21㎡,平层,58.87㎡,板塔结合,北,钢混结构,精装,两梯五户,集中供暖,有,70年,null,null,null,2016-11-28,商品房,2009-05-07,普通住宅,满五年,非共有,无抵押,已上传房本照片,0,null
东城,安定门,175,56,896,99967元/平米,巷上嘉园,2室1厅1厨1卫,中楼层 (共12层),89.63㎡,暂无数据,暂无数据,板塔结合,东 北,钢混结构,精装,三梯十一户,集中供暖,有,70年,null,null,null,2017-04-14,私产,2007-07-12,普通住宅,满五年,非共有,无抵押,已上传房本照片,3,null
东城,安定门,17,16,970,128426元/平米,六铺炕,3室1厅1厨1卫,底层 (共5层),75.53㎡,暂无数据,暂无数据,板楼,南 北,混合结构,简装,一梯两户,集中供暖,无,70年,null,null,null,2017-06-24,商品房,2012-07-05,普通住宅,满五年,非共有,无抵押,已上传房本照片,2,null
东城,安定门,7,1,620,102041元/平米,青年湖北里,1室1厅1厨1卫,底层 (共18层),60.76㎡,平层,暂无数据,塔楼,南,钢混结构,其他,两梯八户,集中供暖,有,70年,null,null,null,2017-09-06,已购公房,2006-01-16,普通住宅,满五年,非共有,暂无数据,已上传房本照片,1,null
东城,安定门,68,61,848,116933元/平米,青年湖北街,2室1厅1厨1卫,中楼层 (共18层),72.52㎡,暂无数据,61㎡,塔楼,南,钢混结构,精装,两梯八户,集中供暖,有,70年,null,null,null,2017-04-30,私产,2002-03-25,普通住宅,满五年,非共有,无抵押,已上传房本照片,5,null
东城,安定门,15,2,618,116538元/平米,朗家胡同24号院,2室1厅1厨1卫,低楼层 (共6层),53.03㎡,暂无数据,暂无数据,板楼,南 北,混合结构,精装,一梯三户,集中供暖,无,70年,null,null,null,2017-08-24,已购公房,2010-03-25,普通住宅,满五年,非共有,无抵押,已上传房本照片,0,null
东城,安定门,79,135,625,119985元/平米,青年湖南街,1室1厅1厨1卫,低楼层 (共14层),52.09㎡,暂无数据,40㎡,板塔结合,南 北,钢混结构,简装,两梯十四户,集中供暖,有,70年,null,null,null,2017-05-19,已购公房,2015-04-02,普通住宅,满两年,非共有,无抵押,已上传房本照片,0,null
东城,安定门,12,5,650,129122元/平米,六铺炕,2室1厅1厨1卫,低楼层 (共6层),50.34㎡,暂无数据,47.31㎡,板楼,东,砖混结构,简装,一梯三户,集中供暖,无,70年,null,null,null,2017-09-05,私产,2002-03-26,普通住宅,满五年,共有,无抵押,已上传房本照片,5,null
东城,安定门,66,1,670,93969元/平米,青年湖东里,3室1厅1厨1卫,顶层 (共6层),71.3㎡,暂无数据,60㎡,板楼,南 北,砖混结构,精装,一梯三户,集中供暖,无,70年,null,null,null,2017-08-18,已购公房,2000-08-22,普通住宅,满五年,非共有,无抵押,已上传房本照片,1,null
东城,安定门,70,31,716.5,119916元/平米,安德里北街24号院,2室1厅1厨1卫,低楼层 (共6层),59.75㎡,暂无数据,59.75㎡,板楼,南 北,混合结构,简装,一梯两户,集中供暖,无,70年,null,null,null,2017-03-22,已购公房,2017-04-12,普通住宅,暂无数据,非共有,无抵押,已上传房本照片,8,null
东城,安定门,20,14,560,113613元/平米,花园胡同8号院,2室1厅1厨1卫,中楼层 (共5层),49.29㎡,暂无数据,46.47㎡,板楼,东,砖混结构,精装,一梯四户,集中供暖,无,70年,null,null,null,2017-08-25,已购公房,1995-10-13,普通住宅,满五年,非共有,无抵押,已上传房本照片,7,距离2号线鼓楼大街站882米
东城,安定门,25,61,856,116876元/平米,青年湖北街,2室2厅1厨1卫,中楼层 (共18层),73.24㎡,暂无数据,62.5㎡,塔楼,西南,钢混结构,精装,两梯八户,集中供暖,有,70年,null,null,null,2017-04-30,私产,2002-03-25,普通住宅,满五年,非共有,无抵押,已上传房本照片,5,null
东城,安定门,79,11,600,106686元/平米,花园胡同8号院,2室1厅1厨1卫,地下室 (共5层),56.24㎡,暂无数据,暂无数据,板楼,南 北,混合结构,简装,一梯两户,集中供暖,无,70年,null,null,null,2017-05-11,已购公房,1995-10-13,普通住宅,满五年,非共有,无抵押,已上传房本照片,1,null
东城,安定门,4,0,1750,94289元/平米,上龙西里,3室1厅1厨2卫,底层 (共18层),185.6㎡,暂无数据,1㎡,塔楼,西南,钢混结构,简装,两梯五户,集中供暖,有,70年,null,null,null,2017-08-09,已购公房,1999-08-19,普通住宅,满五年,非共有,无抵押,已上传房本照片,0,null
东城,安定门,25,0,965,94229元/平米,西营房,3室1厅1厨2卫,中楼层 (共19层),102.41㎡,平层,85.74㎡,塔楼,西南,钢混结构,其他,三梯十三户,自供暖,有,70年,null,null,null,2017-09-01,二类经济适用房,2006-07-29,普通住宅,满五年,非共有,暂无数据,已上传房本照片,0,null
东城,安定门,140,7,512,89982元/平米,安德路47号院,2室1厅1厨1卫,顶层 (共5层),56.9㎡,平层,45.5㎡,板楼,南 北,混合结构,简装,一梯三户,集中供暖,无,70年,null,null,null,2017-07-21,央产房,2017-06-05,普通住宅,暂无数据,非共有,无抵押,已上传房本照片,0,null
东城,安定门,57,13,720,97022元/平米,中景濠庭,1室1厅1厨1卫,高楼层 (共22层),74.21㎡,平层,58.59㎡,板塔结合,北,钢混结构,精装,两梯五户,集中供暖,有,70年,null,null,null,2017-04-02,私产,2005-03-07,普通住宅,满五年,非共有,有抵押 40万元 中国银行 客户偿还,已上传房本照片,0,null
东城,安定门,11,2,860,128800元/平米,鼓楼外大街52号,2室1厅1厨1卫,中楼层 (共11层),66.77㎡,暂无数据,56.8㎡,板塔结合,东 西 北,钢混结构,简装,两梯十八户,集中供暖,有,70年,null,null,null,2017-06-07,商品房,2010-05-04,普通住宅,满五年,非共有,无抵押,已上传房本照片,0,null
东城,安定门,35,2,799,119880元/平米,安德路乙61号院,3室1厅1厨1卫,高楼层 (共12层),66.65㎡,暂无数据,51㎡,塔楼,东 西,钢混结构,精装,一梯三户,集中供暖,有,70年,null,null,null,2017-07-23,私产,2008-02-13,普通住宅,满五年,非共有,无抵押,已上传房本照片,0,null
东城,安定门,23,3,565,97146元/平米,黄寺大街28号院,2室1厅1厨1卫,底层 (共14层),58.16㎡,暂无数据,43.63㎡,板楼,东 西,钢混结构,精装,两梯八户,集中供暖,有,70年,null,null,null,2017-08-06,央产房,2004-09-29,普通住宅,满五年,非共有,暂无数据,已上传房本照片,1,null
东城,安定门,43,2,466,95964元/平米,安外大街3号院,2室1厅1厨1卫,中楼层 (共12层),48.56㎡,暂无数据,48.56㎡,板塔结合,东 西,钢混结构,简装,一梯六户,集中供暖,有,70年,null,null,null,2017-08-19,已购公房,2013-05-28,普通住宅,满两年,非共有,无抵押,已上传房本照片,1,null
东城,安定门,10,12,817,99890元/平米,黄寺大街28号院,3室1厅1厨1卫,低楼层 (共15层),81.79㎡,暂无数据,62.28㎡,塔楼,东北,钢混结构,简装,两梯七户,集中供暖,有,70年,null,null,null,2017-08-23,央产房,2017-08-15,普通住宅,暂无数据,共有,无抵押,已上传房本照片,3,null
东城,安定门,15,0,730,112342元/平米,车辇店胡同,2室1厅1厨1卫,顶层 (共11层),64.98㎡,暂无数据,暂无数据,板楼,南 北,钢混结构,简装,一梯四户,集中供暖,有,70年,null,null,null,2017-08-26,已购公房,2003-12-20,普通住宅,满五年,非共有,无抵押,已上传房本照片,0,null
东城,安定门,54,0,505,85117元/平米,安德路47号院,2室1厅1厨1卫,顶层 (共6层),59.33㎡,暂无数据,54.64㎡,板楼,东 西,混合结构,简装,一梯两户,集中供暖,无,70年,null,null,null,2017-09-02,已购公房,2001-01-07,普通住宅,满五年,非共有,无抵押,已上传房本照片,0,null
东城,安定门,35,4,645.9,94999元/平米,安德路47号院,3室1厅1厨1卫,底层 (共5层),67.99㎡,暂无数据,1㎡,板楼,南 北,砖混结构,其他,一梯两户,集中供暖,无,70年,null,null,null,2017-09-03,已购公房,2000-09-01,普通住宅,满五年,非共有,暂无数据,已上传房本照片,3,null
东城,安定门,50,14,500,82563元/平米,黄寺大街28号院,2室1厅1厨1卫,中楼层 (共14层),60.56㎡,暂无数据,42.58㎡,板楼,东 西,钢混结构,精装,两梯八户,集中供暖,有,70年,null,null,null,2017-07-11,商品房,2013-04-23,普通住宅,满两年,共有,无抵押,已上传房本照片,0,null
东城,安定门,38,17,880,124540元/平米,青年湖南街,2室1厅1厨1卫,顶层 (共14层),70.66㎡,暂无数据,60㎡,板塔结合,东 西,钢混结构,简装,两梯十四户,集中供暖,有,70年,null,null,null,2017-07-23,央产房,2015-07-07,普通住宅,满两年,非共有,无抵押,已上传房本照片,3,null
东城,安定门,161,15,950,139276元/平米,府上嘉园,2室1厅1厨1卫,低楼层 (共11层),68.21㎡,暂无数据,52.09㎡,板塔结合,东,钢混结构,其他,两梯七户,集中供暖,有,70年,null,null,null,2017-04-01,商品房,2012-12-19,普通住宅,满两年,非共有,暂无数据,已上传房本照片,0,null
东城,安定门,111,12,1700,80523元/平米,华府景园,4室2厅1厨2卫,底层 (共12层),211.12㎡,暂无数据,150㎡,板塔结合,南 北,钢混结构,精装,两梯一户,集中供暖,有,70年,null,null,null,2017-04-29,商品房,2010-03-11,普通住宅,满五年,非共有,有抵押 299万元 中国银行 业主自还,已上传房本照片,0,null
东城,安定门,453,32,1890,106281元/平米,官书院,4室2厅1厨3卫,顶层 (共6层),177.83㎡,暂无数据,暂无数据,板楼,南 北,混合结构,精装,一梯两户,集中供暖,无,70年,null,null,null,2017-01-17,商品房,2005-07-19,普通住宅,满五年,非共有,无抵押,已上传房本照片,0,null
东城,安定门,103,7,921,129828元/平米,安德里北街25号院,2室1厅1厨1卫,中楼层 (共17层),70.94㎡,暂无数据,暂无数据,塔楼,东南,钢混结构,精装,两梯七户,集中供暖,有,70年,null,null,null,2017-03-11,商品房,2014-01-20,普通住宅,满两年,非共有,无抵押,已上传房本照片,0,null
东城,安定门,38,4,830,70668元/平米,京宝花园,1室1厅1厨1卫,中楼层 (共12层),117.45㎡,暂无数据,暂无数据,板楼,东,钢混结构,精装,两梯三户,集中供暖,有,70年,null,null,null,2017-05-31,商品房,2015-03-23,普通住宅,满两年,非共有,无抵押,已上传房本照片,0,null
东城,安定门,73,65,1500,60815元/平米,京宝花园,4室2厅1厨3卫,低楼层 (共12层),246.65㎡,暂无数据,暂无数据,板楼,东 西,钢混结构,简装,四梯二十户,集中供暖,有,70年,null,null,null,2016-07-15,商品房,2010-02-21,普通住宅,满五年,非共有,无抵押,已上传房本照片,0,null
东城,安定门,126,34,710,98900元/平米,黄寺大街28号院,2室1厅1厨1卫,低楼层 (共15层),71.79㎡,平层,暂无数据,塔楼,南,钢混结构,简装,两梯七户,集中供暖,有,70年,null,null,null,2017-02-17,央产房,1998-08-14,普通住宅,满五年,非共有,无抵押,已上传房本照片,1,null
东城,安定门,56,2,1880,119936元/平米,湖景苑,3室2厅1厨2卫,中楼层 (共8层),156.75㎡,暂无数据,暂无数据,板塔结合,东 西,钢混结构,其他,一梯两户,集中供暖,有,70年,null,null,null,2017-04-18,私产,2003-06-10,普通住宅,满五年,非共有,暂无数据,已上传房本照片,0,null
东城,安定门,107,20,1938,85022元/平米,上龙西里,4室2厅1厨3卫,中楼层 (共18层),227.94㎡,平层,暂无数据,塔楼,南 北,钢混结构,简装,两梯五户,集中供暖,有,70年,null,null,null,2017-03-16,央产房,2017-01-22,普通住宅,暂无数据,共有,无抵押,已上传房本照片,2,null
东城,安定门,119,74,650,120840元/平米,安德里北街25号院,2室1厅1厨1卫,中楼层 (共17层),53.79㎡,暂无数据,53.79㎡,塔楼,东,钢混结构,其他,两梯七户,集中供暖,有,70年,null,null,null,2017-04-05,商品房,2010-09-02,普通住宅,满五年,非共有,暂无数据,已上传房本照片,0,null
东城,安定门,302,12,1800,93921元/平米,中景濠庭,4室1厅1厨2卫,中楼层 (共22层),191.65㎡,暂无数据,152.03㎡,塔楼,东南,钢混结构,精装,两梯五户,集中供暖,有,70年,null,null,null,2016-11-28,商品房,2016-11-24,普通住宅,暂无数据,非共有,无抵押,已上传房本照片,0,null
东城,安定门,53,2,590,105207元/平米,宝钞胡同,2室1厅1厨1卫,中楼层 (共6层),56.08㎡,暂无数据,暂无数据,板楼,南 北,混合结构,精装,一梯三户,自供暖,无,70年,null,null,null,2017-08-22,已购公房,2017-07-20,普通住宅,暂无数据,非共有,无抵押,已上传房本照片,2,null
东城,安定门,10,0,850,70875元/平米,宝钞苑,3室2厅1厨2卫,地下室 (共7层),119.93㎡,暂无数据,暂无数据,板楼,东 西,混合结构,其他,一梯两户,集中供暖,有,70年,null,null,null,2017-08-27,商品房,2016-12-20,普通住宅,暂无数据,非共有,暂无数据,已上传房本照片,0,null
东城,安定门,77,8,680,118240元/平米,青年湖西里,2室1厅1厨1卫,中楼层 (共5层),57.51㎡,暂无数据,暂无数据,板楼,南 北,混合结构,简装,一梯三户,集中供暖,暂无数据,70年,null,null,null,2017-04-09,商品房,2012-09-12,普通住宅,满两年,非共有,无抵押,已上传房本照片,0,距离8号线安德里北街站726米
东城,安定门,54,7,647,99877元/平米,巷上嘉园,1室1厅1厨1卫,低楼层 (共24层),64.78㎡,平层,64.78㎡,板塔结合,北,钢混结构,精装,三梯十二户,集中供暖,有,70年,null,null,null,2017-07-24,私产,2007-06-26,普通住宅,满五年,非共有,暂无数据,已上传房本照片,1,null
东城,安定门,4,1,613,109916元/平米,灵光胡同,2室1厅1厨1卫,顶层 (共6层),55.77㎡,暂无数据,暂无数据,平房,东北,砖木结构,精装,一梯八户,自供暖,暂无数据,70年,null,null,null,2017-07-05,商品房,2009-10-21,普通住宅,满五年,非共有,无抵押,已上传房本照片,1,null
东城,安定门,78,1,600,117302元/平米,中绦胡同甲2号院,2室1厅1厨1卫,底层 (共6层),51.15㎡,平层,暂无数据,板楼,南,混合结构,其他,一梯三户,集中供暖,暂无数据,70年,null,null,null,2017-07-01,商品房,2015-02-12,普通住宅,满两年,非共有,暂无数据,已上传房本照片,0,null
东城,安定门,89,4,812,120546元/平米,永康胡同1号院,2室1厅1厨1卫,中楼层 (共7层),67.36㎡,暂无数据,57.26㎡,板楼,东 西,混合结构,简装,一梯两户,集中供暖,无,70年,null,null,null,2017-07-01,已购公房,2014-02-14,普通住宅,满两年,非共有,无抵押,已上传房本照片,0,null
东城,安定门,82,13,715,92833元/平米,黄寺大街28号院,3室1厅1厨1卫,中楼层 (共14层),77.02㎡,暂无数据,54.93㎡,板楼,东 西,钢混结构,简装,两梯八户,集中供暖,有,70年,null,null,null,2017-05-19,已购公房,2017-05-04,普通住宅,暂无数据,非共有,无抵押,已上传房本照片,0,null
东城,安定门,14,0,815,134466元/平米,六铺炕,2室1厅1厨1卫,中楼层 (共10层),60.61㎡,暂无数据,暂无数据,板塔结合,东 西,钢混结构,其他,一梯三户,集中供暖,有,70年,null,null,null,2017-07-20,商品房,2010-08-27,普通住宅,满五年,共有,暂无数据,已上传房本照片,0,null
东城,安定门,38,4,515,89941元/平米,西营房,1室1厅1厨1卫,低楼层 (共19层),57.26㎡,暂无数据,暂无数据,塔楼,西,钢混结构,精装,三梯十三户,自供暖,有,70年,null,null,null,2017-07-05,商品房,2016-03-17,普通住宅,暂无数据,非共有,有抵押 180万元 农业银行 客户偿还,已上传房本照片,1,null
东城,安定门,25,8,628,104510元/平米,安外东河沿,2室1厅1厨1卫,高楼层 (共12层),60.09㎡,平层,1㎡,板塔结合,南,混合结构,简装,一梯八户,集中供暖,有,70年,null,null,null,2017-09-05,央产房,2015-11-11,普通住宅,暂无数据,非共有,无抵押,已上传房本照片,8,null
东城,安定门,8,3,630,115724元/平米,安德路乙61号院,2室1厅1厨1卫,底层 (共14层),54.44㎡,平层,41㎡,塔楼,东北,钢混结构,简装,两梯八户,集中供暖,有,70年,null,null,null,2017-04-16,已购公房,2011-08-16,普通住宅,满五年,非共有,无抵押,已上传房本照片,0,null
东城,安定门,46,2,630,124580元/平米,安德里北街25号院,2室1厅1厨1卫,底层 (共17层),50.57㎡,暂无数据,暂无数据,塔楼,东,钢混结构,简装,两梯七户,集中供暖,有,70年,null,null,null,2017-06-09,已购公房,2014-11-18,普通住宅,满两年,非共有,无抵押,已上传房本照片,0,null
东城,安定门,26,8,1200,73964元/平米,京宝花园,2室2厅1厨3卫,中楼层 (共12层),162.24㎡,暂无数据,暂无数据,板楼,东 西,钢混结构,简装,四梯二十户,集中供暖,有,70年,null,null,null,2016-11-19,商品房,2009-07-22,普通住宅,满五年,共有,无抵押,已上传房本照片,0,null
东城,安定门,5,0,939.7,134995元/平米,六铺炕,3室1厅1厨1卫,高楼层 (共12层),69.61㎡,平层,60㎡,板塔结合,南 北,混合结构,简装,一梯三户,集中供暖,有,70年,null,null,null,2017-09-09,私产,2008-07-02,普通住宅,满五年,非共有,无抵押,已上传房本照片,0,null
东城,安定门,131,7,389,94855元/平米,青年湖北里,1室1厅1厨1卫,低楼层 (共6层),41.01㎡,暂无数据,暂无数据,板楼,东,砖混结构,简装,一梯三户,集中供暖,无,70年,null,null,null,2017-08-07,商品房,2015-09-18,普通住宅,暂无数据,非共有,有抵押,已上传房本照片,1,null
东城,安定门,71,10,1022,128845元/平米,六铺炕,3室1厅1厨1卫,底层 (共6层),79.32㎡,平层,暂无数据,板楼,东 西,砖混结构,精装,一梯两户,集中供暖,无,70年,null,null,null,2017-02-07,商品房,2016-08-10,普通住宅,暂无数据,非共有,有抵押 300万元 民生银行,已上传房本照片,0,null
东城,安定门,121,7,520,94357元/平米,安外西河沿,2室1厅1厨1卫,中楼层 (共11层),55.11㎡,暂无数据,暂无数据,板楼,东,钢混结构,简装,一梯五户,集中供暖,有,70年,null,null,null,2017-05-24,商品房,2016-10-20,普通住宅,暂无数据,非共有,无抵押,已上传房本照片,0,null
东城,安定门,15,0,687,109955元/平米,安德里北街25号院,2室1厅1厨1卫,中楼层 (共17层),62.48㎡,暂无数据,暂无数据,塔楼,西北,钢混结构,简装,两梯七户,集中供暖,有,70年,null,null,null,2017-07-30,商品房,2016-03-02,普通住宅,暂无数据,非共有,有抵押 240万元 客户偿还,已上传房本照片,0,null
东城,安定门,44,0,798,94898元/平米,安德路47号院,3室1厅1厨1卫,中楼层 (共6层),84.09㎡,暂无数据,84.09㎡,板楼,南 北,砖混结构,其他,一梯三户,集中供暖,无,70年,null,null,null,2017-06-30,商品房,2011-08-18,普通住宅,满五年,非共有,无抵押,已上传房本照片,0,null
东城,安定门,146,18,1100,130178元/平米,永康胡同1号院,3室1厅1厨1卫,中楼层 (共7层),84.5㎡,暂无数据,暂无数据,板楼,南 北,混合结构,简装,一梯四户,集中供暖,无,70年,null,null,null,2017-03-09,已购公房,2017-02-08,普通住宅,暂无数据,非共有,无抵押,已上传房本照片,0,null
东城,安定门,14,1,860,123192元/平米,六铺炕,3室1厅1厨1卫,底层 (共6层),69.81㎡,暂无数据,暂无数据,板楼,东 西,砖混结构,简装,一梯两户,集中供暖,无,70年,null,null,null,2017-06-25,商品房,2010-07-21,普通住宅,满五年,非共有,无抵押,已上传房本照片,0,null
东城,安定门,10,0,570,83553元/平米,外馆东街50号院,3室1厅1厨1卫,底层 (共6层),68.22㎡,暂无数据,暂无数据,板楼,南 北,混合结构,其他,一梯三户,集中供暖,无,70年,null,null,null,2017-09-04,已购公房,1994-03-03,普通住宅,满五年,非共有,暂无数据,已上传房本照片,0,null
东城,安定门,326,49,1360,80009元/平米,上龙嘉园,3室2厅1厨2卫,底层 (共14层),169.98㎡,暂无数据,129.72㎡,板楼,南 北,钢混结构,简装,两梯两户,集中供暖,有,70年,null,null,null,2016-09-06,商品房,2009-04-29,普通住宅,满五年,非共有,无抵押,已上传房本照片,0,null
东城,安定门,14,0,850,77640元/平米,官书院,3室1厅1厨2卫,地下室 (共6层),109.48㎡,平层,93.98㎡,板楼,南 北,混合结构,精装,一梯两户,集中供暖,无,70年,null,null,null,2017-09-07,商品房,2017-02-08,普通住宅,暂无数据,非共有,无抵押,已上传房本照片,0,null
东城,安定门,33,0,490,94340元/平米,青年湖东里,2室1厅1厨1卫,顶层 (共5层),51.94㎡,暂无数据,1㎡,板楼,南 北,混合结构,简装,一梯三户,集中供暖,无,70年,null,null,null,2017-09-01,商品房,2017-08-08,普通住宅,暂无数据,非共有,暂无数据,已上传房本照片,0,null
东城,安定门,1,3,668,133573元/平米,永康胡同1号院,1室1厅1厨1卫,底层 (共7层),50.01㎡,暂无数据,33.59㎡,板楼,东南,混合结构,简装,一梯三户,集中供暖,无,70年,null,null,null,2017-08-31,已购公房,2017-02-08,普通住宅,暂无数据,非共有,无抵押,已上传房本照片,3,null
东城,安定门,0,0,830,124307元/平米,鼓楼外大街52号,2室1厅1厨1卫,中楼层 (共11层),66.77㎡,暂无数据,50㎡,板塔结合,东 西,钢混结构,其他,两梯二十二户,集中供暖,有,70年,null,null,null,2017-09-10,商品房,2015-12-01,普通住宅,暂无数据,非共有,暂无数据,已上传房本照片,0,null
东城,安定门,27,0,550,123930元/平米,鼓楼外大街52号,1室1厅1厨1卫,低楼层 (共11层),44.38㎡,平层,暂无数据,板塔结合,东,钢混结构,简装,两梯二十二户,集中供暖,有,70年,null,null,null,2017-08-01,商品房,2016-05-23,普通住宅,暂无数据,非共有,有抵押 210万元 客户偿还,已上传房本照片,0,null
