城区,区域,关注,带看,挂牌价,单价,小区,房屋户型,所在楼层,建筑面积,户型结构,套内面积,建筑类型,房屋朝向,建筑结构,装修情况,梯户比例,供暖方式,配备电梯,产权年限,用水类型,用电类型,燃气价格,挂牌时间,交易属性,上次交易,房屋用途,房屋年限,产权所属,抵押信心,房本备件,近七天带看,地铁
东城,朝阳门内,25,41,750,141137元/平米,南弓匠营胡同,1室1厅1厨1卫,底层 (共5层),53.14㎡,暂无数据,45.68㎡,板楼,南 北,钢混结构,简装,一梯两户,集中供暖,无,70年,null,null,null,2017-06-18,商品房,2004-05-26,普通住宅,满五年,非共有,无抵押,已上传房本照片,8,距离2号线朝阳门站504米
东城,朝阳门内,39,37,785,112432元/平米,朝阳门南小街,2室1厅1厨1卫,中楼层 (共16层),69.82㎡,平层,55.27㎡,板塔结合,东 西 北,钢混结构,简装,两梯三户,自供暖,有,70年,null,null,null,2017-08-18,二类经济适用房,2005-07-07,普通住宅,满五年,非共有,无抵押,已上传房本照片,9,null
东城,朝阳门内,134,133,1150,111672元/平米,朝阳门南小街,3室1厅1厨1卫,中楼层 (共9层),102.98㎡,暂无数据,暂无数据,板楼,东 西,钢混结构,精装,一梯四户,自供暖,有,70年,null,null,null,2017-05-18,二类经济适用房,2005-04-04,普通住宅,满五年,非共有,无抵押,已上传房本照片,7,null
东城,朝阳门内,26,24,650,128917元/平米,后芳嘉园胡同,1室1厅1厨1卫,低楼层 (共6层),50.42㎡,暂无数据,50.42㎡,板楼,南,钢混结构,精装,一梯四户,集中供暖,无,70年,null,null,null,2017-08-23,二类经济适用房,2005-12-01,普通住宅,满五年,非共有,无抵押,已上传房本照片,14,null
东城,朝阳门内,23,16,930,115557元/平米,南门仓胡同,2室1厅1厨1卫,中楼层 (共6层),80.48㎡,暂无数据,暂无数据,板楼,东 西,钢混结构,简装,一梯两户,集中供暖,无,70年,null,null,null,2017-08-24,二类经济适用房,2009-08-17,普通住宅,满五年,非共有,无抵押,已上传房本照片,11,null
东城,朝阳门内,69,33,785,102722元/平米,大方家胡同,2室1厅1厨1卫,低楼层 (共16层),76.42㎡,暂无数据,64.29㎡,板塔结合,南 北,钢混结构,简装,三梯两户,集中供暖,有,70年,null,null,null,2017-08-23,二类经济适用房,2007-05-10,普通住宅,满五年,非共有,无抵押,已上传房本照片,11,null
东城,朝阳门内,48,52,795,99787元/平米,朝阳门南小街,2室1厅1厨1卫,低楼层 (共9层),79.67㎡,暂无数据,79.67㎡,板楼,西,钢混结构,其他,一梯四户,自供暖,有,70年,null,null,null,2017-08-11,二类经济适用房,2000-07-12,普通住宅,满五年,非共有,暂无数据,已上传房本照片,4,null
东城,朝阳门内,107,76,920,128779元/平米,豆瓣胡同,2室1厅1厨1卫,中楼层 (共21层),71.44㎡,平层,暂无数据,板楼,南,钢混结构,精装,两梯四户,自供暖,有,70年,null,null,null,2017-07-01,商品房,2016-06-27,普通住宅,暂无数据,非共有,无抵押,已上传房本照片,11,null
东城,朝阳门内,37,44,1380,111075元/平米,朝阳首府,2室2厅1厨2卫,高楼层 (共11层),124.24㎡,暂无数据,102.4㎡,板楼,西南,钢混结构,精装,两梯六户,集中供暖,有,70年,null,null,null,2017-06-24,商品房,2012-12-25,普通住宅,满两年,非共有,有抵押 260万元 兴业银行 客户偿还,已上传房本照片,0,null
东城,朝阳门内,45,57,950,116880元/平米,朝阳门北小街,2室1厅1厨1卫,高楼层 (共6层),81.28㎡,暂无数据,暂无数据,板楼,东 西,混合结构,精装,一梯两户,集中供暖,无,70年,null,null,null,2017-08-05,商品房,2004-04-21,普通住宅,满五年,非共有,无抵押,已上传房本照片,0,null
东城,朝阳门内,56,27,940,131837元/平米,豆瓣胡同,2室1厅1厨1卫,中楼层 (共21层),71.3㎡,暂无数据,71.3㎡,板楼,南 北,钢混结构,其他,两梯四户,自供暖,有,70年,null,null,null,2017-08-18,商品房,2004-06-17,普通住宅,满五年,非共有,暂无数据,已上传房本照片,6,null
东城,朝阳门内,30,22,930,129906元/平米,豆瓣胡同,2室1厅1厨1卫,中楼层 (共12层),71.59㎡,平层,暂无数据,板楼,东,钢混结构,精装,一梯四户,集中供暖,有,70年,null,null,null,2017-08-17,商品房,2009-04-30,普通住宅,满五年,非共有,暂无数据,已上传房本照片,7,null
东城,朝阳门内,42,18,899,129632元/平米,豆瓣胡同,2室1厅1厨1卫,顶层 (共21层),69.35㎡,暂无数据,60.42㎡,板楼,西南,钢混结构,精装,一梯四户,自供暖,有,70年,null,null,null,2017-08-02,二类经济适用房,2005-07-19,普通住宅,满五年,非共有,无抵押,已上传房本照片,0,null
东城,朝阳门内,8,26,690,124392元/平米,竹杆胡同,1室1厅1厨1卫,中楼层 (共6层),55.47㎡,平层,49.79㎡,板楼,南,钢混结构,其他,一梯三户,集中供暖,无,70年,null,null,null,2017-08-23,二类经济适用房,2006-07-20,普通住宅,满五年,非共有,暂无数据,已上传房本照片,17,null
东城,朝阳门内,58,26,750,100067元/平米,西水井胡同,2室1厅1厨1卫,中楼层 (共16层),74.95㎡,平层,74.95㎡,板塔结合,东 西,钢混结构,精装,三梯两户,集中供暖,有,70年,null,null,null,2017-05-18,二类经济适用房,2007-05-10,普通住宅,满五年,非共有,无抵押,已上传房本照片,0,null
东城,朝阳门内,36,13,820,106882元/平米,北竹杆胡同,2室1厅1厨1卫,中楼层 (共6层),76.72㎡,暂无数据,暂无数据,板楼,南,钢混结构,精装,一梯三户,集中供暖,无,70年,null,null,null,2017-08-21,二类经济适用房,2006-07-20,普通住宅,满五年,非共有,无抵押,已上传房本照片,6,null
东城,朝阳门内,23,2,1150,133861元/平米,豆瓣胡同,3室1厅1厨1卫,高楼层 (共21层),85.91㎡,暂无数据,74.84㎡,板楼,东 西,钢混结构,简装,两梯四户,自供暖,有,70年,null,null,null,2017-08-31,私产,2004-06-23,普通住宅,满五年,非共有,无抵押,已上传房本照片,2,null
东城,朝阳门内,67,24,940,132022元/平米,豆瓣胡同,2室1厅1厨1卫,中楼层 (共12层),71.2㎡,暂无数据,62.17㎡,板楼,东 西,钢混结构,精装,一梯四户,集中供暖,有,70年,null,null,null,2017-07-23,二类经济适用房,2004-05-21,普通住宅,满五年,非共有,无抵押,已上传房本照片,0,null
东城,朝阳门内,476,61,795,92334元/平米,朝阳门内大街,3室1厅1厨1卫,中楼层 (共5层),86.1㎡,暂无数据,暂无数据,板楼,南 北,混合结构,精装,一梯四户,集中供暖,无,70年,null,null,null,2017-04-11,私产,1999-06-08,普通住宅,满五年,非共有,无抵押,已上传房本照片,1,null
东城,朝阳门内,51,85,940,137608元/平米,仓南胡同,2室1厅1厨1卫,高楼层 (共6层),68.31㎡,平层,暂无数据,板楼,南 北,钢混结构,简装,一梯两户,集中供暖,无,70年,null,null,null,2017-05-09,商品房,2004-06-11,普通住宅,满五年,非共有,无抵押,已上传房本照片,15,null
东城,朝阳门内,256,15,750,94138元/平米,朝阳门南小街,2室1厅1厨1卫,中楼层 (共9层),79.67㎡,暂无数据,79.67㎡,板楼,西,钢混结构,精装,一梯四户,自供暖,有,70年,null,null,null,2017-08-10,商品房,2005-04-01,普通住宅,满五年,非共有,无抵押,已上传房本照片,0,null
东城,朝阳门内,19,2,850,120397元/平米,仓南胡同14号院,2室1厅1厨1卫,底层 (共6层),70.6㎡,暂无数据,暂无数据,板楼,南 北,混合结构,简装,一梯四户,集中供暖,无,70年,null,null,null,2017-08-19,商品房,2010-08-31,普通住宅,满五年,非共有,无抵押,已上传房本照片,1,null
东城,朝阳门内,25,17,666,139828元/平米,南竹杆胡同,1室1厅1厨1卫,高楼层 (共6层),47.63㎡,暂无数据,39㎡,板楼,南,钢混结构,精装,一梯三户,集中供暖,无,70年,null,null,null,2017-08-26,商品房,2006-04-25,普通住宅,满五年,非共有,无抵押,已上传房本照片,12,null
东城,朝阳门内,99,23,920,128779元/平米,豆瓣胡同,2室1厅1厨1卫,低楼层 (共21层),71.44㎡,平层,暂无数据,板楼,南,钢混结构,简装,两梯四户,自供暖,有,70年,null,null,null,2017-04-11,商品房,2004-06-16,普通住宅,满五年,非共有,无抵押,已上传房本照片,0,null
东城,朝阳门内,31,5,950,118795元/平米,南门仓胡同,2室1厅1厨1卫,低楼层 (共6层),79.97㎡,暂无数据,70.52㎡,板楼,东 西,钢混结构,简装,一梯两户,集中供暖,无,70年,null,null,null,2017-07-20,商品房,2004-04-28,普通住宅,满五年,非共有,无抵押,已上传房本照片,1,null
东城,朝阳门内,21,4,970,105849元/平米,竹杆胡同,3室1厅1厨1卫,中楼层 (共16层),91.64㎡,暂无数据,77.62㎡,板塔结合,东 西,钢混结构,其他,一梯两户,集中供暖,有,70年,null,null,null,2017-09-07,商品房,2006-11-12,普通住宅,满五年,非共有,暂无数据,已上传房本照片,4,null
东城,朝阳门内,21,19,755,125770元/平米,仓南胡同12号院,2室1厅1厨1卫,高楼层 (共6层),60.03㎡,平层,60㎡,板楼,南 北,砖混结构,精装,一梯三户,集中供暖,无,70年,null,null,null,2017-08-23,商品房,2012-07-12,普通住宅,满五年,非共有,无抵押,已上传房本照片,7,null
东城,朝阳门内,14,15,650,125313元/平米,后芳嘉园胡同,1室1厅1厨1卫,高楼层 (共6层),51.87㎡,暂无数据,46.68㎡,板楼,东 南 北,钢混结构,简装,一梯四户,集中供暖,无,70年,null,null,null,2017-08-23,二类经济适用房,2005-12-01,普通住宅,满五年,非共有,无抵押,已上传房本照片,14,null
东城,朝阳门内,33,22,930,126651元/平米,禄米仓胡同,2室1厅1厨1卫,底层 (共6层),73.43㎡,平层,64.29㎡,板楼,东 西,钢混结构,精装,一梯两户,自供暖,无,70年,null,null,null,2017-04-04,二类经济适用房,2005-07-14,普通住宅,满五年,非共有,无抵押,已上传房本照片,2,null
东城,朝阳门内,53,34,980,111796元/平米,朝阳首府,2室1厅1厨1卫,中楼层 (共15层),87.66㎡,暂无数据,64.32㎡,塔楼,西,钢混结构,精装,四梯十一户,集中供暖,有,70年,null,null,null,2017-07-27,商品房,2012-09-12,普通住宅,满两年,非共有,无抵押,已上传房本照片,0,null
东城,朝阳门内,33,16,816,119929元/平米,朝阳门南小街,2室1厅1厨1卫,低楼层 (共11层),68.04㎡,暂无数据,58㎡,板塔结合,东 西,钢混结构,精装,两梯两户,自供暖,有,70年,null,null,null,2017-07-23,私产,2007-10-18,普通住宅,满五年,非共有,无抵押,已上传房本照片,1,距离2号线朝阳门站923米
东城,朝阳门内,26,7,1000,103114元/平米,竹杆胡同,3室1厅1厨1卫,高楼层 (共16层),96.98㎡,暂无数据,90㎡,板塔结合,东 西,钢混结构,简装,一梯两户,集中供暖,有,70年,null,null,null,2017-08-20,商品房,2012-05-31,普通住宅,满五年,非共有,无抵押,已上传房本照片,1,null
东城,朝阳门内,110,38,1040,124536元/平米,仓南胡同14号院,3室1厅1厨1卫,顶层 (共6层),83.51㎡,暂无数据,70.72㎡,板楼,南 北,混合结构,精装,一梯四户,集中供暖,无,70年,null,null,null,2017-03-05,私产,2002-09-11,普通住宅,满五年,非共有,暂无数据,已上传房本照片,1,null
东城,朝阳门内,0,1,680,122390元/平米,后芳嘉园胡同,1室1厅1厨1卫,顶层 (共6层),55.56㎡,平层,暂无数据,板楼,南,钢混结构,精装,一梯三户,集中供暖,无,70年,null,null,null,2017-08-23,二类经济适用房,2005-12-01,普通住宅,满五年,非共有,无抵押,已上传房本照片,1,null
东城,朝阳门内,49,1,980,115294元/平米,朝阳门南小街,3室1厅1厨1卫,低楼层 (共16层),85㎡,平层,85㎡,板塔结合,南 北,钢混结构,其他,两梯三户,自供暖,有,70年,null,null,null,2017-08-30,二类经济适用房,2005-07-07,普通住宅,满五年,非共有,暂无数据,已上传房本照片,1,null
东城,朝阳门内,26,5,960,103616元/平米,朝阳首府,2室1厅1厨1卫,低楼层 (共15层),92.65㎡,暂无数据,67.98㎡,塔楼,西北,钢混结构,精装,四梯十一户,集中供暖,有,70年,null,null,null,2017-08-23,商品房,2014-04-21,普通住宅,满两年,共有,有抵押 300万元 招商银行 客户偿还,已上传房本照片,0,null
东城,朝阳门内,215,39,1100,102316元/平米,朝阳首府,2室1厅1厨2卫,中楼层 (共15层),107.51㎡,平层,78.88㎡,塔楼,东北,钢混结构,精装,四梯十一户,集中供暖,有,70年,null,null,null,2016-10-26,商品房,2011-11-15,普通住宅,满五年,非共有,有抵押 172万元 兴业银行东单支行 客户偿还,已上传房本照片,0,null
东城,朝阳门内,9,7,920,128348元/平米,豆瓣胡同,2室1厅1厨1卫,低楼层 (共21层),71.68㎡,平层,62.45㎡,板楼,南,钢混结构,精装,一梯四户,自供暖,有,70年,null,null,null,2017-08-14,二类经济适用房,2004-06-14,普通住宅,满五年,非共有,无抵押,已上传房本照片,0,null
东城,朝阳门内,123,5,880,102984元/平米,朝阳门内大街,3室1厅1厨1卫,中楼层 (共5层),85.45㎡,暂无数据,暂无数据,板楼,南 北,混合结构,精装,一梯四户,集中供暖,无,70年,null,null,null,2017-05-13,私产,2003-09-01,普通住宅,满五年,非共有,暂无数据,已上传房本照片,0,null
东城,朝阳门内,49,6,780,139961元/平米,豆瓣胡同,1室1厅1厨1卫,中楼层 (共21层),55.73㎡,平层,暂无数据,板楼,东北,钢混结构,简装,两梯五户,自供暖,有,70年,null,null,null,2017-05-12,商品房,2004-06-16,普通住宅,满五年,非共有,无抵押,已上传房本照片,0,null
东城,朝阳门内,11,3,956,109898元/平米,朝阳首府,1室1厅1厨1卫,高楼层 (共15层),86.99㎡,暂无数据,63.83㎡,塔楼,东北,钢混结构,精装,四梯十一户,集中供暖,有,70年,null,null,null,2017-09-02,商品房,2012-12-19,普通住宅,满两年,非共有,无抵押,已上传房本照片,1,null
东城,朝阳门内,19,5,830,127673元/平米,南竹杆胡同,2室1厅1厨1卫,中楼层 (共6层),65.01㎡,暂无数据,59㎡,板楼,南 北,钢混结构,其他,一梯三户,集中供暖,无,70年,null,null,null,2017-08-27,商品房,2009-11-03,普通住宅,满五年,非共有,无抵押,已上传房本照片,1,null
东城,朝阳门内,20,3,770,112245元/平米,北竹杆胡同,2室1厅1厨1卫,中楼层 (共6层),68.6㎡,暂无数据,6806㎡,板楼,东 西,混合结构,精装,一梯三户,集中供暖,无,70年,null,null,null,2017-08-30,商品房,2010-05-20,普通住宅,满五年,非共有,无抵押,已上传房本照片,0,null
东城,朝阳门内,44,2,940,131837元/平米,豆瓣胡同,2室1厅1厨1卫,中楼层 (共21层),71.3㎡,平层,暂无数据,板楼,南 北,钢混结构,其他,两梯四户,自供暖,有,70年,null,null,null,2017-08-27,二类经济适用房,2004-06-22,普通住宅,满五年,非共有,暂无数据,已上传房本照片,1,null
东城,朝阳门内,34,6,775,104195元/平米,西水井胡同,2室1厅1厨1卫,中楼层 (共15层),74.38㎡,暂无数据,64.44㎡,板塔结合,东 西,钢混结构,其他,两梯两户,集中供暖,有,70年,null,null,null,2017-08-29,私产,2007-12-05,普通住宅,满五年,非共有,暂无数据,已上传房本照片,3,null
东城,朝阳门内,76,22,1250,105254元/平米,仓南胡同,4室2厅1厨2卫,顶层 (共6层),118.76㎡,暂无数据,暂无数据,板楼,南 北,钢混结构,简装,一梯两户,集中供暖,无,70年,null,null,null,2017-06-06,二类经济适用房,2004-05-28,普通住宅,满五年,非共有,无抵押,已上传房本照片,0,null
东城,朝阳门内,18,0,950,134124元/平米,南门仓胡同,2室1厅1厨1卫,高楼层 (共6层),70.83㎡,暂无数据,暂无数据,板楼,南,钢混结构,精装,一梯两户,集中供暖,无,70年,null,null,null,2017-09-02,私产,2006-06-13,普通住宅,满五年,非共有,暂无数据,已上传房本照片,0,null
东城,朝阳门内,32,0,940,135544元/平米,豆瓣胡同,2室1厅1厨1卫,低楼层 (共21层),69.35㎡,平层,60.42㎡,板楼,西,钢混结构,简装,一梯四户,自供暖,有,70年,null,null,null,2017-06-30,二类经济适用房,2004-06-22,普通住宅,满五年,非共有,暂无数据,已上传房本照片,0,null
东城,朝阳门内,69,26,1116,129979元/平米,大方家胡同,2室1厅1厨1卫,高楼层 (共9层),85.86㎡,平层,暂无数据,板塔结合,南,钢混结构,精装,一梯四户,自供暖,有,70年,null,null,null,2017-06-09,私产,2007-10-23,普通住宅,满五年,非共有,有抵押 260万元 民生银行,已上传房本照片,1,null
东城,朝阳门内,32,3,680,141284元/平米,豆瓣胡同,1室1厅1厨1卫,高楼层 (共21层),48.13㎡,平层,39㎡,板楼,东,钢混结构,简装,两梯五户,自供暖,有,70年,null,null,null,2017-08-12,商品房,2012-11-23,普通住宅,满两年,非共有,无抵押,已上传房本照片,0,null
东城,朝阳门内,19,3,850,122162元/平米,朝阳门南小街,2室1厅1厨1卫,中楼层 (共11层),69.58㎡,平层,59.74㎡,板塔结合,南,钢混结构,简装,两梯三户,自供暖,有,70年,null,null,null,2017-08-22,二类经济适用房,2006-11-20,普通住宅,满五年,非共有,无抵押,已上传房本照片,0,null
东城,朝阳门内,9,1,635,127255元/平米,大方家胡同,1室1厅1厨1卫,低楼层 (共6层),49.9㎡,暂无数据,44.5㎡,板楼,南,钢混结构,精装,一梯四户,集中供暖,无,70年,null,null,null,2017-08-19,商品房,2014-12-25,普通住宅,满两年,非共有,无抵押,已上传房本照片,1,null
东城,朝阳门内,80,12,750,98142元/平米,西水井胡同,2室1厅1厨1卫,低楼层 (共16层),76.42㎡,平层,暂无数据,板塔结合,东 西,钢混结构,简装,三梯两户,集中供暖,有,70年,null,null,null,2017-06-06,私产,2007-11-16,普通住宅,满五年,非共有,暂无数据,已上传房本照片,0,null
东城,朝阳门内,84,11,935,130788元/平米,豆瓣胡同,2室1厅1厨1卫,低楼层 (共21层),71.49㎡,平层,暂无数据,板楼,东 西,钢混结构,精装,一梯四户,自供暖,有,70年,null,null,null,2017-03-03,二类经济适用房,2013-08-12,普通住宅,满两年,非共有,无抵押,已上传房本照片,0,null
东城,朝阳门内,4,4,850,123834元/平米,朝阳门南小街,3室1厅1厨1卫,低楼层 (共16层),68.64㎡,暂无数据,暂无数据,板塔结合,东 西,钢混结构,精装,两梯两户,自供暖,有,70年,null,null,null,2017-08-23,二类经济适用房,2017-01-18,普通住宅,暂无数据,非共有,无抵押,已上传房本照片,2,null
东城,朝阳门内,65,8,828,105049元/平米,东四十条甲34号院,3室1厅1厨1卫,中楼层 (共7层),78.82㎡,平层,暂无数据,板楼,南 北,混合结构,精装,一梯三户,集中供暖,无,70年,null,null,null,2017-07-13,已购公房,2006-05-30,普通住宅,满五年,非共有,无抵押,已上传房本照片,1,null
东城,朝阳门内,55,11,795,104030元/平米,大方家胡同,2室1厅1厨1卫,低楼层 (共16层),76.42㎡,暂无数据,暂无数据,板塔结合,南 北,钢混结构,精装,三梯两户,集中供暖,有,70年,null,null,null,2017-08-21,商品房,2017-08-10,普通住宅,暂无数据,非共有,无抵押,已上传房本照片,6,null
东城,朝阳门内,120,11,818,96805元/平米,朝阳门内大街,3室1厅1厨1卫,中楼层 (共5层),84.5㎡,暂无数据,68㎡,板楼,南 北,砖混结构,精装,一梯四户,集中供暖,无,70年,null,null,null,2017-07-27,商品房,2014-01-10,普通住宅,满两年,非共有,暂无数据,已上传房本照片,1,null
东城,朝阳门内,53,2,699,91218元/平米,西水井胡同,2室1厅1厨1卫,底层 (共16层),76.63㎡,暂无数据,76.63㎡,板塔结合,东 西,钢混结构,简装,三梯两户,集中供暖,有,70年,null,null,null,2017-06-17,商品房,2014-04-02,普通住宅,满两年,非共有,无抵押,已上传房本照片,0,null
东城,朝阳门内,60,22,750,107358元/平米,朝阳门南小街,2室1厅1厨1卫,顶层 (共8层),69.86㎡,平层,暂无数据,板塔结合,西南,钢混结构,精装,一梯四户,集中供暖,有,70年,null,null,null,2017-06-30,商品房,2017-06-19,普通住宅,暂无数据,非共有,无抵押,已上传房本照片,1,null
东城,朝阳门内,121,3,650,94766元/平米,朝阳门内大街,3室1厅1厨1卫,中楼层 (共6层),68.59㎡,暂无数据,暂无数据,板楼,南 北,混合结构,简装,一梯三户,集中供暖,无,70年,null,null,null,2017-08-12,已购公房,2017-01-24,普通住宅,暂无数据,非共有,无抵押,已上传房本照片,1,距离2号线朝阳门站449米
东城,朝阳门内,45,1,800,113879元/平米,芳嘉园胡同,2室1厅1厨1卫,底层 (共6层),70.25㎡,暂无数据,暂无数据,板楼,南 北,钢混结构,其他,一梯三户,集中供暖,无,70年,null,null,null,2017-08-18,二类经济适用房,2006-01-25,普通住宅,满五年,非共有,暂无数据,已上传房本照片,0,null
东城,朝阳门内,28,5,780,111652元/平米,朝阳门南小街,2室1厅1厨1卫,中楼层 (共8层),69.86㎡,暂无数据,暂无数据,板塔结合,西 北,钢混结构,其他,一梯四户,集中供暖,有,70年,null,null,null,2017-08-19,二类经济适用房,2006-01-25,普通住宅,满五年,非共有,暂无数据,已上传房本照片,1,null
东城,朝阳门内,63,1,892,99955元/平米,东水井胡同,3室1厅1厨1卫,低楼层 (共15层),89.24㎡,平层,70㎡,塔楼,南 北,钢混结构,简装,一梯三户,集中供暖,有,70年,null,null,null,2017-08-22,商品房,2017-05-31,普通住宅,暂无数据,非共有,有抵押 300万元 北京银行 客户偿还,已上传房本照片,0,null
东城,朝阳门内,61,6,830,119373元/平米,朝阳门南小街,2室1厅1厨1卫,顶层 (共10层),69.53㎡,平层,暂无数据,板塔结合,南 北,钢混结构,精装,两梯三户,自供暖,有,70年,null,null,null,2017-03-27,二类经济适用房,2007-02-13,普通住宅,满五年,非共有,无抵押,已上传房本照片,1,null
东城,朝阳门内,45,15,645,117145元/平米,北竹杆胡同,1室1厅1厨1卫,顶层 (共6层),55.06㎡,暂无数据,49.81㎡,板楼,南,钢混结构,简装,一梯三户,集中供暖,无,70年,null,null,null,2017-07-02,二类经济适用房,2006-07-20,普通住宅,满五年,非共有,无抵押,已上传房本照片,1,null
东城,朝阳门内,167,39,1350,108269元/平米,朝阳首府,2室1厅1厨2卫,顶层 (共11层),124.69㎡,平层,102.77㎡,板楼,东 南,钢混结构,精装,两梯六户,集中供暖,有,70年,null,null,null,2017-03-06,商品房,2014-03-25,普通住宅,满两年,非共有,无抵押,已上传房本照片,0,null
东城,朝阳门内,20,1,920,128438元/平米,豆瓣胡同,2室1厅1厨1卫,低楼层 (共21层),71.63㎡,平层,62.16㎡,板楼,南,钢混结构,其他,两梯五户,自供暖,有,70年,null,null,null,2017-07-16,商品房,2009-03-30,普通住宅,满五年,非共有,暂无数据,已上传房本照片,0,null
东城,朝阳门内,45,29,930,126359元/平米,禄米仓胡同,2室1厅1厨1卫,中楼层 (共6层),73.6㎡,暂无数据,73.6㎡,板楼,东 西,钢混结构,精装,一梯两户,自供暖,暂无数据,70年,null,null,null,2017-05-17,商品房,2016-11-11,普通住宅,暂无数据,共有,无抵押,已上传房本照片,4,null
东城,朝阳门内,10,0,850,134579元/平米,禄米仓胡同67号院,2室1厅1厨1卫,高楼层 (共6层),63.16㎡,平层,暂无数据,板楼,南 西 北,混合结构,其他,一梯三户,集中供暖,暂无数据,70年,null,null,null,2017-08-18,央产房,2017-04-19,普通住宅,暂无数据,非共有,暂无数据,已上传房本照片,0,null
东城,朝阳门内,277,2,660,95569元/平米,东四十条甲34号院,3室1厅1厨1卫,底层 (共18层),69.06㎡,暂无数据,暂无数据,塔楼,西北,混合结构,其他,两梯八户,集中供暖,有,70年,null,null,null,2017-02-24,商品房,2005-08-10,普通住宅,满五年,非共有,暂无数据,已上传房本照片,0,null
东城,朝阳门内,2,0,700,124533元/平米,芳嘉园胡同,1室1厅1厨1卫,底层 (共6层),56.21㎡,暂无数据,45㎡,板楼,南,钢混结构,精装,一梯三户,集中供暖,无,70年,null,null,null,2017-08-23,商品房,2016-12-01,普通住宅,暂无数据,非共有,无抵押,已上传房本照片,0,null
东城,朝阳门内,8,1,500,64483元/平米,北京INN,1房间1卫,中楼层 (共12层),77.54㎡,暂无数据,54.73㎡,塔楼,西,钢混结构,精装,两梯十一户,集中供暖,有,50年,商水,商电,0元/m3,2017-07-28,商品房,2013-08-27,商业办公类,满两年,非共有,无抵押,已上传房本照片,0,null
东城,朝阳门内,40,0,520,85274元/平米,朝阳门内大街,3室1厅1厨1卫,地下室 (共6层),60.98㎡,暂无数据,45.75㎡,板楼,南 北,混合结构,简装,一梯两户,集中供暖,无,70年,null,null,null,2017-04-11,已购公房,2017-01-23,普通住宅,暂无数据,非共有,无抵押,已上传房本照片,0,null
东城,朝阳门内,141,12,450,89003元/平米,朝阳门内大街,2室1厅1厨1卫,地下室 (共6层),50.56㎡,平层,37.93㎡,板楼,南 北,混合结构,简装,一梯两户,集中供暖,无,70年,null,null,null,2017-03-04,商品房,2017-01-23,普通住宅,暂无数据,非共有,无抵押,已上传房本照片,0,null
东城,朝阳门内,81,6,465,91970元/平米,朝阳门内大街,2室1厅1厨1卫,地下室 (共6层),50.56㎡,暂无数据,50.56㎡,板楼,南 北,混合结构,其他,一梯两户,集中供暖,无,70年,null,null,null,2017-03-21,已购公房,2017-01-23,普通住宅,暂无数据,非共有,暂无数据,已上传房本照片,0,null
东城,朝阳门内,35,6,661,119964元/平米,朝阳门南小街,1室1厅1厨1卫,中楼层 (共16层),55.1㎡,暂无数据,55.1㎡,板塔结合,西,钢混结构,其他,两梯三户,自供暖,有,70年,null,null,null,2017-07-31,商品房,2015-10-10,普通住宅,暂无数据,非共有,暂无数据,已上传房本照片,3,null
东城,朝阳门内,93,28,650,112340元/平米,南竹杆胡同,1室1厅1厨1卫,低楼层 (共16层),57.86㎡,暂无数据,57.86㎡,板塔结合,南,钢混结构,简装,一梯三户,集中供暖,有,70年,null,null,null,2017-05-24,商品房,2006-11-12,普通住宅,满五年,非共有,无抵押,已上传房本照片,0,null
东城,朝阳门内,44,8,920,111705元/平米,朝阳门南小街,2室1厅1厨1卫,低楼层 (共16层),82.36㎡,暂无数据,暂无数据,板塔结合,东 南,钢混结构,其他,两梯三户,自供暖,有,70年,null,null,null,2017-08-22,私产,2008-10-17,普通住宅,满五年,非共有,暂无数据,已上传房本照片,1,null
东城,朝阳门内,97,9,3685,126048元/平米,金宝街,4室2厅1厨5卫,低楼层 (共17层),292.35㎡,暂无数据,209.75㎡,暂无数据,南 北,钢混结构,精装,一梯五户,暂无数据,暂无数据,70年,null,null,null,2017-02-13,商品房,2013-09-17,普通住宅,满两年,非共有,无抵押,已上传房本照片,0,null
东城,朝阳门内,23,0,790,103281元/平米,竹杆胡同,2室1厅1厨1卫,低楼层 (共6层),76.49㎡,平层,60.31㎡,板楼,南,钢混结构,简装,一梯三户,集中供暖,无,70年,null,null,null,2017-09-02,二类经济适用房,2006-07-20,普通住宅,满五年,非共有,无抵押,已上传房本照片,0,null
东城,朝阳门内,7,0,650,54889元/平米,北京INN,2房间1卫,低楼层 (共12层),118.42㎡,暂无数据,暂无数据,板楼,西,钢混结构,毛坯,五梯十九户,集中供暖,有,50年,商水,商电,0元/m3,2017-08-25,商品房,2017-03-20,商业办公类,暂无数据,非共有,无抵押,已上传房本照片,0,null
东城,朝阳门内,2,0,940,117632元/平米,豆瓣胡同,2室1厅1厨1卫,高楼层 (共21层),79.91㎡,平层,69.62㎡,板楼,西北,钢混结构,其他,一梯四户,自供暖,有,70年,null,null,null,2017-08-25,二类经济适用房,2003-08-24,普通住宅,满五年,非共有,暂无数据,已上传房本照片,0,null
东城,朝阳门内,17,8,1910,126148元/平米,金宝街,1室1厅1厨2卫,低楼层 (共17层),151.41㎡,暂无数据,108.63㎡,暂无数据,南,钢混结构,精装,一梯五户,暂无数据,暂无数据,70年,null,null,null,2017-02-13,商品房,2017-04-13,普通住宅,暂无数据,非共有,无抵押,已上传房本照片,0,null
东城,朝阳门内,11,0,680,52534元/平米,北京INN,5房间0卫,低楼层 (共12层),129.44㎡,暂无数据,82.9㎡,板楼,南,钢混结构,精装,两梯十五户,集中供暖,有,50年,民水,民电,2.28元/m3,2017-07-29,商品房,2014-07-09,商业办公类,满两年,非共有,无抵押,已上传房本照片,0,null
