城区,区域,关注,带看,挂牌价,单价,小区,房屋户型,所在楼层,建筑面积,户型结构,套内面积,建筑类型,房屋朝向,建筑结构,装修情况,梯户比例,供暖方式,配备电梯,产权年限,用水类型,用电类型,燃气价格,挂牌时间,交易属性,上次交易,房屋用途,房屋年限,产权所属,抵押信心,房本备件,近七天带看,地铁
东城,安贞,18,4,900,91361元/平米,小黄庄一区,3室1厅1厨1卫,低楼层 (共21层),98.51㎡,暂无数据,74.1㎡,板塔结合,东 西,混合结构,精装,两梯八户,集中供暖,有,70年,null,null,null,2017-09-06,商品房,2010-11-24,普通住宅,满五年,共有,有抵押 60万元 中国银行 客户偿还,已上传房本照片,4,距离8号线安华桥站154米
东城,安贞,118,27,490,84878元/平米,安贞西里,2室1厅1厨1卫,高楼层 (共6层),57.73㎡,暂无数据,40.71㎡,板楼,南 北,钢混结构,简装,一梯两户,集中供暖,无,70年,null,null,null,2017-07-27,私产,2004-09-24,普通住宅,满五年,非共有,无抵押,已上传房本照片,1,null
东城,安贞,7,7,918,89613元/平米,大龙公寓,2室1厅1厨1卫,中楼层 (共21层),102.44㎡,暂无数据,1㎡,塔楼,东北,钢混结构,其他,两梯八户,集中供暖,有,70年,null,null,null,2017-08-26,商品房,2007-11-24,普通住宅,满五年,非共有,暂无数据,已上传房本照片,2,null
东城,安贞,152,38,580,76376元/平米,安贞里,3室1厅1厨1卫,中楼层 (共17层),75.94㎡,暂无数据,暂无数据,塔楼,东北,钢混结构,精装,两梯八户,集中供暖,有,70年,null,null,null,2017-07-07,商品房,2009-08-27,普通住宅,满五年,非共有,有抵押 70万元 交通银行 业主自还,已上传房本照片,2,null
东城,安贞,14,5,550,83790元/平米,安贞西里,2室1厅1厨1卫,中楼层 (共24层),65.64㎡,暂无数据,暂无数据,塔楼,南 西,钢混结构,简装,两梯七户,集中供暖,有,70年,null,null,null,2017-09-09,私产,2005-11-28,普通住宅,满五年,非共有,无抵押,已上传房本照片,5,null
东城,安贞,55,15,520,84940元/平米,安贞西里,2室1厅1厨1卫,中楼层 (共6层),61.22㎡,暂无数据,1㎡,板楼,南 北,钢混结构,简装,一梯三户,集中供暖,无,70年,null,null,null,2017-07-09,已购公房,1996-11-26,普通住宅,满五年,非共有,无抵押,已上传房本照片,3,null
东城,安贞,42,11,449,82826元/平米,安贞里,2室1厅1厨1卫,中楼层 (共6层),54.21㎡,暂无数据,暂无数据,板楼,南,混合结构,其他,一梯三户,集中供暖,无,70年,null,null,null,2017-08-26,已购公房,2001-11-19,普通住宅,满五年,非共有,无抵押,已上传房本照片,2,null
东城,安贞,104,32,600,80343元/平米,安贞里,2室2厅1厨1卫,低楼层 (共7层),74.68㎡,暂无数据,1㎡,板楼,东 西,混合结构,简装,一梯四户,集中供暖,无,70年,null,null,null,2017-06-10,一类经济适用房,2001-08-06,普通住宅,满五年,非共有,无抵押,已上传房本照片,3,null
东城,安贞,159,67,435,80258元/平米,安华里一区,2室1厅1厨1卫,中楼层 (共6层),54.2㎡,暂无数据,暂无数据,板楼,东 西,混合结构,简装,一梯两户,集中供暖,无,70年,null,null,null,2017-05-02,已购公房,2001-11-19,普通住宅,满五年,非共有,无抵押,已上传房本照片,0,null
东城,安贞,281,98,630,82117元/平米,安贞西里,3室1厅1厨1卫,顶层 (共16层),76.72㎡,暂无数据,55.23㎡,板塔结合,南 北,钢混结构,简装,一梯七户,集中供暖,有,70年,null,null,null,2017-05-06,已购公房,2015-07-16,普通住宅,满两年,共有,无抵押,已上传房本照片,12,null
东城,安贞,100,56,375,79702元/平米,外馆西街,2室1厅1厨1卫,底层 (共6层),47.05㎡,暂无数据,35.4㎡,板楼,南 北,混合结构,精装,一梯两户,集中供暖,无,70年,null,null,null,2017-07-07,已购公房,1999-08-01,普通住宅,满五年,非共有,无抵押,已上传房本照片,10,null
东城,安贞,18,5,350,83056元/平米,安贞里,1室1厅1厨1卫,顶层 (共6层),42.14㎡,暂无数据,暂无数据,板楼,南,混合结构,精装,一梯三户,集中供暖,无,70年,null,null,null,2017-08-26,私产,2004-05-19,普通住宅,满五年,非共有,无抵押,已上传房本照片,4,null
东城,安贞,93,30,495,72052元/平米,安华西里三区,2室1厅1厨1卫,中楼层 (共16层),68.7㎡,暂无数据,68㎡,板塔结合,东 西,钢混结构,简装,一梯三户,集中供暖,有,70年,null,null,null,2017-05-20,已购公房,2002-11-20,普通住宅,满五年,非共有,无抵押,已上传房本照片,3,null
东城,安贞,112,89,1050,90705元/平米,国典华园,2室1厅1厨1卫,底层 (共17层),115.76㎡,暂无数据,98.07㎡,板塔结合,南,钢混结构,精装,两梯四户,集中供暖,有,70年,null,null,null,2017-03-20,商品房,2009-06-08,普通住宅,满五年,非共有,无抵押,已上传房本照片,0,null
东城,安贞,116,50,500,87489元/平米,安贞西里,2室1厅1厨1卫,中楼层 (共16层),57.15㎡,暂无数据,57.15㎡,塔楼,南,钢混结构,精装,两梯八户,集中供暖,有,70年,null,null,null,2017-05-04,已购公房,2011-12-20,普通住宅,满五年,非共有,无抵押,已上传房本照片,1,null
东城,安贞,104,48,536,84958元/平米,安贞里,2室1厅1厨1卫,中楼层 (共6层),63.09㎡,平层,暂无数据,板楼,南 北,混合结构,简装,一梯三户,集中供暖,无,70年,null,null,null,2017-04-23,已购公房,2001-12-29,普通住宅,满五年,非共有,无抵押,已上传房本照片,1,null
东城,安贞,19,0,510,80416元/平米,安贞西里,2室1厅1厨1卫,低楼层 (共14层),63.42㎡,暂无数据,63.42㎡,板塔结合,东,钢混结构,简装,一梯八户,集中供暖,有,70年,null,null,null,2017-09-04,已购公房,2001-08-27,普通住宅,满五年,非共有,无抵押,已上传房本照片,0,null
东城,安贞,133,36,620,80698元/平米,安华西里一区,3室1厅1厨1卫,顶层 (共6层),76.83㎡,平层,暂无数据,板楼,南 北,混合结构,简装,一梯三户,集中供暖,无,70年,null,null,null,2017-02-18,已购公房,2005-06-01,普通住宅,满五年,非共有,无抵押,已上传房本照片,0,null
东城,安贞,59,28,500,88246元/平米,安贞西里,2室1厅1厨1卫,低楼层 (共6层),56.66㎡,暂无数据,暂无数据,板楼,东 西,混合结构,精装,一梯两户,集中供暖,无,70年,null,null,null,2017-03-16,已购公房,2001-08-27,普通住宅,满五年,非共有,无抵押,已上传房本照片,3,null
东城,安贞,82,26,428,86430元/平米,安贞西里,1室1厅1厨1卫,中楼层 (共16层),49.52㎡,暂无数据,34.3㎡,板塔结合,南,钢混结构,精装,一梯六户,集中供暖,有,70年,null,null,null,2017-04-24,已购公房,2001-08-27,普通住宅,满五年,非共有,无抵押,已上传房本照片,0,null
东城,安贞,94,11,617,84916元/平米,安贞里,2室1厅1厨1卫,顶层 (共18层),72.66㎡,暂无数据,54.5㎡,塔楼,南 西北,钢混结构,其他,两梯八户,集中供暖,有,70年,null,null,null,2017-04-02,已购公房,1992-12-28,普通住宅,满五年,非共有,无抵押,已上传房本照片,1,null
东城,安贞,44,19,470,86445元/平米,安贞里,2室1厅1厨1卫,低楼层 (共6层),54.37㎡,暂无数据,暂无数据,板楼,南 北,混合结构,其他,一梯三户,集中供暖,无,70年,null,null,null,2017-07-24,已购公房,1996-06-30,普通住宅,满五年,非共有,无抵押,已上传房本照片,4,null
东城,安贞,166,62,570,82994元/平米,安华西里二区,3室1厅1厨1卫,顶层 (共6层),68.68㎡,平层,48.67㎡,板楼,南 北,混合结构,简装,一梯两户,集中供暖,无,70年,null,null,null,2017-04-05,已购公房,2002-09-10,普通住宅,满五年,非共有,无抵押,已上传房本照片,0,null
东城,安贞,24,5,698,94644元/平米,国典华园,1室1厅1厨1卫,低楼层 (共17层),73.75㎡,暂无数据,62.48㎡,板塔结合,北,钢混结构,精装,两梯五户,集中供暖,有,70年,null,null,null,2017-08-15,商品房,2009-05-25,普通住宅,满五年,非共有,无抵押,已上传房本照片,0,null
东城,安贞,97,108,585,84148元/平米,安贞里,3室1厅1厨1卫,中楼层 (共5层),69.52㎡,平层,49.23㎡,板楼,南 北,混合结构,简装,一梯两户,集中供暖,无,70年,null,null,null,2017-04-19,已购公房,2017-03-16,普通住宅,暂无数据,非共有,无抵押,已上传房本照片,11,null
东城,安贞,50,15,620,89183元/平米,安贞西里,2室1厅1厨1卫,中楼层 (共16层),69.52㎡,暂无数据,46.3㎡,塔楼,南,钢混结构,其他,两梯八户,集中供暖,有,70年,null,null,null,2017-07-22,商品房,2011-01-17,普通住宅,满五年,共有,暂无数据,已上传房本照片,0,null
东城,安贞,49,24,650,86459元/平米,安贞里,3室1厅1厨1卫,高楼层 (共17层),75.18㎡,暂无数据,暂无数据,塔楼,东北,钢混结构,精装,两梯八户,集中供暖,有,70年,null,null,null,2017-05-02,商品房,2001-02-26,普通住宅,满五年,非共有,无抵押,已上传房本照片,0,null
东城,安贞,80,26,1380,117417元/平米,胜古誉园,3室2厅1厨2卫,中楼层 (共7层),117.53㎡,暂无数据,96.98㎡,板楼,南 北,钢混结构,精装,一梯两户,集中供暖,有,70年,null,null,null,2017-08-13,商品房,2017-05-18,公寓,暂无数据,非共有,无抵押,已上传房本照片,6,null
东城,安贞,31,12,445,82945元/平米,安华西里三区,2室1厅1厨1卫,高楼层 (共6层),53.65㎡,平层,暂无数据,板楼,南 北,混合结构,简装,一梯两户,集中供暖,无,70年,null,null,null,2017-08-18,已购公房,2000-09-21,普通住宅,满五年,非共有,无抵押,已上传房本照片,2,null
东城,安贞,56,7,470,76212元/平米,安华西里一区,2室1厅1厨1卫,低楼层 (共11层),61.67㎡,暂无数据,43.41㎡,板塔结合,西,钢混结构,精装,两梯十一户,集中供暖,有,70年,null,null,null,2017-08-16,已购公房,2003-04-23,普通住宅,满五年,非共有,无抵押,已上传房本照片,4,null
东城,安贞,76,58,480,75188元/平米,安贞里,2室1厅1厨1卫,中楼层 (共17层),63.84㎡,暂无数据,44.44㎡,塔楼,东北,钢混结构,简装,两梯八户,集中供暖,有,70年,null,null,null,2017-06-24,已购公房,2016-10-18,普通住宅,暂无数据,非共有,无抵押,已上传房本照片,7,距离5号线和平里北街站564米
东城,安贞,24,5,450,89856元/平米,安贞里,2室1厅1厨1卫,高楼层 (共6层),50.08㎡,暂无数据,暂无数据,板楼,南 北,混合结构,简装,一梯三户,集中供暖,无,70年,null,null,null,2017-07-15,已购公房,2007-09-19,普通住宅,满五年,非共有,无抵押,已上传房本照片,0,null
东城,安贞,24,4,492,86834元/平米,安贞西里,2室1厅1厨1卫,中楼层 (共6层),56.66㎡,暂无数据,56.66㎡,板楼,东 西,混合结构,精装,一梯两户,集中供暖,无,70年,null,null,null,2017-07-20,已购公房,2008-01-04,普通住宅,满五年,共有,无抵押,已上传房本照片,1,null
东城,安贞,167,57,450,78044元/平米,安贞西里,2室1厅1厨1卫,低楼层 (共6层),57.66㎡,暂无数据,暂无数据,板楼,东 西,混合结构,简装,一梯两户,集中供暖,无,70年,null,null,null,2017-05-28,商品房,2012-09-27,普通住宅,满两年,非共有,无抵押,已上传房本照片,7,null
东城,安贞,143,29,470,81555元/平米,安华西里一区,2室1厅1厨1卫,高楼层 (共21层),57.63㎡,平层,41.81㎡,塔楼,东南,钢混结构,精装,两梯八户,集中供暖,有,70年,null,null,null,2017-04-17,商品房,2010-05-06,普通住宅,满五年,非共有,无抵押,已上传房本照片,6,null
东城,安贞,6,1,415,82901元/平米,安华西里三区,1室1厅1厨1卫,低楼层 (共16层),50.06㎡,暂无数据,34.1㎡,板塔结合,东 西,钢混结构,精装,一梯三户,集中供暖,有,70年,null,null,null,2017-09-03,已购公房,2010-03-18,普通住宅,满五年,非共有,暂无数据,已上传房本照片,1,null
东城,安贞,197,27,570,83898元/平米,安贞里,2室1厅1厨1卫,顶层 (共17层),67.94㎡,平层,暂无数据,塔楼,东南,钢混结构,精装,两梯八户,集中供暖,有,70年,null,null,null,2017-01-13,已购公房,2003-12-16,普通住宅,满五年,非共有,有抵押 220万元 客户偿还,已上传房本照片,1,null
东城,安贞,26,1,857,84927元/平米,安贞里,2室1厅1厨1卫,中楼层 (共7层),100.91㎡,暂无数据,1㎡,板楼,东 西,混合结构,简装,一梯四户,集中供暖,无,70年,null,null,null,2017-05-17,一类经济适用房,2001-08-06,普通住宅,满五年,非共有,无抵押,已上传房本照片,0,null
东城,安贞,68,39,440,75823元/平米,安华里三区,2室1厅1厨1卫,底层 (共6层),58.03㎡,平层,暂无数据,板楼,东 西,混合结构,简装,一梯两户,集中供暖,无,70年,null,null,null,2017-03-16,商品房,2009-02-04,普通住宅,满五年,非共有,无抵押,已上传房本照片,1,null
东城,安贞,186,20,680,82265元/平米,富仁名苑,2室1厅1厨1卫,高楼层 (共16层),82.66㎡,平层,暂无数据,板塔结合,北,钢混结构,精装,两梯八户,集中供暖,有,70年,null,null,null,2016-12-14,已购公房,2000-08-09,普通住宅,满五年,非共有,无抵押,已上传房本照片,0,null
东城,安贞,36,15,455,82908元/平米,安华西里二区,2室1厅1厨1卫,低楼层 (共6层),54.88㎡,暂无数据,38.32㎡,板楼,南 北,混合结构,精装,一梯三户,集中供暖,无,70年,null,null,null,2017-08-27,已购公房,2001-08-27,普通住宅,满五年,非共有,无抵押,已上传房本照片,7,null
东城,安贞,7,2,440,80942元/平米,安华西里三区,2室1厅1厨1卫,顶层 (共6层),54.36㎡,平层,37.93㎡,板楼,南 北,砖混结构,精装,一梯两户,集中供暖,无,70年,null,null,null,2017-08-23,已购公房,2011-01-20,普通住宅,满五年,非共有,无抵押,已上传房本照片,0,null
东城,安贞,90,44,1070,92106元/平米,国典华园,2室1厅1厨1卫,中楼层 (共17层),116.17㎡,暂无数据,98.63㎡,板塔结合,东南,钢混结构,精装,两梯五户,集中供暖,有,70年,null,null,null,2017-05-08,商品房,2004-12-31,普通住宅,满五年,非共有,无抵押,已上传房本照片,0,null
东城,安贞,38,25,505,79653元/平米,安贞里,2室1厅1厨1卫,底层 (共17层),63.4㎡,暂无数据,50.66㎡,塔楼,西北,钢混结构,精装,两梯八户,集中供暖,有,70年,null,null,null,2017-08-05,商品房,2017-06-30,普通住宅,暂无数据,非共有,无抵押,已上传房本照片,2,null
东城,安贞,50,15,599,84977元/平米,安贞西里,2室1厅1厨1卫,高楼层 (共16层),70.49㎡,暂无数据,46.58㎡,塔楼,南,钢混结构,精装,两梯八户,集中供暖,有,70年,null,null,null,2017-05-22,已购公房,2000-09-08,普通住宅,满五年,非共有,无抵押,已上传房本照片,0,null
东城,安贞,44,24,540,88772元/平米,安贞西里,2室1厅1厨1卫,中楼层 (共6层),60.83㎡,暂无数据,42.86㎡,板楼,南 北,钢混结构,精装,一梯三户,集中供暖,无,70年,null,null,null,2017-07-05,私产,2008-12-04,普通住宅,满五年,非共有,暂无数据,已上传房本照片,1,null
东城,安贞,99,24,450,77787元/平米,安华里一区,2室1厅1厨1卫,顶层 (共6层),57.85㎡,平层,暂无数据,板楼,东 西,混合结构,精装,一梯三户,集中供暖,无,70年,null,null,null,2017-02-08,已购公房,2004-11-17,普通住宅,满五年,非共有,无抵押,已上传房本照片,0,null
东城,安贞,30,25,480,82418元/平米,安华西里一区,2室1厅1厨1卫,高楼层 (共11层),58.24㎡,暂无数据,40.84㎡,板塔结合,南 西,钢混结构,精装,两梯十一户,集中供暖,有,70年,null,null,null,2017-06-19,已购公房,2000-07-11,普通住宅,满五年,非共有,无抵押,已上传房本照片,6,null
东城,安贞,10,2,668,89942元/平米,安贞里,2室1厅1厨1卫,低楼层 (共17层),74.27㎡,暂无数据,57㎡,塔楼,南,钢混结构,简装,两梯八户,集中供暖,有,70年,null,null,null,2017-08-25,已购公房,2001-11-19,普通住宅,满五年,非共有,无抵押,已上传房本照片,1,null
东城,安贞,40,5,545,84851元/平米,安贞西里,2室1厅1厨1卫,高楼层 (共6层),64.23㎡,暂无数据,暂无数据,板楼,南 北,混合结构,简装,一梯三户,集中供暖,无,70年,null,null,null,2017-06-17,私产,2003-01-25,普通住宅,满五年,非共有,无抵押,已上传房本照片,1,null
东城,安贞,49,8,388,75648元/平米,安华里一区,1室1厅1厨1卫,顶层 (共18层),51.29㎡,暂无数据,暂无数据,塔楼,东南,钢混结构,简装,两梯十户,集中供暖,有,70年,null,null,null,2017-05-25,已购公房,2003-12-24,普通住宅,满五年,非共有,无抵押,已上传房本照片,2,null
东城,安贞,109,45,550,76262元/平米,安华里三区,3室1厅1厨1卫,顶层 (共6层),72.12㎡,暂无数据,暂无数据,板楼,南 西 北,混合结构,简装,一梯三户,集中供暖,无,70年,null,null,null,2017-04-20,已购公房,2003-11-04,普通住宅,满五年,非共有,无抵押,已上传房本照片,0,null
东城,安贞,94,26,650,82550元/平米,安华西里三区,2室1厅1厨1卫,高楼层 (共18层),78.74㎡,暂无数据,暂无数据,塔楼,南,钢混结构,其他,两梯七户,集中供暖,有,70年,null,null,null,2017-06-01,商品房,2013-06-26,普通住宅,满两年,非共有,暂无数据,已上传房本照片,4,null
东城,安贞,90,27,418,96336元/平米,安定路,1室1厅1厨1卫,中楼层 (共20层),43.39㎡,暂无数据,1㎡,塔楼,东,钢混结构,精装,两梯八户,集中供暖,有,70年,null,null,null,2017-07-28,商品房,2012-11-16,普通住宅,满两年,非共有,有抵押 50万元 北京市住房公积金管理中心 业主自还,已上传房本照片,10,null
东城,安贞,65,5,525,89698元/平米,小黄庄二区,2室1厅1厨1卫,顶层 (共6层),58.53㎡,平层,45㎡,板楼,南 北,混合结构,精装,一梯三户,集中供暖,无,70年,null,null,null,2017-08-14,商品房,2013-03-20,普通住宅,满两年,非共有,无抵押,已上传房本照片,1,null
东城,安贞,25,7,470,79378元/平米,小黄庄前街2号院,2室1厅1厨1卫,低楼层 (共6层),59.21㎡,暂无数据,1㎡,板楼,西北,混合结构,简装,一梯五户,集中供暖,无,70年,null,null,null,2017-04-11,商品房,2010-07-19,普通住宅,满五年,非共有,无抵押,已上传房本照片,4,null
东城,安贞,36,4,515,83986元/平米,安贞西里,2室1厅1厨1卫,顶层 (共16层),61.32㎡,暂无数据,暂无数据,板塔结合,南,钢混结构,精装,一梯四户,集中供暖,有,70年,null,null,null,2017-08-05,私产,2006-09-28,普通住宅,满五年,非共有,无抵押,已上传房本照片,0,null
东城,安贞,24,18,427,77891元/平米,安华里五区,2室1厅1厨1卫,低楼层 (共16层),54.82㎡,暂无数据,1㎡,塔楼,东,钢混结构,简装,两梯七户,集中供暖,有,70年,null,null,null,2017-07-15,已购公房,1996-06-30,普通住宅,满五年,非共有,无抵押,已上传房本照片,6,null
东城,安贞,74,29,1280,99720元/平米,安贞苑50号院,3室2厅1厨1卫,低楼层 (共6层),128.36㎡,平层,100㎡,板楼,南 北,混合结构,精装,一梯两户,集中供暖,无,70年,null,null,null,2017-03-21,商品房,2007-07-06,普通住宅,满五年,非共有,无抵押,已上传房本照片,0,null
东城,安贞,143,4,360,76694元/平米,小黄庄,2室1厅1厨1卫,顶层 (共6层),46.94㎡,暂无数据,暂无数据,板楼,南 北,混合结构,简装,一梯三户,集中供暖,无,70年,null,null,null,2017-08-06,商品房,2012-06-27,普通住宅,满五年,共有,有抵押 300000万元,已上传房本照片,0,null
东城,安贞,138,21,445,79721元/平米,外馆西街,3室1厅1厨1卫,顶层 (共5层),55.82㎡,平层,暂无数据,板楼,南 北,砖混结构,精装,一梯三户,集中供暖,无,70年,null,null,null,2017-03-13,商品房,2010-10-22,普通住宅,满五年,非共有,无抵押,已上传房本照片,4,距离8号线安华桥站225米
东城,安贞,144,70,430,79233元/平米,安华西里三区,2室1厅1厨1卫,低楼层 (共6层),54.27㎡,平层,暂无数据,板楼,东 南,混合结构,简装,一梯三户,集中供暖,无,70年,null,null,null,2017-03-09,已购公房,1994-05-18,普通住宅,满五年,非共有,无抵押,已上传房本照片,2,null
东城,安贞,38,3,530,83020元/平米,安贞里,2室1厅1厨1卫,低楼层 (共17层),63.84㎡,暂无数据,44.44㎡,塔楼,东北,钢混结构,精装,两梯八户,集中供暖,有,70年,null,null,null,2017-05-05,已购公房,2001-11-19,普通住宅,满五年,非共有,无抵押,已上传房本照片,0,null
东城,安贞,11,0,713,84952元/平米,富仁名苑,2室1厅1厨1卫,中楼层 (共16层),83.93㎡,暂无数据,58.57㎡,板塔结合,西南,钢混结构,简装,两梯八户,集中供暖,有,70年,null,null,null,2017-05-10,已购公房,2000-08-09,普通住宅,满五年,非共有,无抵押,已上传房本照片,0,null
东城,安贞,42,0,420,84831元/平米,安贞里,2室1厅1厨1卫,顶层 (共6层),49.51㎡,暂无数据,49.51㎡,板楼,东,混合结构,精装,一梯三户,集中供暖,无,70年,null,null,null,2017-06-14,央产房,2005-04-07,普通住宅,满五年,非共有,无抵押,已上传房本照片,0,null
东城,安贞,22,21,806,74810元/平米,安圣苑,2室1厅1厨1卫,中楼层 (共20层),107.74㎡,暂无数据,89.86㎡,塔楼,东,钢混结构,简装,两梯六户,自供暖,有,70年,null,null,null,2017-07-27,商品房,2017-07-25,普通住宅,暂无数据,非共有,无抵押,已上传房本照片,2,null
东城,安贞,63,14,345,80551元/平米,安贞西里,1室1厅1厨1卫,高楼层 (共6层),42.83㎡,暂无数据,暂无数据,板楼,南,混合结构,精装,一梯三户,集中供暖,无,70年,null,null,null,2017-07-08,商品房,2013-02-17,普通住宅,满两年,共有,有抵押 88万元 交通银行 客户偿还,已上传房本照片,5,null
东城,安贞,51,9,650,82414元/平米,安贞西里,3室1厅1厨1卫,顶层 (共6层),78.87㎡,平层,暂无数据,板楼,东 西,钢混结构,简装,一梯三户,集中供暖,无,70年,null,null,null,2017-04-18,已购公房,1996-12-03,普通住宅,满五年,非共有,无抵押,已上传房本照片,1,null
东城,安贞,58,42,530,86601元/平米,安贞西里,2室1厅1厨1卫,中楼层 (共6层),61.2㎡,平层,暂无数据,板楼,南 北,钢混结构,简装,一梯三户,集中供暖,无,70年,null,null,null,2017-04-02,商品房,2017-01-05,普通住宅,暂无数据,非共有,无抵押,已上传房本照片,4,null
东城,安贞,70,8,440,99548元/平米,安定路,2室1厅1厨1卫,底层 (共20层),44.2㎡,暂无数据,暂无数据,塔楼,南,钢混结构,其他,两梯八户,集中供暖,有,70年,null,null,null,2017-08-11,商品房,2012-09-19,普通住宅,满两年,非共有,暂无数据,已上传房本照片,2,null
东城,安贞,13,3,355,74863元/平米,安华里四区,1室1厅1厨1卫,中楼层 (共14层),47.42㎡,平层,暂无数据,板塔结合,东,钢混结构,简装,两梯十户,集中供暖,有,70年,null,null,null,2017-08-26,已购公房,2013-12-13,普通住宅,满两年,非共有,无抵押,已上传房本照片,2,null
东城,安贞,28,23,530,79152元/平米,安华西里一区,2室1厅1厨1卫,低楼层 (共11层),66.96㎡,平层,47.36㎡,板塔结合,西,钢混结构,精装,两梯十一户,集中供暖,有,70年,null,null,null,2017-06-03,已购公房,2000-10-17,普通住宅,满五年,非共有,无抵押,已上传房本照片,6,null
东城,安贞,0,1,435,72791元/平米,安华里四区,2室1厅1厨1卫,顶层 (共14层),59.76㎡,暂无数据,暂无数据,板塔结合,东,钢混结构,简装,两梯十户,集中供暖,有,70年,null,null,null,2017-08-24,已购公房,2013-12-13,普通住宅,满两年,非共有,无抵押,已上传房本照片,1,null
东城,安贞,31,3,600,79010元/平米,安贞里,3室1厅1厨1卫,高楼层 (共17层),75.94㎡,暂无数据,65㎡,塔楼,东 北,钢混结构,精装,两梯八户,集中供暖,有,70年,null,null,null,2017-07-28,已购公房,2014-11-17,普通住宅,满两年,共有,无抵押,已上传房本照片,0,null
东城,安贞,55,18,500,78321元/平米,安贞里,2室1厅1厨1卫,中楼层 (共17层),63.84㎡,平层,暂无数据,塔楼,东北,钢混结构,简装,两梯八户,集中供暖,有,70年,null,null,null,2017-04-29,已购公房,2001-11-19,普通住宅,满五年,非共有,无抵押,已上传房本照片,1,null
东城,安贞,50,16,550,87621元/平米,安贞里,2室1厅1厨1卫,中楼层 (共6层),62.77㎡,暂无数据,44.24㎡,板楼,南 北,混合结构,精装,一梯三户,集中供暖,无,70年,null,null,null,2017-05-27,已购公房,2012-10-09,普通住宅,满两年,非共有,无抵押,已上传房本照片,0,null
东城,安贞,51,2,560,73742元/平米,安贞里,2室1厅1厨1卫,低楼层 (共17层),75.94㎡,平层,51.64㎡,塔楼,东北,钢混结构,其他,两梯八户,集中供暖,有,70年,null,null,null,2017-08-10,商品房,2011-06-07,普通住宅,满五年,非共有,无抵押,已上传房本照片,0,null
东城,安贞,59,7,310,79733元/平米,安贞西里,1室1厅1厨1卫,低楼层 (共16层),38.88㎡,平层,38.88㎡,塔楼,北,钢混结构,精装,两梯八户,集中供暖,有,70年,null,null,null,2017-09-02,商品房,2015-03-06,普通住宅,满两年,非共有,有抵押 80万元 北京银行 业主自还,已上传房本照片,4,null
东城,安贞,10,1,478,82699元/平米,安贞西里,2室1厅1厨1卫,高楼层 (共6层),57.8㎡,暂无数据,57.8㎡,板楼,东 西,钢混结构,精装,一梯两户,集中供暖,无,70年,null,null,null,2017-08-24,已购公房,2001-08-16,普通住宅,满五年,非共有,无抵押,已上传房本照片,1,null
东城,安贞,26,4,375,74716元/平米,小黄庄,2室1厅1厨1卫,顶层 (共6层),50.19㎡,暂无数据,暂无数据,板楼,南,混合结构,简装,一梯三户,集中供暖,无,70年,null,null,null,2017-08-19,商品房,2015-09-07,普通住宅,满两年,非共有,有抵押 130万元 建设 业主自还,已上传房本照片,1,null
东城,安贞,81,44,555,82174元/平米,安华西里二区,3室1厅1厨1卫,中楼层 (共5层),67.54㎡,暂无数据,67.54㎡,板楼,南 北,混合结构,精装,一梯三户,集中供暖,无,70年,null,null,null,2017-05-23,已购公房,2017-05-19,普通住宅,暂无数据,共有,无抵押,已上传房本照片,2,null
东城,安贞,70,6,478,99958元/平米,安定路,2室1厅1厨1卫,中楼层 (共20层),47.82㎡,暂无数据,暂无数据,塔楼,东 南 西,钢混结构,精装,两梯八户,集中供暖,有,70年,null,null,null,2017-06-26,私产,2006-04-07,普通住宅,满五年,非共有,无抵押,已上传房本照片,0,null
东城,安贞,27,12,600,75169元/平米,安贞里,3室1厅1厨1卫,中楼层 (共14层),79.82㎡,平层,暂无数据,板塔结合,东 西南,钢混结构,简装,两梯十四户,集中供暖,有,70年,null,null,null,2017-03-27,已购公房,2012-10-16,普通住宅,满两年,非共有,无抵押,已上传房本照片,1,null
东城,安贞,192,38,355,82539元/平米,安华西里一区,1室1厅1厨1卫,中楼层 (共16层),43.01㎡,平层,29.49㎡,板塔结合,南 北,钢混结构,简装,两梯六户,集中供暖,有,70年,null,null,null,2016-08-23,商品房,2013-04-22,普通住宅,满两年,非共有,无抵押,已上传房本照片,0,null
东城,安贞,87,8,850,58339元/平米,仟村商务大厦,4室1厅1厨2卫,高楼层 (共16层),145.7㎡,平层,暂无数据,塔楼,南,钢混结构,简装,两梯九户,集中供暖,有,70年,null,null,null,2016-12-28,商品房,2009-08-03,普通住宅,满五年,非共有,无抵押,已上传房本照片,0,null
东城,安贞,21,0,525,82237元/平米,安贞里,2室1厅1厨1卫,低楼层 (共17层),63.84㎡,平层,暂无数据,塔楼,东 北,钢混结构,毛坯,两梯八户,集中供暖,有,70年,null,null,null,2017-08-08,已购公房,2003-08-25,普通住宅,满五年,非共有,无抵押,已上传房本照片,0,null
东城,安贞,23,8,1170,74603元/平米,泰利明苑,3室1厅1厨1卫,中楼层 (共13层),156.83㎡,暂无数据,暂无数据,塔楼,东北,钢混结构,精装,一梯六户,集中供暖,暂无数据,70年,null,null,null,2017-06-06,商品房,2013-02-06,公寓,满两年,非共有,有抵押 1000000万元 建设银行 客户偿还,已上传房本照片,1,null
东城,安贞,78,8,820,81261元/平米,安贞里,2室1厅1厨1卫,中楼层 (共7层),100.91㎡,平层,暂无数据,板楼,东 西,混合结构,精装,一梯四户,集中供暖,无,70年,null,null,null,2017-01-06,商品房,2013-04-10,普通住宅,满两年,非共有,有抵押 业主自还,已上传房本照片,0,null
东城,安贞,20,6,495,84399元/平米,安贞里,1室1厅1厨1卫,中楼层 (共17层),58.65㎡,平层,暂无数据,塔楼,南,钢混结构,精装,两梯八户,集中供暖,有,70年,null,null,null,2017-04-21,已购公房,2006-11-21,普通住宅,满五年,非共有,无抵押,已上传房本照片,1,null
东城,安贞,20,7,500,85572元/平米,安贞里,1室1厅1厨1卫,低楼层 (共17层),58.43㎡,暂无数据,暂无数据,塔楼,南,钢混结构,其他,两梯八户,集中供暖,有,70年,null,null,null,2017-05-25,商品房,2015-08-27,普通住宅,满两年,非共有,暂无数据,已上传房本照片,0,null
东城,安贞,20,7,500,85572元/平米,安贞里,1室1厅1厨1卫,低楼层 (共17层),58.43㎡,暂无数据,暂无数据,塔楼,南,钢混结构,其他,两梯八户,集中供暖,有,70年,null,null,null,2017-05-25,商品房,2015-08-27,普通住宅,满两年,非共有,暂无数据,已上传房本照片,0,距离10号线安贞门站552米
东城,安贞,61,14,480,84196元/平米,安贞西里,2室1厅1厨1卫,顶层 (共6层),57.01㎡,暂无数据,暂无数据,板楼,南 北,钢混结构,简装,一梯两户,集中供暖,无,70年,null,null,null,2017-07-31,央产房,2016-12-06,普通住宅,暂无数据,非共有,无抵押,已上传房本照片,0,null
东城,安贞,77,14,420,79455元/平米,安贞西里,2室1厅1厨1卫,中楼层 (共14层),52.86㎡,暂无数据,36.28㎡,板塔结合,东 西,钢混结构,简装,一梯八户,集中供暖,有,70年,null,null,null,2017-04-24,私产,2006-07-03,普通住宅,满五年,非共有,无抵押,已上传房本照片,1,null
东城,安贞,46,4,460,80237元/平米,安贞西里,2室1厅1厨1卫,高楼层 (共6层),57.33㎡,暂无数据,1㎡,板楼,东 西,钢混结构,精装,一梯四户,集中供暖,无,70年,null,null,null,2017-07-05,已购公房,2000-08-11,普通住宅,满五年,非共有,无抵押,已上传房本照片,1,null
东城,安贞,16,1,480,88545元/平米,安贞里,2室1厅1厨1卫,顶层 (共6层),54.21㎡,暂无数据,暂无数据,板楼,南 北,混合结构,简装,一梯三户,集中供暖,无,70年,null,null,null,2017-04-17,已购公房,2012-10-08,普通住宅,满两年,非共有,暂无数据,已上传房本照片,0,null
东城,安贞,39,3,618,93892元/平米,安贞苑50号院,2室1厅1厨1卫,顶层 (共6层),65.82㎡,暂无数据,50㎡,板楼,南 北,混合结构,简装,一梯两户,集中供暖,无,70年,null,null,null,2017-08-10,已购公房,2008-05-13,普通住宅,满五年,非共有,无抵押,已上传房本照片,1,null
东城,安贞,116,12,350,81376元/平米,安华西里一区,1室1厅1厨1卫,中楼层 (共16层),43.01㎡,暂无数据,29.49㎡,板楼,南 北,钢混结构,简装,一梯六户,集中供暖,有,70年,null,null,null,2017-06-08,已购公房,2001-01-11,普通住宅,满五年,非共有,无抵押,已上传房本照片,1,null
东城,安贞,27,16,450,75605元/平米,安华西里三区,2室1厅1厨1卫,高楼层 (共12层),59.52㎡,暂无数据,41.68㎡,板塔结合,东,钢混结构,简装,两梯八户,集中供暖,有,70年,null,null,null,2017-06-04,商品房,2015-03-17,普通住宅,满两年,非共有,无抵押,已上传房本照片,1,null
东城,安贞,17,18,386,76969元/平米,安华里一区,1室1厅1厨1卫,高楼层 (共18层),50.15㎡,平层,38.61㎡,塔楼,南 北,钢混结构,简装,两梯十户,集中供暖,有,70年,null,null,null,2017-05-12,已购公房,2011-03-25,普通住宅,满五年,非共有,无抵押,已上传房本照片,2,null
东城,安贞,159,121,460,79972元/平米,安贞里,1室1厅1厨1卫,中楼层 (共17层),57.52㎡,平层,暂无数据,塔楼,南,钢混结构,精装,两梯八户,集中供暖,有,70年,null,null,null,2016-12-14,商品房,2016-08-04,普通住宅,暂无数据,非共有,无抵押,已上传房本照片,0,null
东城,安贞,32,4,510,89694元/平米,安贞西里,2室1厅1厨1卫,高楼层 (共6层),56.86㎡,暂无数据,56.86㎡,板楼,南 北,砖混结构,精装,一梯两户,集中供暖,无,70年,null,null,null,2017-07-01,已购公房,2001-08-27,普通住宅,满五年,非共有,无抵押,已上传房本照片,0,null
东城,安贞,31,7,470,82878元/平米,安贞西里,2室1厅1厨1卫,高楼层 (共6层),56.71㎡,暂无数据,暂无数据,板楼,南 北,混合结构,精装,一梯两户,集中供暖,无,70年,null,null,null,2017-07-24,商品房,2013-06-19,普通住宅,满两年,非共有,有抵押,已上传房本照片,0,null
东城,安贞,104,29,856,78374元/平米,安贞里,3室1厅1厨1卫,顶层 (共6层),109.22㎡,暂无数据,暂无数据,板楼,东南 北,砖混结构,简装,一梯三户,集中供暖,无,70年,null,null,null,2017-02-19,商品房,2013-09-04,普通住宅,满两年,非共有,有抵押,已上传房本照片,1,null
东城,安贞,17,0,540,86538元/平米,安贞里,2室1厅1厨1卫,中楼层 (共17层),62.4㎡,平层,43.44㎡,塔楼,东北,钢混结构,简装,两梯八户,集中供暖,有,70年,null,null,null,2017-05-31,已购公房,2001-01-16,普通住宅,满五年,非共有,无抵押,已上传房本照片,0,null
东城,安贞,8,4,505,77300元/平米,皇姑坟小区,2室1厅1厨1卫,顶层 (共6层),65.33㎡,暂无数据,暂无数据,板楼,东 西,混合结构,其他,一梯三户,集中供暖,无,70年,null,null,null,2017-08-21,商品房,2017-08-15,普通住宅,暂无数据,非共有,无抵押,已上传房本照片,1,null
东城,安贞,24,1,808,74995元/平米,安圣苑,2室2厅1厨1卫,低楼层 (共20层),107.74㎡,暂无数据,89.86㎡,塔楼,东南,钢混结构,简装,两梯六户,自供暖,有,70年,null,null,null,2017-08-12,商品房,2017-07-17,普通住宅,暂无数据,非共有,无抵押,已上传房本照片,1,null
东城,安贞,59,8,377,84853元/平米,安贞里,1室1厅1厨1卫,高楼层 (共18层),44.43㎡,平层,暂无数据,塔楼,南,钢混结构,其他,两梯八户,集中供暖,有,70年,null,null,null,2017-06-08,私产,2008-11-21,普通住宅,满五年,共有,无抵押,已上传房本照片,0,null
东城,安贞,87,21,340,72619元/平米,安华里四区,1室1厅1厨1卫,中楼层 (共13层),46.82㎡,暂无数据,暂无数据,板塔结合,西南,钢混结构,简装,两梯八户,集中供暖,有,70年,null,null,null,2017-02-15,已购公房,2012-10-12,普通住宅,满两年,非共有,有抵押 600000万元 农业银行 业主自还,已上传房本照片,0,null
东城,安贞,32,3,435,82293元/平米,安贞西里,2室0厅1厨1卫,低楼层 (共14层),52.86㎡,暂无数据,暂无数据,板塔结合,东 西,钢混结构,简装,一梯八户,集中供暖,有,70年,null,null,null,2017-07-16,已购公房,2015-01-22,普通住宅,满两年,非共有,无抵押,已上传房本照片,0,null
东城,安贞,14,1,335,74944元/平米,安华里四区,1室1厅1厨1卫,底层 (共14层),44.7㎡,平层,暂无数据,板塔结合,东,钢混结构,简装,两梯十户,集中供暖,有,70年,null,null,null,2017-08-07,已购公房,2003-11-11,普通住宅,满五年,非共有,无抵押,已上传房本照片,0,null
东城,安贞,81,32,480,78714元/平米,安华西里一区,2室1厅1厨1卫,中楼层 (共11层),60.98㎡,暂无数据,暂无数据,板塔结合,西,钢混结构,简装,两梯十一户,集中供暖,有,70年,null,null,null,2017-02-08,商品房,2013-08-19,普通住宅,满两年,非共有,有抵押 120万元 中国银行 业主自还,已上传房本照片,0,null
东城,安贞,34,2,465,82068元/平米,安贞西里,2室1厅1厨1卫,低楼层 (共6层),56.66㎡,暂无数据,56.66㎡,板楼,东 西,钢混结构,简装,一梯两户,集中供暖,无,70年,null,null,null,2017-04-15,商品房,2014-12-10,普通住宅,满两年,非共有,无抵押,已上传房本照片,1,null
东城,安贞,12,0,505,82638元/平米,安贞西里,2室1厅1厨1卫,低楼层 (共6层),61.11㎡,平层,45.9㎡,板楼,东 西,混合结构,毛坯,一梯四户,集中供暖,无,70年,null,null,null,2017-06-04,私产,2007-03-12,普通住宅,满五年,非共有,无抵押,已上传房本照片,0,null
东城,安贞,22,2,506,89226元/平米,安贞西里,2室1厅1厨1卫,顶层 (共6层),56.71㎡,暂无数据,40㎡,板楼,南 北,混合结构,简装,一梯两户,集中供暖,无,70年,null,null,null,2017-07-08,已购公房,2017-06-30,普通住宅,暂无数据,共有,无抵押,已上传房本照片,1,null
东城,安贞,178,44,469,74385元/平米,安华里二区,2室1厅1厨1卫,高楼层 (共6层),63.05㎡,平层,暂无数据,板楼,东,混合结构,精装,一梯三户,集中供暖,无,70年,null,null,null,2016-10-16,已购公房,2016-10-08,普通住宅,暂无数据,非共有,无抵押,已上传房本照片,0,null
东城,安贞,9,0,420,66667元/平米,安华里四区,2室1厅1厨1卫,底层 (共14层),63㎡,暂无数据,50㎡,板塔结合,东南,钢混结构,简装,两梯十户,集中供暖,有,70年,null,null,null,2017-08-17,商品房,2016-10-13,普通住宅,暂无数据,共有,无抵押,已上传房本照片,0,null
东城,安贞,14,1,482,88913元/平米,安贞里,2室1厅1厨1卫,中楼层 (共6层),54.21㎡,暂无数据,暂无数据,板楼,南 北,混合结构,精装,一梯两户,集中供暖,无,70年,null,null,null,2017-07-21,已购公房,2016-07-13,普通住宅,暂无数据,非共有,无抵押,已上传房本照片,0,null
东城,安贞,9,0,466,84959元/平米,安贞里,1室1厅1厨1卫,底层 (共17层),54.85㎡,暂无数据,38.37㎡,塔楼,南,钢混结构,简装,两梯八户,集中供暖,有,70年,null,null,null,2017-09-08,已购公房,2000-09-14,普通住宅,满五年,非共有,无抵押,已上传房本照片,0,null
东城,安贞,30,5,580,72663元/平米,安贞里,3室1厅1厨1卫,高楼层 (共14层),79.82㎡,暂无数据,暂无数据,板塔结合,东南 西,钢混结构,毛坯,两梯十四户,集中供暖,有,70年,null,null,null,2017-05-06,已购公房,2017-02-20,普通住宅,暂无数据,非共有,无抵押,已上传房本照片,0,null
东城,安贞,32,1,490,84497元/平米,安贞里,1室1厅1厨1卫,中楼层 (共17层),57.99㎡,平层,暂无数据,塔楼,南,钢混结构,简装,两梯八户,集中供暖,有,70年,null,null,null,2017-02-26,已购公房,2016-07-04,普通住宅,暂无数据,非共有,无抵押,已上传房本照片,0,null
东城,安贞,74,17,515,73994元/平米,安华西里一区,2室1厅1厨1卫,顶层 (共11层),69.6㎡,暂无数据,49.36㎡,板塔结合,西,钢混结构,简装,两梯十一户,集中供暖,有,70年,null,null,null,2017-05-31,已购公房,2017-05-12,普通住宅,暂无数据,共有,无抵押,已上传房本照片,0,距离10号线安贞门站603米
东城,安贞,27,5,430,74330元/平米,安华里三区,2室1厅1厨1卫,低楼层 (共18层),57.85㎡,暂无数据,45㎡,塔楼,西 北,钢混结构,简装,两梯七户,集中供暖,有,70年,null,null,null,2017-07-18,商品房,2016-12-21,普通住宅,暂无数据,非共有,暂无数据,已上传房本照片,0,null
东城,安贞,8,0,488,84840元/平米,安贞里,1室1厅1厨1卫,低楼层 (共17层),57.52㎡,平层,暂无数据,塔楼,南,钢混结构,精装,两梯八户,集中供暖,有,70年,null,null,null,2017-09-05,私产,2004-12-01,普通住宅,满五年,非共有,无抵押,已上传房本照片,0,null
东城,安贞,15,0,365,84923元/平米,安贞里,1室1厅1厨1卫,中楼层 (共6层),42.98㎡,平层,暂无数据,板楼,南,混合结构,精装,一梯三户,集中供暖,无,70年,null,null,null,2017-09-06,商品房,2010-03-24,普通住宅,满五年,非共有,有抵押 40万元 业主自还,已上传房本照片,0,null
东城,安贞,5,0,470,79675元/平米,外馆西街,3室0厅1厨1卫,顶层 (共6层),58.99㎡,暂无数据,暂无数据,板楼,南 北,混合结构,简装,一梯两户,集中供暖,无,70年,null,null,null,2017-09-09,已购公房,2000-06-26,普通住宅,满五年,非共有,无抵押,已上传房本照片,0,null
东城,安贞,32,0,490,84878元/平米,安贞西里,2室1厅1厨1卫,顶层 (共6层),57.73㎡,平层,暂无数据,板楼,南,钢混结构,简装,一梯两户,集中供暖,无,70年,null,null,null,2017-08-15,已购公房,2000-10-24,普通住宅,满五年,非共有,无抵押,已上传房本照片,0,null
东城,安贞,75,17,422,77817元/平米,皇姑坟小区,2室1厅1厨1卫,顶层 (共6层),54.23㎡,暂无数据,暂无数据,板楼,西南,混合结构,精装,一梯五户,集中供暖,无,70年,null,null,null,2017-03-11,商品房,2012-09-14,普通住宅,满两年,非共有,有抵押 71万元 中国建设银行 客户偿还,已上传房本照片,0,null
东城,安贞,25,0,353,82864元/平米,安华西里一区,1室1厅1厨1卫,低楼层 (共16层),42.6㎡,平层,42.6㎡,板楼,南,钢混结构,精装,一梯六户,集中供暖,有,70年,null,null,null,2017-09-03,商品房,2014-11-05,普通住宅,满两年,非共有,有抵押 80万元,已上传房本照片,0,null
东城,安贞,9,0,400,79005元/平米,安贞里,1室1厅1厨1卫,中楼层 (共17层),50.63㎡,暂无数据,暂无数据,塔楼,东北,钢混结构,简装,两梯八户,集中供暖,有,70年,null,null,null,2017-09-04,已购公房,2016-07-13,普通住宅,暂无数据,非共有,无抵押,已上传房本照片,0,null
东城,安贞,60,0,440,71650元/平米,小黄庄,3室1厅1厨1卫,高楼层 (共6层),61.41㎡,平层,暂无数据,板楼,南 北,混合结构,精装,一梯三户,集中供暖,无,70年,null,null,null,2017-08-30,商品房,2012-11-22,普通住宅,满两年,非共有,无抵押,已上传房本照片,0,null
东城,安贞,23,0,365,89703元/平米,安贞西里,1室1厅1厨1卫,高楼层 (共6层),40.69㎡,平层,35㎡,板楼,南,砖混结构,其他,一梯三户,集中供暖,无,70年,null,null,null,2017-09-01,已购公房,2000-09-21,普通住宅,满五年,非共有,暂无数据,已上传房本照片,0,null
东城,安贞,247,0,470,82805元/平米,安贞西里,2室1厅1厨1卫,中楼层 (共6层),56.76㎡,平层,56.26㎡,板楼,南 北,混合结构,简装,一梯三户,集中供暖,无,70年,null,null,null,2016-12-07,商品房,2010-05-31,普通住宅,满五年,非共有,无抵押,已上传房本照片,0,null
东城,安贞,10,0,455,69935元/平米,安华里一区,3室1厅1厨1卫,顶层 (共6层),65.06㎡,暂无数据,暂无数据,板楼,西南,混合结构,毛坯,一梯三户,集中供暖,无,70年,null,null,null,2017-08-01,已购公房,2016-07-13,普通住宅,暂无数据,非共有,无抵押,已上传房本照片,0,null
东城,安贞,9,2,1130,117782元/平米,胜古誉园,2室1厅1厨1卫,低楼层 (共7层),95.94㎡,暂无数据,79.17㎡,板楼,南 北,钢混结构,精装,一梯两户,集中供暖,有,70年,null,null,null,2017-09-05,商品房,2016-10-17,公寓,暂无数据,非共有,无抵押,已上传房本照片,2,null
东城,安贞,6,0,686,98691元/平米,富仁名苑,3室1厅1厨1卫,底层 (共16层),69.51㎡,平层,48.77㎡,塔楼,东南,钢混结构,精装,两梯十二户,集中供暖,有,70年,null,null,null,2017-09-08,已购公房,2014-02-19,普通住宅,满两年,非共有,有抵押 130万元 五矿信托 客户偿还,已上传房本照片,0,null
东城,安贞,5,0,808,74995元/平米,安圣苑,2室1厅1厨1卫,中楼层 (共20层),107.74㎡,暂无数据,89.86㎡,塔楼,东南,钢混结构,简装,两梯六户,自供暖,有,70年,null,null,null,2017-08-25,商品房,2017-07-11,普通住宅,暂无数据,非共有,暂无数据,已上传房本照片,0,null
