城区,区域,关注,带看,挂牌价,单价,小区,房屋户型,所在楼层,建筑面积,户型结构,套内面积,建筑类型,房屋朝向,建筑结构,装修情况,梯户比例,供暖方式,配备电梯,产权年限,用水类型,用电类型,燃气价格,挂牌时间,交易属性,上次交易,房屋用途,房屋年限,产权所属,抵押信心,房本备件,近七天带看,地铁
东城,和平里,68,35,368,75317元/平米,和平街十三区,2室1厅1厨1卫,低楼层 (共6层),48.86㎡,暂无数据,34.25㎡,板楼,南,混合结构,简装,一梯三户,集中供暖,无,70年,null,null,null,2017-09-02,央产房,2008-06-26,普通住宅,满五年,共有,无抵押,已上传房本照片,25,距离2号线雍和宫站862米
东城,和平里,131,48,475,71193元/平米,和平街十五区1号院,2室1厅1厨1卫,高楼层 (共18层),66.72㎡,暂无数据,47㎡,板塔结合,东 西 北,钢混结构,精装,两梯七户,集中供暖,有,70年,null,null,null,2017-08-18,商品房,2012-06-01,普通住宅,满五年,共有,无抵押,已上传房本照片,21,null
东城,和平里,38,22,760,82906元/平米,和平西苑,2室1厅1厨1卫,低楼层 (共22层),91.67㎡,暂无数据,78.05㎡,塔楼,东,钢混结构,精装,三梯十户,集中供暖,有,70年,null,null,null,2017-08-11,商品房,2011-01-28,普通住宅,满五年,共有,暂无数据,已上传房本照片,6,null
东城,和平里,179,94,426,71249元/平米,东土城路7号院,2室1厅1厨1卫,低楼层 (共16层),59.79㎡,平层,暂无数据,板塔结合,东 西,钢混结构,精装,两梯十五户,集中供暖,有,70年,null,null,null,2017-04-25,私产,2007-12-19,普通住宅,满五年,非共有,无抵押,已上传房本照片,0,null
东城,和平里,356,106,625,97110元/平米,和平里一区,3室1厅1厨1卫,低楼层 (共11层),64.36㎡,平层,暂无数据,板塔结合,南 北,混合结构,简装,一梯四户,集中供暖,有,70年,null,null,null,2017-05-08,已购公房,1994-06-01,普通住宅,满五年,非共有,无抵押,已上传房本照片,0,null
东城,和平里,134,6,423,89448元/平米,民旺园,2室1厅1厨1卫,底层 (共6层),47.29㎡,暂无数据,45㎡,板楼,南 北,砖混结构,简装,一梯两户,集中供暖,无,70年,null,null,null,2017-08-31,已购公房,2000-08-21,普通住宅,满五年,非共有,无抵押,已上传房本照片,0,null
东城,和平里,46,39,445,106408元/平米,和平里七区,2室1厅1厨1卫,顶层 (共5层),41.82㎡,暂无数据,41.82㎡,板楼,南,混合结构,简装,一梯三户,集中供暖,无,70年,null,null,null,2017-09-04,央产房,2017-08-09,普通住宅,暂无数据,非共有,无抵押,已上传房本照片,39,null
东城,和平里,82,49,1100,107244元/平米,和平新城一期,2室1厅1厨1卫,低楼层 (共21层),102.57㎡,暂无数据,82.29㎡,板塔结合,南 北,钢混结构,精装,一梯两户,自供暖,有,70年,null,null,null,2017-08-29,私产,2006-01-12,普通住宅,满五年,非共有,无抵押,已上传房本照片,28,null
东城,和平里,102,25,365,116539元/平米,安外花园,1室1厅1厨1卫,中楼层 (共5层),31.32㎡,暂无数据,25㎡,板楼,南,混合结构,其他,一梯三户,集中供暖,无,70年,null,null,null,2017-08-31,已购公房,1995-08-15,普通住宅,满五年,非共有,暂无数据,已上传房本照片,12,null
东城,和平里,57,17,610,110668元/平米,和平里五区,2室1厅1厨1卫,低楼层 (共6层),55.12㎡,暂无数据,50㎡,板楼,南 北,混合结构,简装,一梯两户,集中供暖,无,70年,null,null,null,2017-08-20,央产房,2000-12-20,普通住宅,满五年,非共有,无抵押,已上传房本照片,0,null
东城,和平里,45,30,450,74257元/平米,砖角楼南里,2室1厅1厨1卫,中楼层 (共22层),60.6㎡,暂无数据,42㎡,塔楼,东南,钢混结构,精装,两梯七户,集中供暖,有,70年,null,null,null,2017-08-19,已购公房,2016-11-17,普通住宅,暂无数据,非共有,无抵押,已上传房本照片,11,null
东城,和平里,60,5,923,90972元/平米,兴化西里,3室1厅1厨1卫,顶层 (共6层),101.46㎡,暂无数据,暂无数据,板楼,东 西,钢混结构,精装,一梯三户,集中供暖,无,70年,null,null,null,2017-07-16,二类经济适用房,2006-05-16,普通住宅,满五年,非共有,无抵押,已上传房本照片,2,null
东城,和平里,60,43,585,86105元/平米,和平街十一区,2室1厅1厨1卫,高楼层 (共6层),67.94㎡,暂无数据,1㎡,板楼,南 北,混合结构,精装,一梯三户,集中供暖,无,70年,null,null,null,2017-04-14,央产房,2001-06-07,普通住宅,满五年,非共有,无抵押,已上传房本照片,21,null
东城,和平里,226,81,755,100053元/平米,和平里六区,2室1厅1厨1卫,低楼层 (共18层),75.46㎡,暂无数据,65㎡,塔楼,南 北,钢混结构,简装,两梯七户,集中供暖,有,70年,null,null,null,2017-07-28,已购公房,2000-06-07,普通住宅,满五年,非共有,无抵押,已上传房本照片,5,null
东城,和平里,60,59,845,81753元/平米,和平西苑,2室1厅1厨1卫,中楼层 (共22层),103.36㎡,暂无数据,88㎡,塔楼,东南,钢混结构,简装,三梯十户,集中供暖,有,70年,null,null,null,2017-07-24,商品房,2002-07-17,普通住宅,满五年,非共有,无抵押,已上传房本照片,9,null
东城,和平里,29,7,630,107052元/平米,民旺园,2室1厅1厨1卫,中楼层 (共5层),58.85㎡,暂无数据,暂无数据,板楼,南 北,砖混结构,其他,一梯两户,集中供暖,无,70年,null,null,null,2017-08-31,商品房,2013-05-08,普通住宅,满两年,非共有,无抵押,已上传房本照片,3,null
东城,和平里,54,15,980,77220元/平米,东土城路9号院,3室1厅1厨2卫,中楼层 (共22层),126.91㎡,暂无数据,暂无数据,板塔结合,西南 西 北,钢混结构,精装,三梯八户,集中供暖,有,70年,null,null,null,2017-08-26,已购公房,2010-08-06,普通住宅,满五年,非共有,无抵押,已上传房本照片,7,null
东城,和平里,217,122,915,88939元/平米,和平街十二区,3室1厅1厨1卫,顶层 (共14层),102.88㎡,暂无数据,90㎡,板塔结合,南 北,钢混结构,简装,两梯两户,集中供暖,有,70年,null,null,null,2017-04-05,已购公房,2005-07-20,普通住宅,满五年,非共有,无抵押,已上传房本照片,0,null
东城,和平里,55,9,545,88922元/平米,青年沟,2室1厅1厨1卫,高楼层 (共6层),61.29㎡,暂无数据,暂无数据,板楼,南,混合结构,精装,一梯三户,集中供暖,无,70年,null,null,null,2017-08-19,已购公房,2013-05-17,普通住宅,满两年,非共有,无抵押,已上传房本照片,3,null
东城,和平里,110,64,770,102041元/平米,和平里六区,2室1厅1厨1卫,中楼层 (共18层),75.46㎡,平层,1㎡,塔楼,南 北,混合结构,简装,两梯七户,集中供暖,有,70年,null,null,null,2017-07-20,商品房,2010-10-28,普通住宅,满五年,非共有,无抵押,已上传房本照片,3,null
东城,和平里,79,52,629,102127元/平米,民旺园,2室1厅1厨1卫,中楼层 (共16层),61.59㎡,平层,52㎡,塔楼,南,钢混结构,简装,两梯七户,集中供暖,有,70年,null,null,null,2017-07-30,已购公房,2003-12-19,普通住宅,满五年,非共有,无抵押,已上传房本照片,7,null
东城,和平里,41,30,800,102907元/平米,和平里二区,2室1厅1厨1卫,高楼层 (共20层),77.74㎡,暂无数据,62.12㎡,塔楼,东,钢混结构,精装,三梯十二户,集中供暖,有,70年,null,null,null,2017-08-22,二类经济适用房,2012-01-19,普通住宅,满五年,非共有,无抵押,已上传房本照片,8,null
东城,和平里,8,2,591,77549元/平米,锦鸿阁,1室1厅1厨1卫,高楼层 (共14层),76.21㎡,暂无数据,58.74㎡,板塔结合,西,钢混结构,精装,两梯七户,集中供暖,有,70年,null,null,null,2017-09-07,商品房,2009-04-29,普通住宅,满五年,非共有,无抵押,已上传房本照片,2,null
东城,和平里,105,24,522,79055元/平米,砖角楼北里,2室1厅1厨1卫,顶层 (共5层),66.03㎡,暂无数据,暂无数据,板楼,南 北,混合结构,精装,一梯三户,集中供暖,无,70年,null,null,null,2017-07-21,已购公房,2001-12-25,普通住宅,满五年,非共有,无抵押,已上传房本照片,4,null
东城,和平里,23,26,950,81918元/平米,和平西街1号院,3室1厅1厨2卫,顶层 (共18层),115.97㎡,暂无数据,暂无数据,塔楼,南,钢混结构,简装,两梯六户,集中供暖,有,70年,null,null,null,2017-08-13,央产房,1998-08-14,普通住宅,满五年,非共有,无抵押,已上传房本照片,4,null
东城,和平里,93,35,1180,95624元/平米,和平里六区,3室1厅1厨1卫,底层 (共17层),123.4㎡,暂无数据,115.4㎡,塔楼,东北,钢混结构,精装,两梯七户,集中供暖,有,70年,null,null,null,2017-04-05,央产房,2002-09-25,普通住宅,满五年,非共有,无抵押,已上传房本照片,0,null
东城,和平里,20,7,615,105218元/平米,柏林寺西,2室1厅1厨1卫,底层 (共16层),58.45㎡,平层,48㎡,塔楼,南,混合结构,精装,两梯八户,集中供暖,有,70年,null,null,null,2017-08-26,央产房,1999-09-02,普通住宅,满五年,非共有,无抵押,已上传房本照片,1,null
东城,和平里,163,66,685,74913元/平米,和平街八区,3室1厅1厨1卫,顶层 (共4层),91.44㎡,暂无数据,91.44㎡,板楼,东 南 西,混合结构,精装,一梯两户,集中供暖,无,70年,null,null,null,2017-07-06,央产房,2003-07-29,普通住宅,满五年,非共有,无抵押,已上传房本照片,14,null
东城,和平里,156,63,568,72923元/平米,和平街十五区1号院,3室1厅1厨1卫,顶层 (共14层),77.89㎡,暂无数据,58㎡,板塔结合,东南,钢混结构,简装,一梯七户,集中供暖,有,70年,null,null,null,2017-08-02,私产,2006-08-09,普通住宅,满五年,非共有,无抵押,已上传房本照片,0,null
东城,和平里,14,31,1200,97752元/平米,和平新城一期,2室1厅1厨2卫,低楼层 (共19层),122.76㎡,暂无数据,暂无数据,板塔结合,西 北,钢混结构,精装,三梯十户,自供暖,有,70年,null,null,null,2017-07-22,私产,2006-11-23,普通住宅,满五年,非共有,无抵押,已上传房本照片,6,null
东城,和平里,28,43,650,80346元/平米,和平街十五区1号院,3室1厅1厨1卫,中楼层 (共18层),80.9㎡,平层,57.99㎡,板塔结合,东 南 西 北,钢混结构,简装,两梯八户,集中供暖,有,70年,null,null,null,2017-08-21,商品房,2016-04-29,普通住宅,暂无数据,非共有,无抵押,已上传房本照片,18,距离13号线柳芳站507米
东城,和平里,16,27,640,106649元/平米,民旺园,3室1厅1厨1卫,顶层 (共6层),60.01㎡,暂无数据,暂无数据,板楼,西南 北,混合结构,其他,一梯三户,集中供暖,无,70年,null,null,null,2017-07-20,已购公房,1994-06-18,普通住宅,满五年,非共有,无抵押,已上传房本照片,4,null
东城,和平里,82,13,1580,99760元/平米,雍和家园一期,3室1厅1厨2卫,高楼层 (共16层),158.38㎡,暂无数据,125.36㎡,板塔结合,东 东南,钢混结构,简装,两梯八户,集中供暖,有,70年,null,null,null,2017-06-14,商品房,2010-03-22,普通住宅,满五年,非共有,无抵押,已上传房本照片,1,null
东城,和平里,62,29,880,77193元/平米,东土城路9号院,3室1厅1厨1卫,底层 (共22层),114㎡,平层,暂无数据,板塔结合,南 北,钢混结构,精装,三梯九户,集中供暖,有,70年,null,null,null,2017-07-20,已购公房,2001-10-30,普通住宅,满五年,非共有,无抵押,已上传房本照片,6,null
东城,和平里,113,24,770,87980元/平米,和平街十二区,2室1厅1厨1卫,高楼层 (共14层),87.52㎡,平层,暂无数据,板塔结合,南 北,钢混结构,简装,两梯两户,集中供暖,有,70年,null,null,null,2017-06-21,已购公房,2005-07-20,普通住宅,满五年,非共有,无抵押,已上传房本照片,0,null
东城,和平里,209,83,480,72387元/平米,和平街十三区,2室1厅1厨1卫,顶层 (共9层),66.31㎡,暂无数据,暂无数据,板塔结合,东,钢混结构,简装,一梯三户,集中供暖,有,70年,null,null,null,2017-04-19,央产房,2004-12-13,普通住宅,满五年,非共有,无抵押,已上传房本照片,0,null
东城,和平里,77,57,384,118190元/平米,安外花园,1室1厅1厨1卫,中楼层 (共5层),32.49㎡,暂无数据,25㎡,板楼,南,混合结构,其他,一梯三户,集中供暖,无,70年,null,null,null,2017-08-21,央产房,2017-06-21,普通住宅,暂无数据,非共有,暂无数据,已上传房本照片,18,null
东城,和平里,73,20,613,74866元/平米,和平街西苑,2室1厅1厨1卫,高楼层 (共18层),81.88㎡,暂无数据,暂无数据,塔楼,东,钢混结构,简装,两梯八户,集中供暖,有,70年,null,null,null,2017-07-21,商品房,2016-09-27,普通住宅,暂无数据,非共有,有抵押 520万元 客户偿还,已上传房本照片,4,null
东城,和平里,15,26,498,79974元/平米,和平街十区,2室1厅1厨1卫,低楼层 (共6层),62.27㎡,暂无数据,暂无数据,板楼,东 西,混合结构,简装,一梯三户,集中供暖,无,70年,null,null,null,2017-08-01,商品房,2009-05-27,普通住宅,满五年,非共有,无抵押,已上传房本照片,8,null
东城,和平里,14,1,1276,87728元/平米,和平街十一区,3室1厅1厨1卫,中楼层 (共21层),145.45㎡,暂无数据,暂无数据,塔楼,东南,钢混结构,简装,两梯十户,集中供暖,有,70年,null,null,null,2017-09-04,商品房,2012-12-26,普通住宅,满两年,非共有,有抵押,已上传房本照片,1,null
东城,和平里,65,8,330,74898元/平米,和平街西苑,1室1厅1厨1卫,中楼层 (共7层),44.06㎡,暂无数据,44.06㎡,板楼,西,砖混结构,简装,一梯四户,集中供暖,无,70年,null,null,null,2017-06-27,已购公房,2017-08-14,普通住宅,暂无数据,共有,无抵押,已上传房本照片,2,null
东城,和平里,64,8,455,65828元/平米,砖角楼北里,2室1厅1厨1卫,顶层 (共5层),69.12㎡,暂无数据,暂无数据,板楼,南 北,混合结构,简装,一梯三户,集中供暖,无,70年,null,null,null,2017-08-07,已购公房,2009-12-11,普通住宅,满五年,共有,无抵押,已上传房本照片,3,null
东城,和平里,74,15,450,76297元/平米,和平西街,2室1厅1厨1卫,高楼层 (共6层),58.98㎡,平层,暂无数据,板楼,南 北,混合结构,精装,一梯两户,集中供暖,无,70年,null,null,null,2017-07-30,已购公房,2001-06-14,普通住宅,满五年,非共有,无抵押,已上传房本照片,2,null
东城,和平里,19,18,555,101407元/平米,安外大街80号院,2室1厅1厨1卫,低楼层 (共6层),54.73㎡,暂无数据,42.05㎡,板楼,东 西,混合结构,精装,一梯两户,集中供暖,无,70年,null,null,null,2017-08-04,已购公房,2010-04-08,普通住宅,满五年,非共有,无抵押,已上传房本照片,5,null
东城,和平里,9,1,385,77967元/平米,和平街十三区,1室1厅1厨1卫,中楼层 (共9层),49.38㎡,暂无数据,34.19㎡,板塔结合,东,钢混结构,简装,一梯三户,集中供暖,有,70年,null,null,null,2017-08-13,央产房,2008-10-15,普通住宅,满五年,非共有,无抵押,已上传房本照片,1,null
东城,和平里,105,22,600,95374元/平米,兴化西里,3室2厅1厨2卫,底层 (共5层),62.91㎡,暂无数据,58㎡,板楼,南,混合结构,简装,一梯三户,集中供暖,无,70年,null,null,null,2017-07-27,商品房,2010-03-01,普通住宅,满五年,非共有,无抵押,已上传房本照片,2,null
东城,和平里,50,39,585,100326元/平米,和平里三区,2室1厅1厨1卫,顶层 (共6层),58.31㎡,暂无数据,暂无数据,板楼,南 北,混合结构,简装,一梯三户,集中供暖,无,70年,null,null,null,2017-08-29,央产房,2017-08-15,普通住宅,暂无数据,非共有,无抵押,已上传房本照片,19,null
东城,和平里,65,12,450,79142元/平米,和平街十三区,2室1厅1厨1卫,中楼层 (共9层),56.86㎡,暂无数据,暂无数据,板塔结合,东,钢混结构,精装,一梯四户,集中供暖,有,70年,null,null,null,2017-07-23,央产房,2002-10-16,普通住宅,满五年,非共有,无抵押,已上传房本照片,8,null
东城,和平里,47,8,1170,89504元/平米,兴化西里,4室1厅1厨2卫,高楼层 (共6层),130.72㎡,暂无数据,暂无数据,板楼,南 北,钢混结构,精装,一梯两户,集中供暖,无,70年,null,null,null,2017-06-15,二类经济适用房,2006-05-15,普通住宅,满五年,非共有,无抵押,已上传房本照片,1,null
东城,和平里,11,5,450,76297元/平米,和平西街,2室1厅1厨1卫,顶层 (共6层),58.98㎡,平层,暂无数据,板楼,南 北,混合结构,简装,一梯两户,集中供暖,无,70年,null,null,null,2017-07-20,已购公房,2001-06-14,普通住宅,满五年,非共有,无抵押,已上传房本照片,1,null
东城,和平里,39,1,615,73785元/平米,砖角楼南里,3室1厅1厨1卫,顶层 (共6层),83.35㎡,暂无数据,71㎡,板楼,南 西 北,混合结构,精装,一梯三户,集中供暖,无,70年,null,null,null,2017-08-14,商品房,2011-11-24,普通住宅,满五年,非共有,无抵押,已上传房本照片,0,null
东城,和平里,34,6,1120,105551元/平米,和平里五区,3室1厅1厨1卫,中楼层 (共6层),106.11㎡,暂无数据,98.8㎡,板楼,东 西,混合结构,精装,一梯两户,集中供暖,无,70年,null,null,null,2017-07-23,央产房,2002-09-25,普通住宅,满五年,非共有,无抵押,已上传房本照片,1,null
东城,和平里,18,5,400,72727元/平米,砖角楼南里,2室1厅1厨1卫,中楼层 (共6层),55㎡,暂无数据,暂无数据,板楼,东 西,混合结构,其他,一梯两户,集中供暖,无,70年,null,null,null,2017-08-22,商品房,2012-12-20,普通住宅,满两年,共有,无抵押,已上传房本照片,1,null
东城,和平里,14,3,535,80234元/平米,和平街十三区,3室1厅1厨1卫,顶层 (共16层),66.68㎡,暂无数据,47.7㎡,塔楼,西 东北,钢混结构,简装,两梯六户,集中供暖,有,70年,null,null,null,2017-08-31,央产房,2008-01-22,普通住宅,满五年,非共有,无抵押,已上传房本照片,1,null
东城,和平里,19,1,470,115849元/平米,和平里三区,1室1厅1厨1卫,顶层 (共6层),40.57㎡,暂无数据,暂无数据,板楼,东 西,混合结构,精装,一梯四户,集中供暖,无,70年,null,null,null,2017-09-03,商品房,2013-01-17,普通住宅,满两年,非共有,无抵押,已上传房本照片,1,null
东城,和平里,50,2,699,103402元/平米,和平里六区,2室1厅1厨1卫,低楼层 (共18层),67.6㎡,暂无数据,暂无数据,塔楼,南,混合结构,精装,两梯七户,集中供暖,有,70年,null,null,null,2017-09-05,已购公房,2000-05-12,普通住宅,满五年,非共有,无抵押,已上传房本照片,2,null
东城,和平里,20,1,860,105534元/平米,兴化西里,2室1厅1厨1卫,中楼层 (共6层),81.49㎡,暂无数据,暂无数据,板楼,南 北,钢混结构,简装,一梯两户,集中供暖,无,70年,null,null,null,2017-09-06,二类经济适用房,2006-07-04,普通住宅,满五年,非共有,无抵押,已上传房本照片,1,null
东城,和平里,218,128,485,82483元/平米,和平街十三区,2室1厅1厨1卫,中楼层 (共4层),58.8㎡,暂无数据,暂无数据,板楼,东 西,砖混结构,精装,一梯两户,集中供暖,无,70年,null,null,null,2017-02-05,已购公房,2004-03-17,普通住宅,满五年,非共有,无抵押,已上传房本照片,4,null
东城,和平里,103,14,410,73398元/平米,和平里北街甲5号院,2室1厅1厨1卫,中楼层 (共6层),55.86㎡,暂无数据,50㎡,板楼,东 西,混合结构,精装,一梯七户,集中供暖,无,70年,null,null,null,2017-07-24,已购公房,1999-12-08,普通住宅,满五年,非共有,无抵押,已上传房本照片,1,null
东城,和平里,107,29,600,68027元/平米,东土城路13号院,2室1厅1厨1卫,低楼层 (共16层),88.2㎡,暂无数据,暂无数据,板楼,东,钢混结构,简装,一梯五户,集中供暖,有,70年,null,null,null,2017-05-02,商品房,2012-05-23,普通住宅,满五年,非共有,无抵押,已上传房本照片,4,null
东城,和平里,190,0,450,72945元/平米,砖角楼北里,3室1厅1厨1卫,底层 (共5层),61.69㎡,暂无数据,61.69㎡,板楼,南 北,砖混结构,简装,一梯三户,集中供暖,无,70年,null,null,null,2017-06-12,已购公房,2003-04-16,普通住宅,满五年,非共有,无抵押,已上传房本照片,0,距离5号线和平里北街站975米
东城,和平里,11,2,611,70045元/平米,和平街八区,3室1厅1厨1卫,顶层 (共4层),87.23㎡,暂无数据,暂无数据,板楼,东 西,混合结构,简装,一梯两户,集中供暖,无,70年,null,null,null,2017-08-16,央产房,2007-04-16,普通住宅,满五年,非共有,无抵押,已上传房本照片,1,null
东城,和平里,101,20,310,71052元/平米,东土城路7号院,1室1厅1厨1卫,底层 (共16层),43.63㎡,平层,28㎡,板塔结合,东 西,钢混结构,精装,两梯十五户,集中供暖,有,70年,null,null,null,2017-04-30,私产,2007-10-10,普通住宅,满五年,非共有,无抵押,已上传房本照片,3,null
东城,和平里,33,9,1040,99445元/平米,和平里六区,2室1厅1厨1卫,高楼层 (共16层),104.58㎡,暂无数据,94.55㎡,塔楼,西南,钢混结构,简装,两梯八户,集中供暖,有,70年,null,null,null,2017-06-16,央产房,2002-09-25,普通住宅,满五年,非共有,无抵押,已上传房本照片,0,null
东城,和平里,3,16,760,76636元/平米,东土城路7号院,2室2厅1厨1卫,中楼层 (共12层),99.17㎡,暂无数据,67.18㎡,板塔结合,东南 北,钢混结构,精装,两梯十四户,集中供暖,有,70年,null,null,null,2017-07-27,已购公房,2002-11-18,普通住宅,满五年,非共有,无抵押,已上传房本照片,1,null
东城,和平里,7,3,450,76297元/平米,和平西街,2室1厅1厨1卫,顶层 (共6层),58.98㎡,暂无数据,40.87㎡,板楼,东 西,混合结构,其他,一梯两户,集中供暖,无,70年,null,null,null,2017-08-20,已购公房,2001-06-19,普通住宅,满五年,非共有,暂无数据,已上传房本照片,1,null
东城,和平里,46,4,325,74799元/平米,砖角楼南里,1室1厅1厨1卫,中楼层 (共6层),43.45㎡,暂无数据,29.23㎡,板楼,东,混合结构,精装,一梯两户,集中供暖,无,70年,null,null,null,2017-08-06,商品房,2014-07-10,普通住宅,满两年,非共有,有抵押 109万元 农业银行 客户偿还,已上传房本照片,0,null
东城,和平里,54,3,490,72830元/平米,和平街十一区,2室1厅1厨1卫,顶层 (共5层),67.28㎡,平层,暂无数据,板楼,南 北,混合结构,精装,一梯三户,集中供暖,无,70年,null,null,null,2017-03-18,已购公房,2006-07-06,普通住宅,满五年,非共有,无抵押,已上传房本照片,1,null
东城,和平里,29,2,500,83167元/平米,和平街十一区,2室1厅1厨1卫,中楼层 (共6层),60.12㎡,暂无数据,暂无数据,板楼,南 北,混合结构,简装,一梯三户,集中供暖,无,70年,null,null,null,2017-07-19,央产房,2007-02-13,普通住宅,满五年,非共有,无抵押,已上传房本照片,0,null
东城,和平里,23,2,520,73498元/平米,东土城路13号院,2室1厅1厨1卫,顶层 (共6层),70.75㎡,暂无数据,49.28㎡,板楼,南 北,混合结构,简装,一梯四户,集中供暖,无,70年,null,null,null,2017-08-10,已购公房,2004-06-02,普通住宅,满五年,非共有,无抵押,已上传房本照片,0,null
东城,和平里,66,20,530,100436元/平米,和平里七区,1室1厅1厨1卫,底层 (共6层),52.77㎡,暂无数据,44㎡,板楼,东 西,混合结构,简装,一梯三户,集中供暖,无,70年,null,null,null,2017-04-28,已购公房,2013-04-16,普通住宅,满两年,非共有,有抵押 200万元 北京银行 客户偿还,已上传房本照片,0,null
东城,和平里,163,47,850,95452元/平米,和平里六区,2室1厅1厨1卫,中楼层 (共17层),89.05㎡,平层,89.05㎡,塔楼,东南,钢混结构,其他,两梯七户,集中供暖,有,70年,null,null,null,2017-04-05,央产房,2003-03-13,普通住宅,满五年,非共有,暂无数据,已上传房本照片,1,null
东城,和平里,102,27,535,97008元/平米,安外大街80号院,2室1厅1厨1卫,高楼层 (共6层),55.15㎡,暂无数据,55.15㎡,板楼,南 北,混合结构,精装,一梯三户,集中供暖,无,70年,null,null,null,2017-06-08,已购公房,2012-10-19,普通住宅,满两年,非共有,无抵押,已上传房本照片,0,null
东城,和平里,76,22,440,72535元/平米,和平街十五区1号院,2室1厅1厨1卫,低楼层 (共18层),60.66㎡,暂无数据,1㎡,板塔结合,南,钢混结构,精装,两梯七户,集中供暖,有,70年,null,null,null,2017-07-27,央产房,2014-08-20,普通住宅,满两年,非共有,有抵押 120万元 中信 客户偿还,已上传房本照片,5,null
东城,和平里,73,8,618,66096元/平米,和平街十五区2号院,3室1厅1厨1卫,高楼层 (共18层),93.5㎡,暂无数据,85㎡,塔楼,西北,钢混结构,其他,两梯十一户,集中供暖,有,70年,null,null,null,2017-07-17,私产,2007-03-05,普通住宅,满五年,非共有,暂无数据,已上传房本照片,1,null
东城,和平里,44,25,600,77032元/平米,和平街十五区1号院,3室1厅1厨1卫,高楼层 (共14层),77.89㎡,暂无数据,77.89㎡,板塔结合,东 南,钢混结构,简装,一梯七户,集中供暖,有,70年,null,null,null,2017-07-05,商品房,2017-06-19,普通住宅,暂无数据,共有,无抵押,已上传房本照片,3,null
东城,和平里,28,2,580,104055元/平米,和平新城一期,1室1厅1厨1卫,低楼层 (共20层),55.74㎡,暂无数据,暂无数据,板塔结合,北,钢混结构,精装,三梯九户,自供暖,有,70年,null,null,null,2017-08-21,商品房,2015-01-20,普通住宅,满两年,非共有,无抵押,已上传房本照片,0,null
东城,和平里,85,7,500,78076元/平米,和平街十五区1号院,2室1厅1厨1卫,中楼层 (共14层),64.04㎡,暂无数据,暂无数据,板塔结合,东,钢混结构,简装,一梯六户,集中供暖,有,70年,null,null,null,2017-05-06,已购公房,2012-01-11,普通住宅,满五年,共有,无抵押,已上传房本照片,0,null
东城,和平里,21,11,400,71620元/平米,和平街十区,2室1厅1厨1卫,地下室 (共5层),55.85㎡,暂无数据,暂无数据,板楼,南 北,混合结构,简装,一梯三户,集中供暖,无,70年,null,null,null,2017-05-24,央产房,1999-11-30,普通住宅,满五年,非共有,无抵押,已上传房本照片,0,null
东城,和平里,74,12,1500,103484元/平米,康鸿家园,3室2厅1厨2卫,高楼层 (共6层),144.95㎡,暂无数据,144.95㎡,板楼,南 西 北,砖混结构,精装,一梯两户,集中供暖,无,70年,null,null,null,2017-04-22,商品房,2013-12-30,普通住宅,满两年,非共有,有抵押 500万元 银行 客户偿还,已上传房本照片,0,null
东城,和平里,237,45,335,76800元/平米,砖角楼南里,1室1厅1厨1卫,中楼层 (共6层),43.62㎡,平层,暂无数据,板楼,东,混合结构,精装,一梯三户,集中供暖,无,70年,null,null,null,2017-01-23,商品房,2014-11-03,普通住宅,满两年,非共有,有抵押 60万元 工商银行 业主自还,已上传房本照片,null,
东城,和平里,7,3,838,118111元/平米,和平里三区,3室1厅1厨1卫,底层 (共6层),70.95㎡,暂无数据,65㎡,板楼,南 北,混合结构,其他,一梯两户,集中供暖,无,70年,null,null,null,2017-08-27,央产房,2017-03-13,普通住宅,暂无数据,非共有,暂无数据,已上传房本照片,2,null
东城,和平里,76,2,826,89124元/平米,和平里五区,3室2厅1厨2卫,顶层 (共6层),92.68㎡,复式,暂无数据,板楼,南 北,混合结构,其他,一梯两户,集中供暖,无,70年,null,null,null,2017-07-20,已购公房,2004-04-07,普通住宅,满五年,非共有,暂无数据,已上传房本照片,0,null
东城,和平里,14,9,470,71180元/平米,砖角楼北里,2室1厅1厨1卫,中楼层 (共5层),66.03㎡,暂无数据,暂无数据,板楼,南 北,混合结构,其他,一梯三户,集中供暖,无,70年,null,null,null,2017-07-28,已购公房,2001-12-25,普通住宅,满五年,非共有,暂无数据,已上传房本照片,3,null
东城,和平里,101,10,460,73412元/平米,和平街十四区,2室1厅1厨1卫,底层 (共9层),62.66㎡,平层,62.66㎡,板楼,东 西,钢混结构,简装,一梯九户,集中供暖,有,70年,null,null,null,2017-06-15,已购公房,2014-08-27,普通住宅,满两年,共有,无抵押,已上传房本照片,0,null
东城,和平里,55,6,1100,67977元/平米,东土城路甲3号院,3室1厅1厨2卫,低楼层 (共16层),161.82㎡,平层,129.25㎡,板塔结合,东 西,钢混结构,简装,一梯三户,集中供暖,有,70年,null,null,null,2017-02-10,商品房,2015-07-30,普通住宅,满两年,非共有,无抵押,已上传房本照片,0,null
东城,和平里,4,7,740,76843元/平米,东土城路7号院,2室1厅1厨1卫,中楼层 (共12层),96.3㎡,暂无数据,暂无数据,板塔结合,南 北,钢混结构,其他,两梯十四户,集中供暖,有,70年,null,null,null,2017-07-27,已购公房,2002-11-18,普通住宅,满五年,非共有,暂无数据,已上传房本照片,1,null
东城,和平里,49,10,275,69673元/平米,砖角楼南里,1室1厅1厨1卫,低楼层 (共22层),39.47㎡,暂无数据,暂无数据,塔楼,东南,钢混结构,简装,两梯七户,集中供暖,有,70年,null,null,null,2017-07-31,已购公房,2017-07-31,普通住宅,暂无数据,非共有,无抵押,已上传房本照片,4,null
东城,和平里,123,13,700,67308元/平米,和平街八区,4室1厅1厨1卫,顶层 (共4层),104㎡,暂无数据,1㎡,板楼,东 南 西,混合结构,简装,一梯两户,集中供暖,无,70年,null,null,null,2017-08-03,商品房,2017-07-31,普通住宅,暂无数据,非共有,无抵押,已上传房本照片,1,null
东城,和平里,18,1,489,119327元/平米,和平里五区,1室1厅1厨1卫,低楼层 (共6层),40.98㎡,平层,40㎡,板楼,西南,混合结构,其他,一梯四户,集中供暖,无,70年,null,null,null,2017-09-06,央产房,2017-08-25,普通住宅,暂无数据,共有,暂无数据,已上传房本照片,1,null
东城,和平里,119,17,350,93333元/平米,和平里五区,1室1厅1厨1卫,地下室 (共6层),37.5㎡,平层,暂无数据,板楼,东南,混合结构,简装,一梯两户,集中供暖,无,70年,null,null,null,2017-04-05,已购公房,2017-03-13,普通住宅,暂无数据,非共有,无抵押,已上传房本照片,5,距离2号线雍和宫站375米
东城,和平里,2,0,450,74208元/平米,和平街十四区,2室1厅1厨2卫,顶层 (共6层),60.64㎡,暂无数据,42.94㎡,板楼,南 北,混合结构,简装,一梯三户,集中供暖,无,70年,null,null,null,2017-08-28,已购公房,2016-05-23,普通住宅,暂无数据,非共有,无抵押,已上传房本照片,0,null
东城,和平里,10,2,420,76531元/平米,和平街十一区,2室1厅1厨1卫,顶层 (共5层),54.88㎡,暂无数据,暂无数据,板楼,南,砖混结构,精装,一梯六户,集中供暖,无,70年,null,null,null,2017-08-18,央产房,2017-06-19,普通住宅,暂无数据,非共有,无抵押,已上传房本照片,0,null
东城,和平里,43,2,365,77396元/平米,砖角楼北里,2室1厅1厨1卫,中楼层 (共5层),47.16㎡,暂无数据,47.16㎡,板楼,南 西 北,砖混结构,精装,一梯三户,集中供暖,无,70年,null,null,null,2017-08-18,商品房,2017-07-18,普通住宅,暂无数据,非共有,无抵押,已上传房本照片,1,null
东城,和平里,16,2,450,74257元/平米,砖角楼北里,2室1厅1厨2卫,低楼层 (共6层),60.6㎡,平层,43.5㎡,板楼,东 西,混合结构,精装,一梯十二户,集中供暖,无,70年,null,null,null,2017-07-29,商品房,2016-05-03,普通住宅,暂无数据,非共有,有抵押 170万元 银行 客户偿还,已上传房本照片,0,null
东城,和平里,263,18,320,73344元/平米,东土城路7号院,1室1厅1厨1卫,低楼层 (共16层),43.63㎡,平层,32.8㎡,板塔结合,东 西,钢混结构,精装,两梯十五户,集中供暖,有,70年,null,null,null,2017-05-26,商品房,2016-07-11,普通住宅,暂无数据,非共有,无抵押,已上传房本照片,1,null
东城,和平里,209,6,335,69923元/平米,东土城路13号院,1室1厅1厨1卫,底层 (共6层),47.91㎡,平层,32.3㎡,板楼,南,混合结构,精装,一梯四户,集中供暖,无,70年,null,null,null,2017-07-28,商品房,2017-07-25,普通住宅,暂无数据,非共有,无抵押,已上传房本照片,0,null
东城,和平里,24,4,470,115849元/平米,和平里三区,1室1厅1厨1卫,顶层 (共6层),40.57㎡,平层,40㎡,板楼,东南,混合结构,其他,一梯四户,集中供暖,无,70年,null,null,null,2017-05-15,央产房,2017-04-24,普通住宅,暂无数据,非共有,暂无数据,已上传房本照片,1,null
东城,和平里,34,1,1580,99956元/平米,和平新城一期,4室1厅1厨2卫,低楼层 (共20层),158.07㎡,平层,122㎡,板塔结合,东南,钢混结构,简装,三梯八户,自供暖,有,70年,null,null,null,2017-09-01,私产,2007-01-25,普通住宅,满五年,非共有,无抵押,已上传房本照片,1,null
东城,和平里,7,0,390,82838元/平米,和平街十五区1号院,1室1厅1厨1卫,低楼层 (共18层),47.08㎡,暂无数据,暂无数据,板塔结合,南,钢混结构,其他,两梯八户,集中供暖,有,70年,null,null,null,2017-09-01,商品房,2016-11-18,普通住宅,暂无数据,非共有,有抵押,已上传房本照片,0,null
东城,和平里,1,29,565,109581元/平米,和平里五区,2室1厅1厨1卫,底层 (共6层),51.56㎡,暂无数据,暂无数据,板楼,南 北,混合结构,其他,一梯两户,集中供暖,无,70年,null,null,null,2017-08-01,央产房,2017-04-25,普通住宅,暂无数据,非共有,暂无数据,已上传房本照片,14,null
