城区,区域,关注,带看,挂牌价,单价,小区,房屋户型,所在楼层,建筑面积,户型结构,套内面积,建筑类型,房屋朝向,建筑结构,装修情况,梯户比例,供暖方式,配备电梯,产权年限,用水类型,用电类型,燃气价格,挂牌时间,交易属性,上次交易,房屋用途,房屋年限,产权所属,抵押信心,房本备件,近七天带看,地铁
东城,崇文门,73,44,910,98293元/平米,新景家园东区,3室1厅1厨1卫,高楼层 (共17层),92.58㎡,平层,74.07㎡,板楼,东 西,钢混结构,简装,一梯四户,自供暖,有,70年,null,null,null,2017-05-08,二类经济适用房,2013-07-15,普通住宅,满两年,非共有,无抵押,已上传房本照片,13,距离5号线崇文门站821米
东城,崇文门,91,47,950,107078元/平米,新景家园西区,3室1厅1厨1卫,中楼层 (共6层),88.72㎡,暂无数据,76.7㎡,板塔结合,南,钢混结构,精装,一梯三户,自供暖,无,70年,null,null,null,2017-03-25,二类经济适用房,2005-03-20,普通住宅,满五年,非共有,有抵押 100万元 银行 业主自还,已上传房本照片,4,null
东城,崇文门,206,74,750,90296元/平米,国瑞城中区,2室1厅1厨1卫,中楼层 (共16层),83.06㎡,平层,65.93㎡,板塔结合,西南,钢混结构,精装,两梯八户,集中供暖,有,70年,null,null,null,2017-02-25,商品房,2011-01-06,普通住宅,满五年,非共有,暂无数据,已上传房本照片,4,null
东城,崇文门,98,40,395,84312元/平米,营房西街,1室1厅1厨1卫,底层 (共6层),46.85㎡,平层,暂无数据,板楼,西,混合结构,简装,一梯四户,集中供暖,无,70年,null,null,null,2017-08-17,已购公房,2000-09-11,普通住宅,满五年,非共有,无抵押,已上传房本照片,10,null
东城,崇文门,69,38,860,106925元/平米,新景家园东区,2室1厅1厨1卫,中楼层 (共17层),80.43㎡,平层,65.88㎡,板楼,南 北,钢混结构,精装,两梯四户,自供暖,有,70年,null,null,null,2017-07-22,私产,2009-06-23,普通住宅,满五年,非共有,无抵押,已上传房本照片,9,null
东城,崇文门,224,61,768,102006元/平米,新景家园西区,2室1厅1厨1卫,中楼层 (共16层),75.29㎡,暂无数据,61.37㎡,板塔结合,南 北,钢混结构,精装,两梯四户,自供暖,有,70年,null,null,null,2017-07-20,商品房,2011-11-09,普通住宅,满五年,非共有,有抵押 90万元 业主自还,已上传房本照片,4,null
东城,崇文门,24,5,727,105961元/平米,兴隆都市馨园,2室1厅1厨1卫,中楼层 (共6层),68.61㎡,暂无数据,62.56㎡,板塔结合,南 北,钢混结构,精装,一梯四户,自供暖,无,70年,null,null,null,2017-07-14,一类经济适用房,2004-03-31,普通住宅,满五年,非共有,无抵押,已上传房本照片,3,null
东城,崇文门,69,72,850,104371元/平米,新景家园东区,2室1厅1厨1卫,底层 (共18层),81.44㎡,平层,65.92㎡,板塔结合,南 北,钢混结构,精装,两梯四户,集中供暖,有,70年,null,null,null,2017-06-26,私产,2008-05-13,普通住宅,满五年,非共有,有抵押 500万元 客户偿还,已上传房本照片,2,null
东城,崇文门,119,33,750,91855元/平米,法华南里,2室2厅1厨1卫,中楼层 (共6层),81.65㎡,暂无数据,暂无数据,板楼,南 北,混合结构,精装,一梯两户,集中供暖,无,70年,null,null,null,2017-07-24,私产,2008-10-20,普通住宅,满五年,共有,无抵押,已上传房本照片,0,null
东城,崇文门,62,42,620,101907元/平米,国瑞城东区,1室1厅1厨1卫,中楼层 (共16层),60.84㎡,暂无数据,48.49㎡,板塔结合,南,钢混结构,精装,两梯六户,集中供暖,有,70年,null,null,null,2017-06-12,私产,2007-06-04,普通住宅,满五年,非共有,有抵押 12万元 中国农业银行北京崇文门支行 业主自还,已上传房本照片,4,null
东城,崇文门,16,3,900,110892元/平米,新景家园东区,1室1厅1厨1卫,低楼层 (共15层),81.16㎡,暂无数据,60.3㎡,板塔结合,南,钢混结构,精装,两梯十户,集中供暖,有,70年,null,null,null,2017-08-10,商品房,2010-10-14,普通住宅,满五年,非共有,无抵押,已上传房本照片,1,null
东城,崇文门,11,10,640,107871元/平米,新景家园东区,1室1厅1厨1卫,高楼层 (共17层),59.33㎡,暂无数据,48.4㎡,板塔结合,南,钢混结构,简装,两梯四户,自供暖,有,70年,null,null,null,2017-09-05,私产,2004-06-28,普通住宅,满五年,非共有,无抵押,已上传房本照片,10,null
东城,崇文门,51,13,810,104287元/平米,国瑞城中区,2室1厅1厨1卫,高楼层 (共16层),77.67㎡,暂无数据,暂无数据,板塔结合,南 北,钢混结构,精装,两梯六户,集中供暖,有,70年,null,null,null,2017-08-19,一类经济适用房,2008-04-08,普通住宅,满五年,非共有,无抵押,已上传房本照片,6,null
东城,崇文门,143,38,970,105320元/平米,兴隆都市馨园,3室2厅1厨2卫,低楼层 (共6层),92.1㎡,暂无数据,82.69㎡,板塔结合,东,钢混结构,简装,一梯三户,自供暖,无,70年,null,null,null,2017-04-16,一类经济适用房,2004-03-01,普通住宅,满五年,非共有,有抵押 10万元 建设银行 业主自还,已上传房本照片,0,null
东城,崇文门,142,38,1050,109080元/平米,国瑞城中区,3室1厅1厨1卫,中楼层 (共16层),96.26㎡,暂无数据,76.73㎡,板塔结合,东南,钢混结构,精装,一梯四户,集中供暖,有,70年,null,null,null,2017-05-20,一类经济适用房,2008-04-08,普通住宅,满五年,非共有,有抵押 20万元 中国农业银行崇文区支行 业主自还,已上传房本照片,1,null
东城,崇文门,151,44,375,86386元/平米,营房西街,1室1厅1厨1卫,中楼层 (共6层),43.41㎡,暂无数据,35㎡,板楼,东 北,混合结构,简装,一梯三户,集中供暖,无,70年,null,null,null,2017-06-11,私产,2004-03-29,普通住宅,满五年,非共有,有抵押 100万元 浦发 银行 公司垫资,已上传房本照片,12,null
东城,崇文门,57,84,635,94960元/平米,前门东大街,2室0厅1厨1卫,低楼层 (共12层),66.87㎡,暂无数据,暂无数据,板塔结合,南 北,混合结构,精装,一梯四户,集中供暖,有,70年,null,null,null,2017-06-26,已购公房,2001-12-18,普通住宅,满五年,非共有,暂无数据,已上传房本照片,12,null
东城,崇文门,24,43,610,102126元/平米,新景家园东区,1室1厅1厨1卫,中楼层 (共17层),59.73㎡,暂无数据,47.79㎡,板楼,东,钢混结构,简装,一梯四户,自供暖,有,70年,null,null,null,2017-07-05,私产,2004-12-20,普通住宅,满五年,非共有,无抵押,已上传房本照片,6,null
东城,崇文门,8,11,725,104769元/平米,国瑞城中区,3室1厅1厨1卫,低楼层 (共16层),69.2㎡,暂无数据,55.16㎡,板塔结合,西,钢混结构,简装,两梯八户,集中供暖,有,70年,null,null,null,2017-08-16,二类经济适用房,2013-10-25,普通住宅,满两年,共有,无抵押,已上传房本照片,5,null
东城,崇文门,51,8,2250,139328元/平米,新怡家园,3室1厅1厨2卫,中楼层 (共15层),161.49㎡,暂无数据,140.71㎡,板楼,南 北,钢混结构,简装,两梯四户,集中供暖,有,70年,null,null,null,2017-04-27,商品房,2010-10-19,普通住宅,满五年,非共有,无抵押,已上传房本照片,0,null
东城,崇文门,45,62,618,105156元/平米,国瑞城中区,1室1厅1厨1卫,低楼层 (共16层),58.77㎡,暂无数据,46.65㎡,板塔结合,南,钢混结构,简装,两梯八户,集中供暖,有,70年,null,null,null,2017-07-15,商品房,2015-01-09,普通住宅,满两年,非共有,无抵押,已上传房本照片,7,null
东城,崇文门,55,86,700,104681元/平米,新景家园东区,1室1厅1厨1卫,高楼层 (共15层),66.87㎡,暂无数据,49.68㎡,板塔结合,东 西,钢混结构,精装,两梯七户,集中供暖,有,70年,null,null,null,2017-05-08,商品房,2010-12-09,普通住宅,满五年,非共有,无抵押,已上传房本照片,7,null
东城,崇文门,103,34,845,104657元/平米,新景家园西区,2室1厅1厨1卫,中楼层 (共16层),80.74㎡,平层,66.02㎡,板楼,南 北,钢混结构,精装,一梯四户,自供暖,有,70年,null,null,null,2017-07-12,商品房,2013-03-08,普通住宅,满两年,非共有,无抵押,已上传房本照片,4,null
东城,崇文门,18,6,620,96754元/平米,崇文门东大街,2室1厅1厨1卫,高楼层 (共12层),64.08㎡,暂无数据,45.2㎡,板塔结合,南 北,混合结构,简装,一梯三户,集中供暖,有,70年,null,null,null,2017-07-17,已购公房,2001-09-14,普通住宅,满五年,非共有,无抵押,已上传房本照片,0,null
东城,崇文门,63,22,610,104345元/平米,新景家园西区,1室1厅1厨1卫,中楼层 (共17层),58.46㎡,暂无数据,47.79㎡,板塔结合,南,钢混结构,简装,两梯四户,自供暖,有,70年,null,null,null,2017-08-12,一类经济适用房,2004-08-30,普通住宅,满五年,非共有,无抵押,已上传房本照片,3,null
东城,崇文门,23,21,850,104294元/平米,法华南里,2室1厅1厨1卫,低楼层 (共6层),81.5㎡,暂无数据,56㎡,板楼,南 北,混合结构,精装,一梯两户,集中供暖,无,70年,null,null,null,2017-07-31,已购公房,2000-09-25,普通住宅,满五年,非共有,无抵押,已上传房本照片,3,null
东城,崇文门,18,10,1240,107192元/平米,新景家园东区,2室1厅1厨2卫,低楼层 (共15层),115.68㎡,暂无数据,89.75㎡,板塔结合,南,钢混结构,简装,两梯三户,集中供暖,有,70年,null,null,null,2017-07-28,商品房,2015-07-01,普通住宅,满两年,共有,无抵押,已上传房本照片,3,null
东城,崇文门,53,38,740,92720元/平米,法华南里,2室1厅1厨1卫,低楼层 (共6层),79.81㎡,暂无数据,56.7㎡,板楼,南 北,混合结构,精装,一梯两户,集中供暖,无,70年,null,null,null,2017-08-10,已购公房,2001-10-10,普通住宅,满五年,非共有,无抵押,已上传房本照片,38,null
东城,崇文门,24,19,1131,74940元/平米,太华公寓,2室1厅1厨2卫,中楼层 (共17层),150.92㎡,暂无数据,106.38㎡,塔楼,南,钢混结构,简装,三梯二十户,集中供暖,有,70年,null,null,null,2017-08-12,商品房,2013-11-25,公寓,满两年,非共有,无抵押,已上传房本照片,1,null
东城,崇文门,35,13,760,100729元/平米,国瑞城东区,2室1厅1厨1卫,高楼层 (共16层),75.45㎡,暂无数据,60.13㎡,板塔结合,西北,钢混结构,精装,两梯九户,集中供暖,有,70年,null,null,null,2017-05-11,私产,2007-10-16,普通住宅,满五年,非共有,无抵押,已上传房本照片,7,null
东城,崇文门,142,16,930,104824元/平米,新景家园西区,3室1厅1厨1卫,底层 (共6层),88.72㎡,平层,76.7㎡,板塔结合,东 南 西,钢混结构,精装,一梯三户,自供暖,无,70年,null,null,null,2017-08-08,商品房,2010-10-28,普通住宅,满五年,非共有,有抵押 150万元 客户偿还,已上传房本照片,1,距离5号线崇文门站821米
东城,崇文门,170,316,1430,116015元/平米,新世界家园,2室2厅1厨3卫,底层 (共11层),123.26㎡,平层,108.22㎡,板楼,南 北,钢混结构,简装,一梯两户,集中供暖,有,70年,null,null,null,2016-03-22,商品房,2009-05-14,普通住宅,满五年,非共有,无抵押,已上传房本照片,0,null
东城,崇文门,40,49,1020,87878元/平米,新景家园西区,2室1厅1厨1卫,高楼层 (共11层),116.07㎡,平层,88.62㎡,板塔结合,西北,钢混结构,简装,两梯六户,集中供暖,有,70年,null,null,null,2016-10-30,私产,2004-10-12,普通住宅,满五年,非共有,无抵押,已上传房本照片,2,null
东城,崇文门,28,9,895,104961元/平米,新景家园东区,2室1厅1厨1卫,中楼层 (共17层),85.27㎡,暂无数据,68.22㎡,板楼,东 西,钢混结构,精装,一梯四户,自供暖,有,70年,null,null,null,2017-05-04,一类经济适用房,2004-12-20,普通住宅,满五年,非共有,无抵押,已上传房本照片,1,null
东城,崇文门,44,27,580,101897元/平米,新景家园西区,1室1厅1厨1卫,低楼层 (共16层),56.92㎡,暂无数据,46.4㎡,板塔结合,南,钢混结构,简装,两梯四户,自供暖,有,70年,null,null,null,2017-07-21,商品房,2015-01-30,普通住宅,满两年,非共有,有抵押 20万元 业主自还,已上传房本照片,7,null
东城,崇文门,42,13,680,100236元/平米,法华南里,2室1厅1厨1卫,中楼层 (共6层),67.84㎡,平层,暂无数据,板楼,南 北,混合结构,简装,一梯三户,集中供暖,无,70年,null,null,null,2017-08-01,私产,2005-08-02,普通住宅,满五年,非共有,无抵押,已上传房本照片,6,null
东城,崇文门,61,5,630,103670元/平米,新景家园东区,1室1厅1厨1卫,低楼层 (共12层),60.77㎡,平层,48.87㎡,板塔结合,南,钢混结构,简装,一梯四户,自供暖,有,70年,null,null,null,2017-08-11,一类经济适用房,2004-06-18,普通住宅,满五年,非共有,无抵押,已上传房本照片,1,null
东城,崇文门,85,129,930,100270元/平米,新景家园西区,2室1厅1厨1卫,中楼层 (共11层),92.75㎡,暂无数据,70.81㎡,板塔结合,西,钢混结构,简装,两梯八户,集中供暖,有,70年,null,null,null,2016-11-30,私产,2002-05-17,普通住宅,满五年,非共有,有抵押 300万元 客户偿还,已上传房本照片,0,null
东城,崇文门,46,38,1158,74937元/平米,太华公寓,2室1厅1厨2卫,顶层 (共17层),154.53㎡,平层,108.93㎡,塔楼,北,钢混结构,简装,三梯十六户,集中供暖,有,70年,null,null,null,2016-12-03,商品房,2011-11-11,公寓,满五年,非共有,无抵押,已上传房本照片,0,null
东城,崇文门,43,6,610,104847元/平米,国瑞城东区,1室1厅1厨1卫,中楼层 (共16层),58.18㎡,暂无数据,46.37㎡,板塔结合,南,钢混结构,简装,两梯六户,集中供暖,有,70年,null,null,null,2017-08-05,私产,2007-10-16,普通住宅,满五年,非共有,无抵押,已上传房本照片,1,null
东城,崇文门,84,3,860,105964元/平米,新景家园西区,2室1厅1厨1卫,低楼层 (共17层),81.16㎡,暂无数据,66.35㎡,板塔结合,南 北,钢混结构,简装,两梯四户,自供暖,有,70年,null,null,null,2017-07-15,一类经济适用房,2004-08-30,普通住宅,满五年,非共有,无抵押,已上传房本照片,0,null
东城,崇文门,44,8,850,104731元/平米,新景家园西区,2室1厅1厨1卫,高楼层 (共17层),81.16㎡,暂无数据,66.35㎡,板塔结合,南 北,钢混结构,其他,两梯四户,自供暖,有,70年,null,null,null,2017-07-30,私产,2004-08-30,普通住宅,满五年,非共有,暂无数据,已上传房本照片,1,null
东城,崇文门,36,33,780,109720元/平米,新景家园西区,2室1厅1厨1卫,底层 (共6层),71.09㎡,暂无数据,61.46㎡,板塔结合,南 北,钢混结构,简装,一梯三户,自供暖,无,70年,null,null,null,2017-07-19,一类经济适用房,2005-03-20,普通住宅,满五年,非共有,无抵押,已上传房本照片,3,null
东城,崇文门,34,30,699,111501元/平米,新景家园东区,1室1厅1厨1卫,底层 (共18层),62.69㎡,暂无数据,50.74㎡,板塔结合,南 西,钢混结构,精装,一梯五户,集中供暖,有,70年,null,null,null,2017-07-21,商品房,2016-01-27,普通住宅,暂无数据,非共有,有抵押 75万元 光大银行 业主自还,已上传房本照片,5,null
东城,崇文门,103,24,599,99320元/平米,新景家园东区,1室1厅1厨1卫,顶层 (共12层),60.31㎡,暂无数据,48.5㎡,板塔结合,南,钢混结构,精装,一梯两户,自供暖,有,70年,null,null,null,2017-07-14,二类经济适用房,2009-07-13,普通住宅,满五年,非共有,无抵押,已上传房本照片,1,null
东城,崇文门,57,10,840,104167元/平米,新景家园西区,2室1厅1厨1卫,中楼层 (共16层),80.64㎡,暂无数据,65.73㎡,板塔结合,东 西,钢混结构,精装,两梯四户,自供暖,有,70年,null,null,null,2017-07-29,商品房,2010-02-11,普通住宅,满五年,非共有,有抵押 30万元 业主自还,已上传房本照片,4,null
东城,崇文门,49,61,1045,112668元/平米,新裕家园,2室1厅1厨1卫,低楼层 (共13层),92.75㎡,暂无数据,75.15㎡,板塔结合,南 北,钢混结构,简装,两梯六户,集中供暖,有,70年,null,null,null,2017-04-02,商品房,2009-09-09,普通住宅,满五年,非共有,暂无数据,已上传房本照片,5,null
东城,崇文门,79,40,828,104572元/平米,新景家园东区,2室1厅1厨1卫,底层 (共16层),79.18㎡,暂无数据,65.16㎡,板塔结合,东 西,钢混结构,其他,两梯五户,自供暖,有,70年,null,null,null,2017-05-06,一类经济适用房,2004-08-20,普通住宅,满五年,非共有,暂无数据,已上传房本照片,1,null
东城,崇文门,29,10,2300,146515元/平米,新怡家园,3室2厅1厨2卫,底层 (共11层),156.98㎡,暂无数据,134.69㎡,板楼,南 北,钢混结构,精装,一梯两户,集中供暖,有,70年,null,null,null,2017-04-02,商品房,2009-09-27,普通住宅,满五年,非共有,无抵押,已上传房本照片,0,null
东城,崇文门,22,5,619,104969元/平米,新景家园东区,1室1厅1厨1卫,中楼层 (共16层),58.97㎡,平层,48.53㎡,板塔结合,西,钢混结构,精装,两梯四户,自供暖,有,70年,null,null,null,2017-07-16,商品房,2012-08-31,普通住宅,满五年,共有,无抵押,已上传房本照片,1,null
东城,崇文门,27,6,850,118467元/平米,东后河沿,2室1厅1厨1卫,低楼层 (共16层),71.75㎡,暂无数据,暂无数据,板塔结合,南 北,钢混结构,其他,两梯四户,集中供暖,有,70年,null,null,null,2017-08-20,私产,2009-06-17,普通住宅,满五年,非共有,暂无数据,已上传房本照片,0,null
东城,崇文门,10,2,1738,74962元/平米,太华公寓,3室2厅1厨3卫,中楼层 (共18层),231.85㎡,平层,163.43㎡,塔楼,东南,钢混结构,精装,三梯十三户,集中供暖,有,70年,null,null,null,2017-07-14,商品房,2007-07-31,公寓,满五年,非共有,有抵押 150万元 业主自还,已上传房本照片,0,null
东城,崇文门,27,4,944,104971元/平米,国瑞城中区,3室1厅1厨1卫,低楼层 (共16层),89.93㎡,暂无数据,71.33㎡,板塔结合,西南,钢混结构,简装,两梯八户,集中供暖,有,70年,null,null,null,2017-07-16,一类经济适用房,2007-12-11,普通住宅,满五年,非共有,无抵押,已上传房本照片,0,null
东城,崇文门,8,4,435,91463元/平米,法华南里,1室1厅1厨1卫,中楼层 (共6层),47.56㎡,暂无数据,47.56㎡,板楼,西,混合结构,精装,一梯四户,集中供暖,无,70年,null,null,null,2017-09-03,商品房,2012-12-28,普通住宅,满两年,非共有,暂无数据,已上传房本照片,4,null
东城,崇文门,48,1,720,104001元/平米,奋章胡同,3室1厅1厨1卫,中楼层 (共4层),69.23㎡,暂无数据,49.04㎡,板楼,东 西,混合结构,简装,一梯两户,暂无数据,暂无数据,70年,null,null,null,2017-06-28,已购公房,2000-12-18,普通住宅,满五年,非共有,无抵押,已上传房本照片,0,null
东城,崇文门,294,36,630,102656元/平米,新景家园东区,1室1厅1厨1卫,中楼层 (共16层),61.37㎡,平层,50.5㎡,板塔结合,东南 北,钢混结构,简装,两梯五户,自供暖,有,70年,null,null,null,2017-02-10,商品房,2009-07-16,普通住宅,满五年,非共有,无抵押,已上传房本照片,0,null
东城,崇文门,35,9,1700,124097元/平米,新景家园西区,3室1厅1厨2卫,中楼层 (共9层),136.99㎡,暂无数据,110.86㎡,板楼,南 北,钢混结构,精装,两梯三户,集中供暖,有,70年,null,null,null,2017-07-31,商品房,2015-07-08,普通住宅,满两年,非共有,无抵押,已上传房本照片,1,null
东城,崇文门,39,26,810,105524元/平米,新裕家园,1室1厅1厨1卫,低楼层 (共17层),76.76㎡,暂无数据,62.81㎡,板塔结合,南,钢混结构,其他,两梯四户,集中供暖,有,70年,null,null,null,2017-07-26,商品房,2009-03-31,普通住宅,满五年,非共有,暂无数据,已上传房本照片,9,null
东城,崇文门,44,43,630,103670元/平米,新景家园东区,1室1厅1厨1卫,中楼层 (共12层),60.77㎡,暂无数据,48㎡,板塔结合,南,钢混结构,简装,一梯四户,自供暖,有,70年,null,null,null,2017-08-02,二类经济适用房,2017-06-12,普通住宅,暂无数据,共有,无抵押,已上传房本照片,4,null
东城,崇文门,37,14,620,96709元/平米,法华南里,2室1厅1厨1卫,高楼层 (共6层),64.11㎡,平层,暂无数据,板楼,东 西,混合结构,简装,一梯两户,集中供暖,无,70年,null,null,null,2017-05-08,已购公房,2011-11-15,普通住宅,满五年,非共有,无抵押,已上传房本照片,2,距离5号线崇文门站448米
东城,崇文门,77,96,421,134936元/平米,新景家园东区,1室0厅1厨1卫,低楼层 (共15层),31.2㎡,平层,23.18㎡,板塔结合,西,钢混结构,简装,两梯十户,集中供暖,有,70年,null,null,null,2017-05-02,商品房,2011-01-06,普通住宅,满五年,非共有,无抵押,已上传房本照片,7,null
东城,崇文门,87,21,1570,81656元/平米,东后河沿,3室2厅1厨2卫,中楼层 (共16层),192.27㎡,暂无数据,165㎡,板塔结合,东 西,钢混结构,精装,两梯三户,集中供暖,有,70年,null,null,null,2017-03-07,已购公房,2000-06-16,普通住宅,满五年,非共有,无抵押,已上传房本照片,1,null
东城,崇文门,76,8,1758,126148元/平米,国瑞城中区,3室2厅1厨2卫,中楼层 (共16层),139.36㎡,暂无数据,117.1㎡,板楼,东南,钢混结构,精装,两梯三户,集中供暖,有,70年,null,null,null,2017-07-30,商品房,2014-01-27,普通住宅,满两年,非共有,有抵押 280万元 星展 客户偿还,已上传房本照片,1,null
东城,崇文门,40,7,855,106902元/平米,新景家园东区,2室1厅1厨1卫,中楼层 (共12层),79.98㎡,暂无数据,64.11㎡,板楼,南 北,钢混结构,其他,一梯三户,自供暖,有,70年,null,null,null,2017-08-10,二类经济适用房,2004-06-18,普通住宅,满五年,非共有,暂无数据,已上传房本照片,5,null
东城,崇文门,81,34,950,85942元/平米,法华南里,3室1厅1厨2卫,高楼层 (共6层),110.54㎡,暂无数据,77.82㎡,板楼,南 北,混合结构,精装,一梯两户,集中供暖,无,70年,null,null,null,2017-03-18,已购公房,2013-04-22,普通住宅,暂无数据,非共有,无抵押,已上传房本照片,0,null
东城,崇文门,51,6,938,102749元/平米,新景家园东区,3室1厅1厨1卫,底层 (共17层),91.29㎡,暂无数据,74.47㎡,板塔结合,南 北,钢混结构,简装,两梯四户,自供暖,有,70年,null,null,null,2017-06-05,一类经济适用房,2004-08-20,普通住宅,满五年,非共有,无抵押,已上传房本照片,1,null
东城,崇文门,88,112,654,94865元/平米,体育馆西路2号院,3室1厅1厨1卫,低楼层 (共6层),68.94㎡,暂无数据,暂无数据,板楼,东 西,混合结构,毛坯,一梯两户,集中供暖,无,70年,null,null,null,2017-03-17,已购公房,2017-01-16,普通住宅,暂无数据,共有,无抵押,已上传房本照片,3,null
东城,崇文门,32,85,2350,143459元/平米,新世界家园,3室1厅1厨2卫,中楼层 (共11层),163.81㎡,暂无数据,143.99㎡,板楼,南 北,钢混结构,简装,一梯两户,集中供暖,有,70年,null,null,null,2017-05-16,商品房,2017-05-17,普通住宅,暂无数据,共有,无抵押,已上传房本照片,5,null
东城,崇文门,114,26,450,85976元/平米,法华南里,1室1厅1厨1卫,顶层 (共6层),52.34㎡,暂无数据,暂无数据,板楼,南,混合结构,精装,一梯四户,集中供暖,无,70年,null,null,null,2017-05-07,商品房,2014-08-19,普通住宅,满两年,非共有,无抵押,已上传房本照片,4,null
东城,崇文门,77,0,410,132429元/平米,新景家园东区,1室0厅1厨1卫,低楼层 (共15层),30.96㎡,平层,23㎡,板塔结合,西,钢混结构,精装,两梯十户,集中供暖,有,70年,null,null,null,2017-08-13,商品房,2011-03-04,普通住宅,满五年,非共有,有抵押,已上传房本照片,0,null
东城,崇文门,25,0,780,107187元/平米,新景家园西区,2室1厅1厨1卫,高楼层 (共14层),72.77㎡,暂无数据,59.51㎡,板塔结合,南 北,钢混结构,简装,两梯四户,自供暖,有,70年,null,null,null,2017-08-17,一类经济适用房,2004-12-30,普通住宅,满五年,非共有,无抵押,已上传房本照片,0,null
东城,崇文门,13,1,850,110591元/平米,新裕家园,1室1厅1厨1卫,顶层 (共17层),76.86㎡,平层,62.81㎡,板塔结合,南,钢混结构,其他,两梯四户,集中供暖,有,70年,null,null,null,2017-08-21,商品房,2007-12-24,普通住宅,满五年,非共有,暂无数据,已上传房本照片,1,null
东城,崇文门,28,0,638,104865元/平米,国瑞城东区,1室1厅1厨1卫,低楼层 (共16层),60.84㎡,暂无数据,48.49㎡,板塔结合,南,钢混结构,简装,两梯六户,集中供暖,有,70年,null,null,null,2017-06-25,私产,2007-12-04,普通住宅,满五年,非共有,无抵押,已上传房本照片,0,null
东城,崇文门,10,3,968,113789元/平米,新景家园东区,2室1厅1厨1卫,低楼层 (共17层),85.07㎡,暂无数据,68.83㎡,板塔结合,东 西,钢混结构,精装,两梯四户,自供暖,有,70年,null,null,null,2017-08-18,一类经济适用房,2006-05-10,普通住宅,满五年,非共有,无抵押,已上传房本照片,0,null
东城,崇文门,37,5,830,106424元/平米,新景家园东区,2室1厅1厨1卫,高楼层 (共17层),77.99㎡,平层,62.4㎡,板楼,东南,钢混结构,其他,一梯四户,自供暖,有,70年,null,null,null,2017-08-19,一类经济适用房,2004-06-18,普通住宅,满五年,非共有,暂无数据,已上传房本照片,4,null
东城,崇文门,41,7,420,104426元/平米,崇文门东大街,1室1厅1厨1卫,高楼层 (共12层),40.22㎡,平层,暂无数据,板塔结合,南,混合结构,精装,一梯三户,集中供暖,有,70年,null,null,null,2017-07-06,商品房,2011-01-19,普通住宅,满五年,非共有,有抵押 50万元 交通银行 业主自还,已上传房本照片,3,null
东城,崇文门,41,10,648,94433元/平米,南岗子,3室1厅1厨1卫,顶层 (共6层),68.62㎡,平层,48.7㎡,板楼,南 北,混合结构,精装,一梯两户,集中供暖,无,70年,null,null,null,2017-06-13,商品房,2013-05-06,普通住宅,满两年,非共有,有抵押 130万元 交通银行 客户偿还,已上传房本照片,1,null
东城,崇文门,47,13,830,102850元/平米,新景家园东区,2室1厅1厨1卫,高楼层 (共12层),80.7㎡,跃层,64.69㎡,板楼,南 北,钢混结构,精装,一梯四户,自供暖,有,70年,null,null,null,2017-08-13,二类经济适用房,2016-01-22,普通住宅,暂无数据,非共有,暂无数据,已上传房本照片,5,null
东城,崇文门,33,3,950,104212元/平米,新景家园东区,3室1厅1厨1卫,中楼层 (共17层),91.16㎡,暂无数据,74.37㎡,板塔结合,东 西,钢混结构,精装,两梯四户,自供暖,有,70年,null,null,null,2017-08-30,商品房,2017-08-28,普通住宅,暂无数据,共有,无抵押,已上传房本照片,1,null
东城,崇文门,17,14,950,113514元/平米,新景家园东区,2室1厅1厨1卫,中楼层 (共17层),83.69㎡,平层,68.26㎡,板塔结合,东 西,钢混结构,精装,两梯四户,自供暖,有,70年,null,null,null,2017-02-20,二类经济适用房,2013-06-07,普通住宅,满两年,非共有,无抵押,已上传房本照片,2,null
东城,崇文门,14,3,630,105528元/平米,前门东大街,2室0厅1厨1卫,中楼层 (共12层),59.7㎡,暂无数据,暂无数据,板塔结合,南 北,钢混结构,其他,一梯十五户,集中供暖,有,70年,null,null,null,2017-09-05,已购公房,2017-05-22,普通住宅,暂无数据,非共有,暂无数据,已上传房本照片,3,null
东城,崇文门,8,38,1098,89406元/平米,国瑞城西区,1室1厅1厨1卫,低楼层 (共16层),122.81㎡,暂无数据,82.98㎡,塔楼,西,钢混结构,精装,八梯二十九户,集中供暖,有,70年,null,null,null,2017-04-30,商品房,2017-03-13,酒店式公寓,暂无数据,非共有,无抵押,已上传房本照片,3,null
东城,崇文门,160,0,480,96872元/平米,前门东大街,2室1厅1厨1卫,低楼层 (共12层),49.55㎡,平层,34.2㎡,板塔结合,西,混合结构,精装,一梯三户,集中供暖,有,70年,null,null,null,2017-06-01,商品房,2011-01-27,普通住宅,满五年,非共有,无抵押,已上传房本照片,0,null
东城,崇文门,7,6,801,105854元/平米,国瑞城中区,2室1厅1厨1卫,低楼层 (共16层),75.67㎡,平层,60.02㎡,板塔结合,西北,钢混结构,其他,两梯八户,集中供暖,有,70年,null,null,null,2017-07-03,商品房,2014-04-14,普通住宅,满两年,非共有,暂无数据,已上传房本照片,0,null
东城,崇文门,19,19,540,103946元/平米,国瑞城中区,1室1厅1厨1卫,低楼层 (共16层),51.95㎡,暂无数据,41.24㎡,板塔结合,西北,钢混结构,其他,两梯八户,集中供暖,有,70年,null,null,null,2017-05-17,二类经济适用房,2017-05-11,普通住宅,暂无数据,非共有,暂无数据,已上传房本照片,6,null
东城,崇文门,77,7,460,59865元/平米,法华南里,2室1厅1厨1卫,地下室 (共6层),76.84㎡,暂无数据,55.7㎡,板楼,南 北,混合结构,精装,一梯两户,集中供暖,无,70年,null,null,null,2017-05-25,商品房,2016-09-06,普通住宅,暂无数据,非共有,有抵押 160万元 客户偿还,已上传房本照片,0,null
东城,崇文门,1,3,740,99569元/平米,法华南里,3室1厅1厨1卫,中楼层 (共6层),74.32㎡,暂无数据,52.57㎡,板楼,西 东北,混合结构,精装,一梯六户,集中供暖,无,70年,null,null,null,2017-09-01,商品房,2012-05-29,普通住宅,满五年,共有,无抵押,已上传房本照片,2,null
东城,崇文门,38,16,760,92222元/平米,法华南里,2室2厅1厨1卫,高楼层 (共6层),82.41㎡,暂无数据,56.9㎡,板楼,南 北,混合结构,精装,一梯两户,集中供暖,无,70年,null,null,null,2017-07-06,商品房,2016-04-19,普通住宅,暂无数据,非共有,无抵押,已上传房本照片,3,null
东城,崇文门,73,21,950,85462元/平米,国瑞城西区,1室1厅1厨1卫,顶层 (共16层),111.16㎡,平层,75.11㎡,塔楼,西,钢混结构,精装,八梯二十九户,集中供暖,有,70年,null,null,null,2016-10-09,商品房,2016-04-27,酒店式公寓,暂无数据,非共有,无抵押,已上传房本照片,3,null
东城,崇文门,81,33,800,99317元/平米,新景家园东区,2室1厅1厨1卫,底层 (共16层),80.55㎡,平层,66.08㎡,板塔结合,南 北,钢混结构,简装,两梯四户,自供暖,有,70年,null,null,null,2016-11-01,商品房,2016-04-05,普通住宅,暂无数据,非共有,无抵押,已上传房本照片,1,距离5号线崇文门站275米
东城,崇文门,112,15,1300,115617元/平米,新景家园东区,2室1厅1厨1卫,高楼层 (共15层),112.44㎡,平层,87.24㎡,板塔结合,南 北,钢混结构,精装,两梯三户,集中供暖,有,70年,null,null,null,2016-09-28,商品房,2013-04-10,普通住宅,满两年,非共有,无抵押,已上传房本照片,0,null
东城,崇文门,107,20,2880,136306元/平米,新怡家园,3室2厅1厨3卫,顶层 (共13层),211.29㎡,暂无数据,182.83㎡,板楼,南,钢混结构,精装,两梯两户,集中供暖,有,70年,null,null,null,2017-02-04,商品房,2010-04-23,普通住宅,满五年,非共有,无抵押,已上传房本照片,0,null
东城,崇文门,44,3,421,134936元/平米,新景家园东区,1室0厅1厨1卫,高楼层 (共15层),31.2㎡,暂无数据,23.18㎡,板塔结合,西,钢混结构,精装,两梯十一户,集中供暖,有,70年,null,null,null,2017-08-16,商品房,2016-01-21,普通住宅,暂无数据,非共有,有抵押 100万元 中信银行 客户偿还,已上传房本照片,1,null
东城,崇文门,11,1,680,102874元/平米,国瑞城中区,1室1厅1厨1卫,顶层 (共16层),66.1㎡,平层,52.69㎡,板楼,北,钢混结构,简装,两梯八户,集中供暖,有,70年,null,null,null,2017-05-23,二类经济适用房,2017-05-25,普通住宅,暂无数据,非共有,无抵押,已上传房本照片,0,null
东城,崇文门,37,4,498,73745元/平米,法华南里,2室1厅1厨1卫,地下室 (共6层),67.53㎡,暂无数据,暂无数据,板楼,南 北,混合结构,简装,一梯三户,集中供暖,无,70年,null,null,null,2017-06-03,私产,2007-04-17,普通住宅,满五年,非共有,无抵押,已上传房本照片,0,null
东城,崇文门,37,13,600,98361元/平米,国瑞城中区,1室1厅1厨1卫,低楼层 (共16层),61㎡,暂无数据,48.42㎡,板塔结合,北,钢混结构,简装,两梯八户,集中供暖,有,70年,null,null,null,2016-11-16,二类经济适用房,2007-11-27,普通住宅,满五年,非共有,无抵押,已上传房本照片,0,null
东城,崇文门,50,6,398,91981元/平米,营房西街,1室1厅1厨1卫,顶层 (共6层),43.27㎡,暂无数据,暂无数据,板楼,东 北,混合结构,精装,一梯三户,集中供暖,无,70年,null,null,null,2017-06-30,已购公房,2000-09-11,普通住宅,满五年,非共有,无抵押,已上传房本照片,0,null
东城,崇文门,2,7,610,104345元/平米,新景家园西区,1室1厅1厨1卫,中楼层 (共17层),58.46㎡,暂无数据,47.79㎡,板塔结合,南,钢混结构,简装,两梯四户,自供暖,有,70年,null,null,null,2017-08-12,商品房,2011-04-21,普通住宅,满五年,非共有,无抵押,已上传房本照片,0,null
东城,崇文门,7,2,400,101394元/平米,营房西街,1室1厅1厨1卫,高楼层 (共6层),39.45㎡,暂无数据,26㎡,板楼,南 北,混合结构,精装,一梯六户,集中供暖,无,70年,null,null,null,2017-09-08,已购公房,2008-06-04,普通住宅,满五年,非共有,无抵押,已上传房本照片,2,null
东城,崇文门,14,0,595,104864元/平米,新景家园西区,1室1厅1厨1卫,中楼层 (共14层),56.74㎡,暂无数据,46.4㎡,板塔结合,南,钢混结构,精装,两梯四户,自供暖,有,70年,null,null,null,2017-09-05,二类经济适用房,2013-08-23,普通住宅,满两年,共有,无抵押,已上传房本照片,0,null
东城,崇文门,19,5,867,112949元/平米,新裕家园,1室1厅1厨1卫,中楼层 (共17层),76.76㎡,平层,62.81㎡,板塔结合,南,钢混结构,精装,两梯四户,集中供暖,有,70年,null,null,null,2017-06-30,商品房,2012-07-31,普通住宅,满五年,非共有,有抵押 180万元 银行 客户偿还,已上传房本照片,0,null
东城,崇文门,35,4,1080,99787元/平米,法华南里,3室2厅1厨1卫,中楼层 (共6层),108.23㎡,暂无数据,74.7㎡,板楼,南 西 北,混合结构,精装,一梯两户,集中供暖,无,70年,null,null,null,2017-07-17,商品房,2012-02-15,普通住宅,满五年,非共有,有抵押 100万元 公积金 业主自还,已上传房本照片,0,null
东城,崇文门,17,1,600,95042元/平米,前门东大街,3室0厅1厨1卫,低楼层 (共13层),63.13㎡,暂无数据,41.7㎡,塔楼,西北,钢混结构,简装,一梯八户,集中供暖,有,70年,null,null,null,2017-07-07,已购公房,2008-12-08,普通住宅,满五年,非共有,无抵押,已上传房本照片,0,null
东城,崇文门,36,28,1250,93472元/平米,法华南里,3室2厅1厨1卫,顶层 (共6层),133.73㎡,暂无数据,暂无数据,板楼,南 北,混合结构,简装,一梯两户,集中供暖,无,70年,null,null,null,2017-03-22,已购公房,2000-11-30,普通住宅,满五年,非共有,无抵押,已上传房本照片,0,null
东城,崇文门,6,0,647,104896元/平米,国瑞城中区,1室1厅1厨1卫,中楼层 (共16层),61.68㎡,平层,48.96㎡,板塔结合,南,钢混结构,其他,两梯八户,集中供暖,有,70年,null,null,null,2017-09-03,商品房,2016-10-25,普通住宅,暂无数据,非共有,暂无数据,已上传房本照片,0,null
东城,崇文门,220,33,1090,98607元/平米,法华南里,3室2厅1厨2卫,中楼层 (共6层),110.54㎡,暂无数据,暂无数据,板楼,南 北,混合结构,精装,一梯两户,集中供暖,无,70年,null,null,null,2016-12-18,已购公房,2016-10-31,普通住宅,暂无数据,共有,无抵押,已上传房本照片,0,null
东城,崇文门,57,11,630,98177元/平米,法华南里,2室1厅1厨1卫,高楼层 (共6层),64.17㎡,平层,暂无数据,板楼,东 西,混合结构,精装,一梯两户,集中供暖,无,70年,null,null,null,2017-04-27,私产,2006-12-14,普通住宅,满五年,非共有,无抵押,已上传房本照片,0,null
东城,崇文门,18,2,950,121297元/平米,新景家园西区,1室1厅1厨1卫,中楼层 (共9层),78.32㎡,暂无数据,63.38㎡,板楼,南,钢混结构,精装,两梯三户,集中供暖,有,70年,null,null,null,2017-07-31,商品房,2015-10-27,普通住宅,暂无数据,非共有,有抵押 170万元 银行 客户偿还,已上传房本照片,0,null
东城,崇文门,46,2,804,74986元/平米,太华公寓,1室1厅1厨2卫,中楼层 (共17层),107.22㎡,暂无数据,75.58㎡,塔楼,南,钢混结构,精装,三梯二十户,集中供暖,有,70年,null,null,null,2017-05-16,商品房,2015-06-29,公寓,满两年,非共有,无抵押,已上传房本照片,1,null
东城,崇文门,1,0,2860,149785元/平米,新怡家园,4室2厅1厨2卫,低楼层 (共11层),190.94㎡,暂无数据,163.83㎡,板楼,南 北,钢混结构,简装,一梯两户,集中供暖,有,70年,null,null,null,2017-07-24,私产,2008-02-18,普通住宅,满五年,非共有,有抵押 50万元 华夏银行 业主自还,已上传房本照片,0,null
东城,崇文门,0,4,630,109508元/平米,东后河沿,1室1厅1厨1卫,中楼层 (共11层),57.53㎡,暂无数据,38.45㎡,板塔结合,南,钢混结构,其他,两梯三户,集中供暖,有,70年,null,null,null,2017-08-27,私产,2009-06-04,普通住宅,满五年,非共有,暂无数据,已上传房本照片,2,null
东城,崇文门,81,6,930,101963元/平米,新景家园西区,3室1厅1厨1卫,低楼层 (共14层),91.21㎡,暂无数据,74.59㎡,板塔结合,南 北,钢混结构,精装,两梯四户,自供暖,有,70年,null,null,null,2017-06-14,二类经济适用房,2016-07-05,普通住宅,暂无数据,非共有,有抵押,已上传房本照片,0,null
东城,崇文门,17,0,1300,65760元/平米,新世界中心,3室2厅1厨2卫,高楼层 (共16层),197.69㎡,暂无数据,135.16㎡,塔楼,东南,钢混结构,简装,三梯二十四户,集中供暖,有,50年,null,null,null,2017-05-18,商品房,2017-04-06,公寓/公寓,暂无数据,非共有,无抵押,已上传房本照片,0,null
