城区,区域,关注,带看,挂牌价,单价,小区,房屋户型,所在楼层,建筑面积,户型结构,套内面积,建筑类型,房屋朝向,建筑结构,装修情况,梯户比例,供暖方式,配备电梯,产权年限,用水类型,用电类型,燃气价格,挂牌时间,交易属性,上次交易,房屋用途,房屋年限,产权所属,抵押信心,房本备件,近七天带看,地铁
东城,广渠门,7,14,540,101542元/平米,广渠门内大街,2室1厅1厨1卫,中楼层 (共12层),53.18㎡,暂无数据,36.8㎡,板塔结合,南 北,混合结构,简装,一梯四户,集中供暖,有,70年,null,null,null,2017-09-05,已购公房,2004-11-15,普通住宅,满五年,非共有,无抵押,已上传房本照片,14,距离7号线广渠门外站969米
东城,广渠门,117,122,530,86686元/平米,广渠家园,2室1厅1厨1卫,高楼层 (共29层),61.14㎡,暂无数据,48.88㎡,板塔结合,东 北,钢混结构,简装,三梯十二户,集中供暖,有,70年,null,null,null,2017-04-18,二类经济适用房,2011-03-24,普通住宅,满五年,非共有,无抵押,已上传房本照片,15,null
东城,广渠门,70,0,599,84047元/平米,广渠家园,2室2厅1厨1卫,低楼层 (共29层),71.27㎡,暂无数据,56.89㎡,板塔结合,西,钢混结构,精装,三梯十二户,集中供暖,有,70年,null,null,null,2017-09-04,商品房,2011-10-13,普通住宅,满五年,非共有,无抵押,已上传房本照片,0,null
东城,广渠门,235,131,1200,99034元/平米,京城仁合,3室2厅1厨2卫,中楼层 (共16层),121.17㎡,暂无数据,94.73㎡,板塔结合,东南,钢混结构,精装,两梯三户,集中供暖,有,70年,null,null,null,2017-07-25,私产,2005-08-25,普通住宅,满五年,非共有,无抵押,已上传房本照片,0,null
东城,广渠门,287,109,642,89878元/平米,广渠家园,2室2厅1厨1卫,高楼层 (共29层),71.43㎡,平层,57.11㎡,板塔结合,东,钢混结构,毛坯,三梯十二户,集中供暖,有,70年,null,null,null,2017-06-09,二类经济适用房,2011-05-25,普通住宅,满五年,非共有,无抵押,已上传房本照片,0,null
东城,广渠门,248,66,630,103635元/平米,广渠家园,2室1厅1厨1卫,中楼层 (共29层),60.79㎡,暂无数据,暂无数据,板塔结合,南 北,钢混结构,精装,两梯四户,集中供暖,有,70年,null,null,null,2017-07-16,商品房,2011-10-24,普通住宅,满五年,共有,暂无数据,已上传房本照片,8,null
东城,广渠门,11,10,621,89649元/平米,金世纪嘉园,1室1厅1厨1卫,高楼层 (共21层),69.27㎡,暂无数据,54.98㎡,塔楼,东南,钢混结构,其他,三梯十二户,集中供暖,有,70年,null,null,null,2017-08-26,二类经济适用房,2009-11-12,普通住宅,满五年,非共有,暂无数据,已上传房本照片,4,null
东城,广渠门,11,2,1450,122003元/平米,幸福家园一期,3室2厅1厨2卫,高楼层 (共14层),118.85㎡,暂无数据,94.56㎡,板塔结合,南 北,钢混结构,精装,一梯两户,集中供暖,有,70年,null,null,null,2017-09-06,商品房,2009-12-25,普通住宅,满五年,非共有,无抵押,已上传房本照片,2,null
东城,广渠门,68,11,1380,88660元/平米,京禧阁,4室2厅1厨2卫,高楼层 (共22层),155.65㎡,平层,127.68㎡,塔楼,西北,钢混结构,精装,四梯十户,集中供暖,有,70年,null,null,null,2016-12-21,商品房,2015-08-18,普通住宅,满两年,非共有,有抵押 500万元 建设银行前门支行 客户偿还,已上传房本照片,0,null
东城,广渠门,58,29,616,114818元/平米,绿景馨园,2室2厅1厨1卫,顶层 (共6层),53.65㎡,暂无数据,48.11㎡,板楼,南 北,钢混结构,精装,一梯四户,自供暖,无,70年,null,null,null,2017-08-06,商品房,2011-06-13,普通住宅,满五年,非共有,无抵押,已上传房本照片,8,null
东城,广渠门,68,39,630,96271元/平米,幸福南里,3室1厅1厨1卫,高楼层 (共12层),65.44㎡,平层,50.4㎡,板塔结合,东南 北,混合结构,精装,一梯八户,集中供暖,有,70年,null,null,null,2017-07-22,已购公房,2010-09-30,普通住宅,满五年,共有,有抵押 510万元 小贷公司 业主自还,已上传房本照片,6,null
东城,广渠门,54,11,615,101018元/平米,广渠家园,2室1厅1厨1卫,中楼层 (共29层),60.88㎡,暂无数据,48.6㎡,板塔结合,南 北,钢混结构,精装,两梯四户,集中供暖,有,70年,null,null,null,2017-08-28,二类经济适用房,2012-02-27,普通住宅,满五年,非共有,无抵押,已上传房本照片,5,null
东城,广渠门,160,30,486,95745元/平米,幸福北里,2室1厅1厨1卫,中楼层 (共5层),50.76㎡,暂无数据,35.3㎡,板楼,东,混合结构,精装,一梯七户,集中供暖,无,70年,null,null,null,2017-07-16,已购公房,2000-09-18,普通住宅,满五年,非共有,无抵押,已上传房本照片,4,null
东城,广渠门,34,1,465,103748元/平米,东方财富,1室0厅1厨1卫,中楼层 (共15层),44.82㎡,暂无数据,33.64㎡,板塔结合,东,钢混结构,精装,四梯二十七户,集中供暖,有,70年,null,null,null,2017-08-06,商品房,2010-08-09,普通住宅,满五年,非共有,无抵押,已上传房本照片,0,null
东城,广渠门,59,38,1320,99751元/平米,金世纪嘉园,3室1厅1厨1卫,顶层 (共18层),132.33㎡,暂无数据,109.22㎡,塔楼,南,钢混结构,简装,两梯十户,集中供暖,有,70年,null,null,null,2017-05-13,私产,2008-11-21,普通住宅,满五年,共有,无抵押,已上传房本照片,1,null
东城,广渠门,18,1,596,94935元/平米,金桥国际,1室1厅1厨1卫,中楼层 (共19层),62.78㎡,暂无数据,47.21㎡,塔楼,东,钢混结构,精装,两梯十六户,集中供暖,有,70年,null,null,null,2017-08-26,私产,2006-03-31,普通住宅,满五年,非共有,无抵押,已上传房本照片,0,null
东城,广渠门,276,37,2050,101260元/平米,北京上舍,4室2厅1厨3卫,中楼层 (共14层),202.45㎡,平层,167.45㎡,板楼,南 北,钢混结构,精装,一梯三户,集中供暖,有,70年,null,null,null,2016-07-28,商品房,2010-07-12,普通住宅,满五年,非共有,有抵押,已上传房本照片,0,null
东城,广渠门,42,30,760,116066元/平米,幸福家园二期,2室1厅1厨1卫,高楼层 (共13层),65.48㎡,平层,50.89㎡,板塔结合,北,钢混结构,精装,一梯四户,集中供暖,有,70年,null,null,null,2017-07-23,商品房,2012-06-29,普通住宅,满五年,非共有,暂无数据,已上传房本照片,9,null
东城,广渠门,82,91,1520,108812元/平米,幸福家园一期,3室2厅1厨2卫,低楼层 (共12层),139.69㎡,暂无数据,114.75㎡,板塔结合,南 北,钢混结构,精装,一梯两户,集中供暖,有,70年,null,null,null,2017-07-21,商品房,2017-02-13,普通住宅,暂无数据,非共有,无抵押,已上传房本照片,9,null
东城,广渠门,47,43,950,110324元/平米,保利蔷薇,2室1厅1厨1卫,低楼层 (共16层),86.11㎡,暂无数据,46.07㎡,板塔结合,东南 北,钢混结构,精装,两梯九户,集中供暖,有,70年,null,null,null,2017-04-07,商品房,2009-08-19,普通住宅,满五年,非共有,无抵押,已上传房本照片,1,null
东城,广渠门,173,233,1380,103713元/平米,北京上舍,3室2厅1厨1卫,高楼层 (共15层),133.06㎡,平层,102.48㎡,塔楼,西南,钢混结构,精装,两梯十户,集中供暖,有,70年,null,null,null,2017-03-22,商品房,2010-06-09,普通住宅,满五年,非共有,无抵押,已上传房本照片,4,null
东城,广渠门,59,87,1060,103374元/平米,水上华城,2室1厅1厨2卫,低楼层 (共23层),102.54㎡,暂无数据,82.65㎡,板塔结合,东北,钢混结构,精装,三梯九户,集中供暖,有,70年,null,null,null,2017-05-21,私产,2006-05-22,普通住宅,满五年,非共有,无抵押,已上传房本照片,8,null
东城,广渠门,23,2,1900,109403元/平米,冠城名敦道,3室2厅1厨2卫,低楼层 (共27层),173.67㎡,暂无数据,133.97㎡,板楼,南 北,钢混结构,精装,两梯两户,集中供暖,有,70年,null,null,null,2017-08-11,商品房,2010-06-11,普通住宅,满五年,非共有,有抵押 200万元 农业 客户偿还,已上传房本照片,0,null
东城,广渠门,62,8,1100,87979元/平米,幸福南里,3室2厅1厨1卫,顶层 (共4层),125.03㎡,暂无数据,91.34㎡,板楼,南 北,混合结构,精装,一梯两户,集中供暖,无,70年,null,null,null,2017-06-17,已购公房,2003-03-04,普通住宅,满五年,非共有,无抵押,已上传房本照片,0,null
东城,广渠门,13,1,513,94284元/平米,金桥国际,1室1厅1厨1卫,低楼层 (共21层),54.41㎡,平层,40.92㎡,塔楼,北,钢混结构,精装,两梯十六户,集中供暖,有,70年,null,null,null,2017-09-03,私产,2006-04-25,普通住宅,满五年,非共有,无抵押,已上传房本照片,1,null
东城,广渠门,27,6,1220,110238元/平米,水上华城,2室2厅1厨1卫,高楼层 (共23层),110.67㎡,暂无数据,87.44㎡,板塔结合,南 北,钢混结构,其他,两梯两户,集中供暖,有,70年,null,null,null,2017-09-02,私产,2008-05-16,普通住宅,满五年,非共有,暂无数据,已上传房本照片,4,null
东城,广渠门,27,35,630,99479元/平米,金世纪嘉园,1室1厅1厨1卫,高楼层 (共21层),63.33㎡,平层,50.01㎡,塔楼,西南,钢混结构,精装,三梯十三户,集中供暖,有,70年,null,null,null,2016-07-10,二类经济适用房,2011-12-14,普通住宅,满五年,非共有,暂无数据,已上传房本照片,1,null
东城,广渠门,61,37,550,92968元/平米,远洋德邑,1室1厅1厨1卫,高楼层 (共13层),59.16㎡,暂无数据,47.96㎡,板塔结合,东 西,钢混结构,其他,一梯四户,集中供暖,有,70年,null,null,null,2017-05-08,商品房,2016-11-21,普通住宅,暂无数据,非共有,暂无数据,已上传房本照片,5,null
东城,广渠门,83,60,750,104661元/平米,培新街乙5号院,2室1厅1厨1卫,中楼层 (共16层),71.66㎡,平层,暂无数据,板塔结合,东 南 西,钢混结构,简装,三梯三户,集中供暖,有,70年,null,null,null,2017-05-03,已购公房,2002-08-16,普通住宅,满五年,非共有,无抵押,已上传房本照片,7,null
东城,广渠门,37,24,650,98874元/平米,夕照寺西里,3室1厅1厨1卫,中楼层 (共6层),65.74㎡,暂无数据,暂无数据,板楼,东 南 北,混合结构,其他,一梯三户,集中供暖,无,70年,null,null,null,2017-07-21,私产,2008-12-22,普通住宅,满五年,非共有,暂无数据,已上传房本照片,3,null
东城,广渠门,20,14,920,82143元/平米,金世纪嘉园,2室1厅1厨1卫,中楼层 (共21层),112㎡,平层,91.66㎡,塔楼,东南,钢混结构,简装,三梯十户,集中供暖,有,70年,null,null,null,2017-08-29,私产,2006-07-25,普通住宅,满五年,非共有,无抵押,已上传房本照片,7,距离7号线广渠门内站928米
东城,广渠门,69,80,640,99984元/平米,金世纪嘉园,1室1厅1厨1卫,高楼层 (共21层),64.01㎡,平层,51.7㎡,塔楼,西,钢混结构,简装,四梯十六户,集中供暖,有,70年,null,null,null,2017-02-15,私产,2008-09-11,普通住宅,满五年,非共有,暂无数据,已上传房本照片,1,null
东城,广渠门,275,42,550,89957元/平米,广渠家园,2室1厅1厨1卫,高楼层 (共29层),61.14㎡,平层,48.88㎡,板塔结合,西北,钢混结构,精装,三梯十二户,集中供暖,有,70年,null,null,null,2017-02-08,商品房,2011-04-18,普通住宅,满五年,非共有,无抵押,已上传房本照片,0,null
东城,广渠门,4,0,930,103853元/平米,幸福家园二期,2室1厅1厨1卫,中楼层 (共18层),89.55㎡,暂无数据,71.29㎡,板楼,北,钢混结构,其他,两梯六户,集中供暖,有,70年,null,null,null,2017-09-03,私产,2005-05-20,普通住宅,满五年,非共有,暂无数据,已上传房本照片,0,null
东城,广渠门,25,2,1200,85769元/平米,丽水湾畔家园,3室1厅1厨2卫,低楼层 (共21层),139.91㎡,暂无数据,暂无数据,塔楼,南 北,钢混结构,简装,两梯八户,集中供暖,有,70年,null,null,null,2017-07-25,私产,2005-03-27,普通住宅,满五年,非共有,无抵押,已上传房本照片,0,null
东城,广渠门,46,21,650,91356元/平米,广渠家园,2室2厅1厨1卫,低楼层 (共29层),71.15㎡,暂无数据,56.89㎡,板塔结合,西,钢混结构,其他,三梯十二户,集中供暖,有,70年,null,null,null,2017-07-30,商品房,2015-02-03,普通住宅,满两年,非共有,暂无数据,已上传房本照片,5,null
东城,广渠门,104,108,510,125092元/平米,保利蔷薇,1室1厅1厨1卫,低楼层 (共16层),40.77㎡,暂无数据,31.77㎡,板塔结合,西 北,钢混结构,精装,两梯九户,集中供暖,有,70年,null,null,null,2017-05-21,商品房,2009-07-13,普通住宅,满五年,非共有,无抵押,已上传房本照片,1,null
东城,广渠门,11,0,650,103652元/平米,绿景苑,1室1厅1厨1卫,低楼层 (共18层),62.71㎡,暂无数据,50.14㎡,塔楼,西,钢混结构,精装,三梯十二户,集中供暖,有,70年,null,null,null,2017-08-24,私产,2007-01-11,普通住宅,满五年,非共有,有抵押 4.6万元 中国工商银行 业主自还,已上传房本照片,0,null
东城,广渠门,27,8,950,102514元/平米,保利蔷薇,2室1厅1厨1卫,中楼层 (共16层),92.67㎡,暂无数据,74.24㎡,板塔结合,西,钢混结构,其他,两梯八户,集中供暖,有,70年,null,null,null,2017-08-15,商品房,2010-08-20,普通住宅,满五年,非共有,暂无数据,已上传房本照片,3,null
东城,广渠门,58,17,1600,122746元/平米,幸福家园三期,3室1厅1厨2卫,高楼层 (共18层),130.35㎡,暂无数据,103.26㎡,塔楼,南 北,钢混结构,精装,两梯六户,集中供暖,有,70年,null,null,null,2017-05-21,私产,2006-03-17,普通住宅,满五年,非共有,有抵押 100万元 建设 业主自还,已上传房本照片,1,null
东城,广渠门,10,3,660,99698元/平米,远洋德邑,1室1厅1厨1卫,低楼层 (共13层),66.2㎡,暂无数据,53.67㎡,板塔结合,西,钢混结构,其他,两梯九户,集中供暖,有,70年,null,null,null,2017-09-06,商品房,2009-12-09,普通住宅,满五年,非共有,暂无数据,已上传房本照片,3,null
东城,广渠门,29,29,740,104950元/平米,绿景馨园,2室1厅1厨1卫,中楼层 (共6层),70.51㎡,平层,63.22㎡,板楼,南 北,钢混结构,其他,一梯四户,自供暖,无,70年,null,null,null,2017-07-07,一类经济适用房,2005-04-15,普通住宅,满五年,非共有,暂无数据,已上传房本照片,5,null
东城,广渠门,54,46,650,94162元/平米,培新街乙5号院,2室1厅1厨1卫,中楼层 (共16层),69.03㎡,暂无数据,暂无数据,板塔结合,东 西 北,钢混结构,其他,三梯三户,集中供暖,有,70年,null,null,null,2017-07-21,已购公房,2002-08-16,普通住宅,满五年,非共有,暂无数据,已上传房本照片,0,null
东城,广渠门,145,49,470,99492元/平米,光明西里,2室1厅1厨1卫,中楼层 (共5层),47.24㎡,平层,暂无数据,板楼,东 西,混合结构,简装,一梯三户,自供暖,无,70年,null,null,null,2017-04-01,商品房,2011-09-28,普通住宅,满五年,非共有,无抵押,已上传房本照片,2,null
东城,广渠门,51,13,616,99903元/平米,板厂新里,2室1厅1厨1卫,高楼层 (共18层),61.66㎡,平层,43.19㎡,塔楼,东 北,混合结构,精装,一梯八户,集中供暖,暂无数据,70年,null,null,null,2017-04-05,已购公房,2001-01-21,普通住宅,满五年,非共有,无抵押,已上传房本照片,0,null
东城,广渠门,11,16,670,78935元/平米,冠城名敦道,1室1厅1厨1卫,中楼层 (共23层),84.88㎡,暂无数据,63.91㎡,塔楼,南 西南,钢混结构,精装,四梯十三户,集中供暖,有,70年,null,null,null,2017-07-07,商品房,2012-05-17,普通住宅,满五年,非共有,无抵押,已上传房本照片,3,null
东城,广渠门,62,24,740,94933元/平米,金世纪嘉园,1室1厅1厨1卫,中楼层 (共21层),77.95㎡,暂无数据,62.96㎡,塔楼,西南,钢混结构,精装,四梯十六户,集中供暖,有,70年,null,null,null,2017-03-27,商品房,2008-09-03,普通住宅,满五年,非共有,有抵押 客户偿还,已上传房本照片,0,null
东城,广渠门,118,24,800,106411元/平米,水上华城,2室1厅1厨1卫,高楼层 (共22层),75.18㎡,平层,58.81㎡,板塔结合,东,钢混结构,精装,两梯六户,集中供暖,有,70年,null,null,null,2017-03-06,商品房,2011-12-07,普通住宅,满五年,非共有,无抵押,已上传房本照片,1,null
东城,广渠门,7,4,650,101278元/平米,广渠门内大街,2室1厅1厨1卫,低楼层 (共13层),64.18㎡,暂无数据,45.3㎡,板塔结合,南 北,钢混结构,精装,两梯六户,集中供暖,有,70年,null,null,null,2017-08-23,已购公房,2012-03-12,普通住宅,满五年,非共有,无抵押,已上传房本照片,2,null
东城,广渠门,109,68,1210,110210元/平米,幸福家园一期,2室1厅1厨2卫,低楼层 (共18层),109.79㎡,平层,暂无数据,塔楼,南 北,钢混结构,精装,两梯六户,集中供暖,有,70年,null,null,null,2017-04-05,商品房,2005-12-30,普通住宅,满五年,非共有,无抵押,已上传房本照片,1,null
东城,广渠门,17,9,580,91555元/平米,金桥国际,1室1厅1厨1卫,低楼层 (共27层),63.35㎡,平层,47.64㎡,塔楼,东,钢混结构,精装,四梯十六户,集中供暖,有,70年,null,null,null,2017-08-10,商品房,2016-01-19,普通住宅,暂无数据,非共有,无抵押,已上传房本照片,6,null
东城,广渠门,105,10,765,89968元/平米,冠城名敦道,2室1厅1厨1卫,低楼层 (共23层),85.03㎡,平层,59.93㎡,塔楼,西 北,钢混结构,简装,七梯二十三户,集中供暖,有,70年,null,null,null,2017-06-25,商品房,2011-04-11,普通住宅,满五年,非共有,无抵押,已上传房本照片,2,null
东城,广渠门,137,33,950,107722元/平米,幸福家园一期,2室1厅1厨1卫,高楼层 (共18层),88.19㎡,暂无数据,70.67㎡,塔楼,北,钢混结构,简装,两梯六户,集中供暖,有,70年,null,null,null,2016-06-05,商品房,2010-10-18,普通住宅,满五年,非共有,无抵押,已上传房本照片,0,null
东城,广渠门,106,91,438,75013元/平米,冠城名敦道,1室0厅0厨0卫,中楼层 (共23层),58.39㎡,暂无数据,42.86㎡,塔楼,南,钢混结构,精装,四梯十三户,集中供暖,有,70年,null,null,null,2017-03-23,商品房,2010-11-15,普通住宅,满五年,非共有,无抵押,已上传房本照片,15,null
东城,广渠门,301,156,950,116222元/平米,保利蔷薇,2室1厅1厨1卫,高楼层 (共16层),81.74㎡,平层,63.7㎡,板塔结合,南 东北,钢混结构,精装,两梯九户,集中供暖,有,70年,null,null,null,2017-02-18,商品房,2009-12-10,普通住宅,满五年,非共有,无抵押,已上传房本照片,1,null
东城,广渠门,36,68,730,101488元/平米,水上华城,1室1厅1厨1卫,中楼层 (共22层),71.93㎡,暂无数据,56.27㎡,板塔结合,西,钢混结构,简装,两梯六户,集中供暖,有,70年,null,null,null,2017-07-25,商品房,2014-07-02,普通住宅,满两年,非共有,无抵押,已上传房本照片,8,null
东城,广渠门,48,24,1350,103599元/平米,天利园,3室1厅1厨1卫,中楼层 (共16层),130.31㎡,暂无数据,108.12㎡,板楼,东南,钢混结构,精装,一梯六户,集中供暖,有,70年,null,null,null,2017-02-27,二类经济适用房,2014-07-07,普通住宅,满两年,非共有,无抵押,已上传房本照片,1,null
东城,广渠门,154,52,720,84467元/平米,广渠家园,3室1厅1厨1卫,高楼层 (共28层),85.24㎡,暂无数据,67.43㎡,塔楼,西北,钢混结构,简装,三梯十户,集中供暖,有,70年,null,null,null,2017-07-19,商品房,2017-07-05,普通住宅,暂无数据,非共有,无抵押,已上传房本照片,7,null
东城,广渠门,67,7,770,102927元/平米,安化北里,2室1厅1厨1卫,顶层 (共17层),74.81㎡,暂无数据,暂无数据,塔楼,西南,混合结构,精装,两梯四户,集中供暖,有,70年,null,null,null,2017-05-21,商品房,2012-07-06,普通住宅,满五年,非共有,无抵押,已上传房本照片,0,null
东城,广渠门,53,75,1500,96228元/平米,绿景苑,3室2厅1厨2卫,低楼层 (共14层),155.88㎡,暂无数据,126.92㎡,板楼,南 西 北,钢混结构,简装,一梯两户,集中供暖,有,70年,null,null,null,2017-05-21,商品房,2017-05-11,普通住宅,暂无数据,非共有,无抵押,已上传房本照片,5,null
东城,广渠门,14,12,1000,90131元/平米,远洋德邑,2室1厅1厨1卫,中楼层 (共22层),110.95㎡,暂无数据,87.74㎡,塔楼,东 北,钢混结构,其他,三梯十二户,集中供暖,有,70年,null,null,null,2017-07-10,商品房,2013-12-24,普通住宅,满两年,共有,暂无数据,已上传房本照片,8,距离7号线广渠门外站935米
东城,广渠门,36,9,620,97255元/平米,广渠家园,2室1厅1厨1卫,高楼层 (共18层),63.75㎡,暂无数据,49.79㎡,板楼,东 西,钢混结构,其他,一梯三户,集中供暖,有,70年,null,null,null,2017-08-21,二类经济适用房,2013-08-23,普通住宅,满两年,非共有,暂无数据,已上传房本照片,2,null
东城,广渠门,16,14,715,107406元/平米,水上华城,1室1厅1厨1卫,中楼层 (共20层),66.57㎡,暂无数据,53.65㎡,板塔结合,南 西,钢混结构,精装,两梯八户,集中供暖,有,70年,null,null,null,2017-08-16,商品房,2012-10-25,普通住宅,满两年,非共有,有抵押,已上传房本照片,5,null
东城,广渠门,38,9,470,94567元/平米,南水关,2室1厅1厨1卫,中楼层 (共5层),49.7㎡,暂无数据,34.9㎡,板楼,南,混合结构,其他,一梯三户,集中供暖,无,70年,null,null,null,2017-08-16,已购公房,2000-09-27,普通住宅,满五年,非共有,暂无数据,已上传房本照片,2,null
东城,广渠门,13,1,770,96892元/平米,广渠门内大街,3室1厅1厨1卫,中楼层 (共14层),79.47㎡,暂无数据,56.7㎡,板塔结合,西南,混合结构,简装,一梯七户,集中供暖,有,70年,null,null,null,2017-09-02,已购公房,2002-04-11,普通住宅,满五年,非共有,无抵押,已上传房本照片,1,null
东城,广渠门,61,2,650,101674元/平米,广渠门内大街,2室1厅1厨1卫,低楼层 (共13层),63.93㎡,暂无数据,45.11㎡,板塔结合,南,钢混结构,精装,两梯六户,集中供暖,有,70年,null,null,null,2017-06-17,商品房,2011-12-31,普通住宅,满五年,非共有,有抵押 60万元,已上传房本照片,0,null
东城,广渠门,5,10,600,105005元/平米,北京上舍,1室0厅1厨1卫,中楼层 (共15层),57.14㎡,暂无数据,44.01㎡,塔楼,北,钢混结构,精装,两梯十户,集中供暖,有,70年,null,null,null,2017-07-01,商品房,2010-07-02,普通住宅,满五年,非共有,无抵押,已上传房本照片,2,null
东城,广渠门,59,6,1109,99955元/平米,远洋德邑,2室1厅1厨1卫,高楼层 (共22层),110.95㎡,暂无数据,87.74㎡,塔楼,西北,钢混结构,精装,三梯十二户,集中供暖,有,70年,null,null,null,2017-05-05,私产,2005-01-12,普通住宅,满五年,共有,无抵押,已上传房本照片,0,null
东城,广渠门,92,23,680,99096元/平米,安化北里,2室1厅1厨1卫,低楼层 (共17层),68.62㎡,平层,暂无数据,塔楼,东南,混合结构,精装,两梯八户,集中供暖,有,70年,null,null,null,2017-04-08,已购公房,2004-04-19,普通住宅,满五年,非共有,无抵押,已上传房本照片,2,null
东城,广渠门,18,12,1450,117191元/平米,幸福家园三期,3室1厅1厨2卫,高楼层 (共12层),123.73㎡,暂无数据,98.99㎡,板塔结合,东 西,钢混结构,精装,一梯三户,集中供暖,有,70年,null,null,null,2017-08-27,商品房,2017-07-19,普通住宅,暂无数据,非共有,无抵押,已上传房本照片,4,null
东城,广渠门,12,11,493,109996元/平米,东方财富,1室0厅1厨1卫,低楼层 (共15层),44.82㎡,平层,33.64㎡,板塔结合,西,钢混结构,其他,四梯二十七户,集中供暖,有,70年,null,null,null,2017-08-12,私产,2007-10-11,普通住宅,满五年,非共有,暂无数据,已上传房本照片,1,null
东城,广渠门,47,5,550,80657元/平米,冠城名敦道,1室0厅1厨1卫,低楼层 (共23层),68.19㎡,平层,48.06㎡,塔楼,东,钢混结构,精装,七梯二十三户,集中供暖,有,70年,null,null,null,2017-06-11,商品房,2011-04-11,普通住宅,满五年,非共有,有抵押 50万元 农业银行 客户偿还,已上传房本照片,0,null
东城,广渠门,65,8,470,91672元/平米,广渠家园,1室1厅1厨1卫,高楼层 (共29层),51.27㎡,暂无数据,40.99㎡,板塔结合,西,钢混结构,精装,三梯十二户,集中供暖,有,70年,null,null,null,2017-07-24,二类经济适用房,2011-03-24,普通住宅,满五年,非共有,无抵押,已上传房本照片,2,null
东城,广渠门,28,5,870,108546元/平米,板厂新里,3室1厅1厨1卫,中楼层 (共18层),80.15㎡,暂无数据,暂无数据,塔楼,西北,混合结构,精装,一梯八户,集中供暖,暂无数据,70年,null,null,null,2017-05-13,商品房,2010-06-28,普通住宅,满五年,非共有,无抵押,已上传房本照片,0,null
东城,广渠门,26,6,640,100000元/平米,绿景苑,1室1厅1厨1卫,高楼层 (共18层),64㎡,平层,51.17㎡,塔楼,东,钢混结构,精装,三梯十二户,集中供暖,有,70年,null,null,null,2017-08-07,已购公房,2002-07-25,普通住宅,满五年,非共有,无抵押,已上传房本照片,3,null
东城,广渠门,137,77,850,85660元/平米,东环居苑,2室2厅1厨1卫,低楼层 (共18层),99.23㎡,平层,80.43㎡,塔楼,东南,钢混结构,精装,两梯九户,集中供暖,有,70年,null,null,null,2017-03-03,商品房,2006-06-13,普通住宅,满五年,非共有,无抵押,已上传房本照片,2,null
东城,广渠门,176,40,620,98710元/平米,广渠门内大街,2室1厅1厨1卫,中楼层 (共14层),62.81㎡,平层,暂无数据,板塔结合,南,混合结构,精装,一梯七户,集中供暖,有,70年,null,null,null,2017-02-25,商品房,2004-01-09,普通住宅,满五年,非共有,无抵押,已上传房本照片,2,null
东城,广渠门,54,57,440,99955元/平米,夕照寺西里,2室1厅1厨1卫,中楼层 (共5层),44.02㎡,平层,30.82㎡,板楼,南,混合结构,简装,一梯三户,集中供暖,无,70年,null,null,null,2017-04-22,商品房,2014-10-29,普通住宅,满两年,共有,无抵押,已上传房本照片,4,null
东城,广渠门,21,10,680,108678元/平米,保利蔷薇,1室1厅1厨1卫,底层 (共16层),62.57㎡,暂无数据,48.76㎡,板塔结合,东 西,钢混结构,精装,两梯三户,集中供暖,有,70年,null,null,null,2017-07-22,商品房,2009-09-28,普通住宅,满五年,非共有,无抵押,已上传房本照片,4,null
东城,广渠门,68,19,700,77666元/平米,广渠门外南街,3室1厅1厨1卫,低楼层 (共12层),90.13㎡,暂无数据,暂无数据,板塔结合,西南,混合结构,简装,两梯十八户,集中供暖,有,70年,null,null,null,2017-08-12,已购公房,2015-11-11,普通住宅,暂无数据,非共有,无抵押,已上传房本照片,4,null
东城,广渠门,44,13,545,106570元/平米,板厂南里,2室1厅1厨1卫,顶层 (共5层),51.14㎡,平层,45㎡,板楼,东 西,混合结构,简装,一梯三户,集中供暖,无,70年,null,null,null,2017-06-01,私产,2007-06-11,普通住宅,满五年,非共有,无抵押,已上传房本照片,2,null
东城,广渠门,29,12,830,104324元/平米,水上华城,1室1厅1厨1卫,高楼层 (共23层),79.56㎡,暂无数据,62.86㎡,板塔结合,西,钢混结构,精装,两梯五户,集中供暖,有,70年,null,null,null,2017-07-22,私产,2008-12-23,普通住宅,满五年,非共有,有抵押 100万元 招商银行 客户偿还,已上传房本照片,0,null
东城,广渠门,13,0,1477,95002元/平米,金世纪嘉园,3室2厅1厨2卫,低楼层 (共21层),155.47㎡,暂无数据,127.24㎡,塔楼,西南,钢混结构,毛坯,三梯十户,集中供暖,有,70年,null,null,null,2017-07-08,商品房,2010-05-17,普通住宅,满五年,非共有,有抵押 40万元 工商银行 业主自还,已上传房本照片,0,null
东城,广渠门,51,20,660,92385元/平米,金桥国际,1室1厅1厨1卫,中楼层 (共21层),71.44㎡,平层,53.73㎡,塔楼,北,钢混结构,精装,两梯十六户,集中供暖,有,70年,null,null,null,2016-12-09,商品房,2010-11-15,普通住宅,满五年,非共有,无抵押,已上传房本照片,0,null
东城,广渠门,26,13,650,95701元/平米,光明楼,3室1厅1厨1卫,中楼层 (共4层),67.92㎡,暂无数据,暂无数据,板楼,南 北,混合结构,其他,一梯两户,集中供暖,无,70年,null,null,null,2017-07-19,已购公房,2012-05-03,普通住宅,满五年,非共有,暂无数据,已上传房本照片,3,null
东城,广渠门,37,7,1600,97782元/平米,绿景苑,4室2厅1厨2卫,中楼层 (共14层),163.63㎡,暂无数据,暂无数据,板楼,东 南 北,钢混结构,简装,一梯两户,集中供暖,有,70年,null,null,null,2017-07-27,商品房,2009-05-18,普通住宅,满五年,非共有,暂无数据,已上传房本照片,4,null
东城,广渠门,19,17,685,99825元/平米,金世纪嘉园,1室1厅1厨1卫,中楼层 (共21层),68.62㎡,暂无数据,56.16㎡,塔楼,西北,钢混结构,其他,三梯十户,集中供暖,有,70年,null,null,null,2017-08-05,私产,2007-08-16,普通住宅,满五年,非共有,暂无数据,已上传房本照片,0,null
东城,广渠门,16,11,820,77300元/平米,领行国际,2室1厅1厨1卫,中楼层 (共21层),106.08㎡,暂无数据,84.58㎡,板塔结合,东,钢混结构,精装,三梯八户,集中供暖,有,70年,null,null,null,2017-07-28,商品房,2014-09-04,公寓,满两年,非共有,无抵押,已上传房本照片,2,null
东城,广渠门,11,2,815,102554元/平米,广渠门内大街,3室1厅1厨1卫,中楼层 (共14层),79.47㎡,暂无数据,暂无数据,板塔结合,西南,混合结构,精装,一梯七户,集中供暖,有,70年,null,null,null,2017-08-19,商品房,2015-07-22,普通住宅,满两年,非共有,无抵押,已上传房本照片,1,null
东城,广渠门,39,1,620,91365元/平米,广渠家园,2室1厅1厨1卫,中楼层 (共28层),67.86㎡,平层,53.68㎡,塔楼,西,钢混结构,简装,三梯十户,集中供暖,有,70年,null,null,null,2017-08-13,商品房,2010-12-13,普通住宅,满五年,非共有,无抵押,已上传房本照片,0,null
东城,广渠门,8,1,750,106640元/平米,幸福家园三期,1室1厅1厨1卫,中楼层 (共8层),70.33㎡,暂无数据,56.35㎡,板塔结合,西,钢混结构,精装,一梯四户,集中供暖,有,70年,null,null,null,2017-08-11,私产,2005-12-09,普通住宅,满五年,非共有,无抵押,已上传房本照片,0,距离7号线广渠门内站281米
东城,广渠门,22,0,750,114943元/平米,幸福家园二期,2室1厅1厨1卫,中楼层 (共13层),65.25㎡,暂无数据,50.71㎡,板塔结合,北,钢混结构,精装,一梯四户,集中供暖,有,70年,null,null,null,2017-08-22,商品房,2013-03-05,普通住宅,满两年,非共有,有抵押 60万元 建设银行 业主自还,已上传房本照片,0,null
东城,广渠门,18,2,730,91766元/平米,广渠家园,3室1厅1厨1卫,高楼层 (共29层),79.55㎡,暂无数据,63.6㎡,板塔结合,东南,钢混结构,精装,三梯十二户,集中供暖,有,70年,null,null,null,2017-08-20,二类经济适用房,2011-08-17,普通住宅,满五年,非共有,无抵押,已上传房本照片,2,null
东城,广渠门,41,6,800,101138元/平米,绿景馨园,2室1厅1厨1卫,底层 (共6层),79.1㎡,暂无数据,70.93㎡,板楼,南 北,钢混结构,简装,一梯三户,自供暖,无,70年,null,null,null,2017-04-06,一类经济适用房,2007-02-07,普通住宅,满五年,非共有,无抵押,已上传房本照片,1,null
东城,广渠门,14,11,555,99231元/平米,光明楼,2室1厅1厨1卫,顶层 (共4层),55.93㎡,暂无数据,38.8㎡,板楼,南 北,混合结构,简装,一梯三户,集中供暖,无,70年,null,null,null,2017-07-16,商品房,2014-02-24,普通住宅,满两年,共有,无抵押,已上传房本照片,2,null
东城,广渠门,32,2,1200,102978元/平米,光明楼,3室1厅1厨2卫,顶层 (共6层),116.53㎡,暂无数据,104.68㎡,板楼,南 北,混合结构,其他,一梯两户,集中供暖,无,70年,null,null,null,2017-08-02,私产,2002-07-01,普通住宅,满五年,非共有,暂无数据,已上传房本照片,0,null
东城,广渠门,92,46,638,84874元/平米,金桥国际,1室1厅1厨1卫,低楼层 (共27层),75.17㎡,平层,56.53㎡,塔楼,西,钢混结构,精装,四梯十六户,集中供暖,有,70年,null,null,null,2017-03-19,商品房,2009-11-12,普通住宅,满五年,非共有,无抵押,已上传房本照片,0,null
东城,广渠门,15,1,520,76258元/平米,冠城名敦道,1室1厅1厨1卫,中楼层 (共23层),68.19㎡,平层,48.06㎡,塔楼,东,钢混结构,其他,七梯二十三户,集中供暖,有,70年,null,null,null,2017-08-28,商品房,2012-03-21,普通住宅,满五年,非共有,暂无数据,已上传房本照片,0,null
东城,广渠门,19,4,635,103572元/平米,光明西里,2室1厅1厨1卫,低楼层 (共6层),61.31㎡,暂无数据,56.4㎡,板楼,南,砖混结构,简装,一梯三户,集中供暖,无,70年,null,null,null,2017-08-08,商品房,2009-02-24,普通住宅,满五年,非共有,无抵押,已上传房本照片,2,null
东城,广渠门,22,4,606,94999元/平米,金桥国际,1室1厅1厨1卫,中楼层 (共21层),63.79㎡,暂无数据,47.97㎡,塔楼,北,钢混结构,精装,两梯十六户,集中供暖,有,70年,null,null,null,2017-03-15,私产,2006-03-06,普通住宅,满五年,非共有,无抵押,已上传房本照片,0,null
东城,广渠门,27,2,650,99877元/平米,东环居苑,1室1厅1厨1卫,中楼层 (共22层),65.08㎡,暂无数据,52.2㎡,塔楼,东南,钢混结构,精装,三梯十一户,集中供暖,有,70年,null,null,null,2017-07-09,私产,2006-06-13,普通住宅,满五年,非共有,无抵押,已上传房本照片,0,null
东城,广渠门,22,8,980,105558元/平米,天利园,2室1厅1厨1卫,中楼层 (共16层),92.84㎡,暂无数据,77.03㎡,板楼,南 北,钢混结构,精装,一梯六户,集中供暖,有,70年,null,null,null,2017-05-26,一类经济适用房,2004-05-08,普通住宅,满五年,非共有,无抵押,已上传房本照片,0,null
东城,广渠门,52,27,695,102963元/平米,水上华城,1室1厅1厨1卫,中楼层 (共22层),67.5㎡,暂无数据,52.8㎡,板塔结合,西,钢混结构,精装,两梯六户,集中供暖,有,70年,null,null,null,2017-06-25,商品房,2012-11-16,普通住宅,满两年,非共有,无抵押,已上传房本照片,2,null
东城,广渠门,78,10,443,129456元/平米,绿景苑,1室1厅1厨1卫,中楼层 (共12层),34.22㎡,暂无数据,27.17㎡,板塔结合,南,钢混结构,精装,一梯九户,集中供暖,有,70年,null,null,null,2017-07-26,私产,2009-02-03,普通住宅,满五年,非共有,无抵押,已上传房本照片,0,null
东城,广渠门,25,4,1120,115894元/平米,培新街乙5号院,3室2厅1厨1卫,中楼层 (共19层),96.64㎡,暂无数据,64.23㎡,塔楼,东南,钢混结构,其他,三梯十户,集中供暖,有,70年,null,null,null,2017-09-03,已购公房,2016-09-08,普通住宅,暂无数据,非共有,无抵押,已上传房本照片,4,null
东城,广渠门,67,0,580,90895元/平米,广渠家园,2室1厅1厨1卫,中楼层 (共28层),63.81㎡,平层,暂无数据,塔楼,东 西,钢混结构,精装,三梯十户,集中供暖,有,70年,null,null,null,2017-06-10,二类经济适用房,2010-12-10,普通住宅,满五年,非共有,无抵押,已上传房本照片,0,null
东城,广渠门,14,0,753,99934元/平米,京城仁合,1室1厅1厨1卫,低楼层 (共16层),75.35㎡,平层,61.26㎡,板塔结合,东,钢混结构,精装,一梯三户,集中供暖,有,70年,null,null,null,2017-08-06,私产,2005-11-09,普通住宅,满五年,非共有,无抵押,已上传房本照片,0,null
东城,广渠门,7,0,629,85080元/平米,金桥国际,1室1厅1厨1卫,低楼层 (共27层),73.93㎡,暂无数据,55.6㎡,塔楼,西,钢混结构,简装,四梯十六户,集中供暖,有,70年,null,null,null,2017-08-29,私产,2006-03-31,普通住宅,满五年,非共有,无抵押,已上传房本照片,0,null
东城,广渠门,5,0,900,107630元/平米,水上华城,1室1厅1厨1卫,低楼层 (共24层),83.62㎡,平层,65.66㎡,板塔结合,北,钢混结构,其他,三梯七户,集中供暖,有,70年,null,null,null,2017-07-19,商品房,2010-07-12,普通住宅,满五年,非共有,暂无数据,已上传房本照片,0,null
东城,广渠门,9,0,606,99918元/平米,安化南里,1室1厅1厨1卫,底层 (共16层),60.65㎡,暂无数据,49.01㎡,塔楼,东 南,钢混结构,精装,四梯十八户,自供暖,有,70年,null,null,null,2017-09-02,商品房,2015-07-31,普通住宅,满两年,非共有,无抵押,已上传房本照片,0,null
东城,广渠门,30,15,500,73325元/平米,冠城名敦道,1室0厅1厨1卫,高楼层 (共23层),68.19㎡,平层,48.06㎡,塔楼,东,钢混结构,精装,七梯二十三户,集中供暖,有,70年,null,null,null,2017-07-24,商品房,2011-04-12,普通住宅,满五年,非共有,无抵押,已上传房本照片,4,null
东城,广渠门,33,8,599,84047元/平米,广渠家园,2室2厅1厨1卫,低楼层 (共29层),71.27㎡,平层,56.89㎡,板塔结合,东,钢混结构,其他,三梯十二户,集中供暖,有,70年,null,null,null,2017-05-07,二类经济适用房,2012-03-28,普通住宅,满五年,非共有,暂无数据,已上传房本照片,2,null
东城,广渠门,54,9,776,94970元/平米,金世纪嘉园,2室1厅1厨1卫,中楼层 (共21层),81.71㎡,暂无数据,64.52㎡,塔楼,东南,钢混结构,简装,三梯十三户,集中供暖,有,70年,null,null,null,2017-07-30,二类经济适用房,2011-12-14,普通住宅,满五年,非共有,无抵押,已上传房本照片,1,null
东城,广渠门,98,64,600,95117元/平米,北京上舍,1室0厅1厨1卫,低楼层 (共15层),63.08㎡,暂无数据,49.63㎡,板楼,西,钢混结构,精装,一梯五户,集中供暖,有,70年,null,null,null,2017-03-21,商品房,2010-06-10,普通住宅,满五年,非共有,无抵押,已上传房本照片,2,null
东城,广渠门,45,4,300,89955元/平米,光明楼,1室1厅1厨1卫,地下室 (共5层),33.35㎡,暂无数据,暂无数据,板楼,东,混合结构,简装,一梯三户,集中供暖,无,70年,null,null,null,2017-08-11,商品房,2013-01-31,普通住宅,满两年,共有,有抵押 50万元 客户偿还,已上传房本照片,1,null
东城,广渠门,17,8,505,65798元/平米,冠城名敦道,1室0厅0厨1卫,中楼层 (共23层),76.75㎡,暂无数据,57.7㎡,塔楼,东,钢混结构,简装,四梯十三户,集中供暖,有,70年,null,null,null,2017-09-02,商品房,2012-06-12,普通住宅,满五年,非共有,无抵押,已上传房本照片,6,null
东城,广渠门,89,23,849,94871元/平米,金桥国际,2室1厅1厨1卫,低楼层 (共19层),89.49㎡,平层,67.3㎡,塔楼,东,钢混结构,精装,两梯十六户,集中供暖,有,70年,null,null,null,2017-03-16,商品房,2015-05-04,普通住宅,满两年,共有,无抵押,已上传房本照片,0,null
东城,广渠门,16,2,2800,105259元/平米,水上华城,4室2厅1厨2卫,低楼层 (共23层),266.01㎡,暂无数据,219.66㎡,板塔结合,南 北,钢混结构,其他,两梯两户,集中供暖,有,70年,null,null,null,2017-08-15,商品房,2007-05-24,普通住宅,满五年,共有,有抵押 105万元 客户偿还,已上传房本照片,0,null
东城,广渠门,79,12,1250,112077元/平米,幸福家园二期,2室2厅1厨2卫,高楼层 (共18层),111.53㎡,暂无数据,88.79㎡,板楼,南 北,钢混结构,精装,两梯六户,集中供暖,有,70年,null,null,null,2017-05-16,私产,2008-05-21,普通住宅,满五年,非共有,有抵押 100万元 工行 客户偿还,已上传房本照片,3,null
东城,广渠门,7,2,493,109996元/平米,东方财富,1室0厅1厨1卫,高楼层 (共15层),44.82㎡,暂无数据,33.64㎡,板塔结合,西,钢混结构,精装,四梯二十七户,集中供暖,有,70年,null,null,null,2017-08-30,商品房,2011-03-17,普通住宅,满五年,非共有,无抵押,已上传房本照片,1,null
东城,广渠门,36,8,560,91818元/平米,冠城名敦道,1室1厅1厨1卫,中楼层 (共23层),60.99㎡,暂无数据,42.99㎡,塔楼,南,钢混结构,精装,七梯二十三户,集中供暖,有,70年,null,null,null,2017-07-19,商品房,2012-10-16,普通住宅,满两年,非共有,有抵押 40万元,已上传房本照片,0,距离7号线广渠门内站997米
东城,广渠门,25,7,730,104345元/平米,绿景馨园,2室1厅1厨1卫,底层 (共6层),69.96㎡,暂无数据,62.73㎡,板楼,南 北,钢混结构,精装,一梯四户,自供暖,无,70年,null,null,null,2017-07-28,一类经济适用房,2005-04-15,普通住宅,满五年,非共有,暂无数据,已上传房本照片,0,null
东城,广渠门,93,8,860,104968元/平米,绿景馨园,3室1厅1厨1卫,中楼层 (共6层),81.93㎡,暂无数据,73.59㎡,板楼,南 北,钢混结构,精装,一梯四户,自供暖,无,70年,null,null,null,2017-05-07,一类经济适用房,2005-04-12,普通住宅,满五年,非共有,有抵押 300万元 银行 客户偿还,已上传房本照片,0,null
东城,广渠门,80,75,919,109902元/平米,京城仁合,2室1厅1厨1卫,高楼层 (共16层),83.62㎡,暂无数据,66.75㎡,板塔结合,东北,钢混结构,简装,两梯四户,集中供暖,有,70年,null,null,null,2017-03-25,商品房,2005-09-05,普通住宅,满五年,非共有,无抵押,已上传房本照片,2,null
东城,广渠门,154,17,260,50378元/平米,自由季,2房间1卫,低楼层 (共10层),51.61㎡,暂无数据,40.03㎡,板塔结合,东 南 东北,钢混结构,简装,三梯二十户,集中供暖,有,50年,民水,民电,0元/m3,2017-07-27,商品房,2012-04-11,商业办公类,满五年,非共有,有抵押 17万元 北京银行 业主自还,已上传房本照片,2,null
东城,广渠门,45,5,1050,98796元/平米,远洋德邑,2室1厅1厨1卫,中楼层 (共14层),106.28㎡,暂无数据,87.52㎡,板塔结合,东,钢混结构,其他,一梯四户,集中供暖,有,70年,null,null,null,2017-07-27,私产,2004-08-02,普通住宅,满五年,非共有,暂无数据,已上传房本照片,2,null
东城,广渠门,32,3,750,109553元/平米,幸福家园三期,1室1厅1厨1卫,高楼层 (共15层),68.46㎡,平层,54.63㎡,板塔结合,西,钢混结构,精装,两梯六户,集中供暖,有,70年,null,null,null,2017-06-26,私产,2005-12-09,普通住宅,满五年,非共有,无抵押,已上传房本照片,0,null
东城,广渠门,26,4,1200,101833元/平米,京禧阁,2室1厅1厨2卫,中楼层 (共22层),117.84㎡,平层,96.66㎡,塔楼,西南,钢混结构,其他,四梯十户,集中供暖,有,70年,null,null,null,2017-06-30,商品房,2015-08-06,普通住宅,满两年,非共有,暂无数据,已上传房本照片,0,null
东城,广渠门,49,3,2780,99717元/平米,北京上舍,4室2厅1厨3卫,中楼层 (共6层),278.79㎡,暂无数据,250.4㎡,板楼,东 西,钢混结构,精装,一梯两户,集中供暖,无,70年,null,null,null,2017-02-08,商品房,2010-03-12,普通住宅,满五年,非共有,无抵押,已上传房本照片,1,null
东城,广渠门,26,3,700,118143元/平米,保利蔷薇,1室1厅1厨1卫,高楼层 (共16层),59.25㎡,暂无数据,47.66㎡,板塔结合,北,钢混结构,精装,三梯十一户,集中供暖,有,70年,null,null,null,2017-05-31,商品房,2009-04-14,普通住宅,满五年,非共有,无抵押,已上传房本照片,0,null
东城,广渠门,62,4,1970,109835元/平米,幸福家园一期,4室2厅1厨2卫,顶层 (共18层),179.36㎡,暂无数据,143.73㎡,塔楼,东南 北,钢混结构,简装,两梯六户,集中供暖,有,70年,null,null,null,2017-03-21,私产,2004-06-30,普通住宅,满五年,非共有,有抵押 客户偿还,已上传房本照片,0,null
东城,广渠门,119,72,698,99176元/平米,绿景馨园,2室1厅1厨1卫,中楼层 (共6层),70.38㎡,暂无数据,63.22㎡,板楼,南 北,钢混结构,精装,一梯四户,自供暖,无,70年,null,null,null,2017-07-08,一类经济适用房,2005-04-12,普通住宅,满五年,非共有,无抵押,已上传房本照片,0,null
东城,广渠门,83,15,1150,99309元/平米,板厂新里,3室2厅1厨1卫,底层 (共4层),115.8㎡,暂无数据,暂无数据,板楼,南 北,混合结构,精装,一梯两户,集中供暖,暂无数据,70年,null,null,null,2017-02-15,私产,2007-01-22,普通住宅,满五年,非共有,无抵押,已上传房本照片,0,null
东城,广渠门,29,27,720,118694元/平米,保利蔷薇,1室1厅1厨1卫,中楼层 (共16层),60.66㎡,暂无数据,48.8㎡,板塔结合,北,钢混结构,精装,三梯十一户,集中供暖,有,70年,null,null,null,2017-04-11,商品房,2015-11-03,普通住宅,暂无数据,非共有,无抵押,已上传房本照片,3,null
东城,广渠门,17,3,896,109777元/平米,水上华城,1室1厅1厨1卫,高楼层 (共23层),81.62㎡,暂无数据,64.76㎡,板塔结合,北,钢混结构,精装,三梯八户,集中供暖,有,70年,null,null,null,2017-08-11,商品房,2017-04-11,普通住宅,暂无数据,非共有,无抵押,已上传房本照片,3,null
东城,广渠门,66,31,984,75006元/平米,金世纪嘉园,3室1厅1厨1卫,底层 (共21层),131.19㎡,暂无数据,暂无数据,塔楼,东,钢混结构,其他,一梯六户,集中供暖,无,70年,null,null,null,2016-12-29,商品房,2010-03-10,普通住宅,满五年,非共有,暂无数据,已上传房本照片,0,null
东城,广渠门,80,30,620,116893元/平米,绿景苑,1室1厅1厨1卫,低楼层 (共18层),53.04㎡,平层,42.41㎡,塔楼,东,钢混结构,简装,三梯十二户,集中供暖,有,70年,null,null,null,2017-03-12,商品房,2010-10-20,普通住宅,满五年,非共有,无抵押,已上传房本照片,0,null
东城,广渠门,25,15,620,99919元/平米,南水关,2室1厅1厨1卫,中楼层 (共14层),62.05㎡,平层,43.9㎡,板楼,南 北,混合结构,简装,一梯七户,集中供暖,有,70年,null,null,null,2017-08-06,商品房,2017-04-14,普通住宅,暂无数据,共有,无抵押,已上传房本照片,2,null
东城,广渠门,47,7,2100,103729元/平米,北京上舍,4室2厅1厨3卫,中楼层 (共14层),202.45㎡,暂无数据,167.45㎡,板楼,南 北,钢混结构,精装,一梯三户,集中供暖,有,70年,null,null,null,2017-07-30,商品房,2010-07-12,普通住宅,满五年,非共有,有抵押 600万元 民生银行 客户偿还,已上传房本照片,1,null
东城,广渠门,58,5,850,94983元/平米,金桥国际,2室1厅1厨1卫,低楼层 (共27层),89.49㎡,平层,67.3㎡,塔楼,东,钢混结构,精装,四梯十六户,集中供暖,有,70年,null,null,null,2017-04-25,私产,2006-03-31,普通住宅,满五年,非共有,无抵押,已上传房本照片,0,null
东城,广渠门,20,5,560,108506元/平米,东方财富,2室1厅1厨1卫,低楼层 (共15层),51.61㎡,暂无数据,38.74㎡,板塔结合,北,钢混结构,精装,四梯二十七户,集中供暖,有,70年,null,null,null,2017-06-13,商品房,2014-01-02,普通住宅,满两年,非共有,无抵押,已上传房本照片,0,null
东城,广渠门,39,6,1060,101155元/平米,水上华城,2室2厅1厨1卫,中楼层 (共23层),104.79㎡,暂无数据,82.8㎡,板塔结合,东,钢混结构,精装,两梯七户,集中供暖,有,70年,null,null,null,2017-08-09,私产,2008-06-05,普通住宅,满五年,非共有,无抵押,已上传房本照片,4,null
东城,广渠门,63,63,730,104870元/平米,绿景苑,2室1厅1厨1卫,低楼层 (共14层),69.61㎡,暂无数据,57.39㎡,板塔结合,东,钢混结构,精装,三梯二十二户,集中供暖,有,70年,null,null,null,2017-04-10,商品房,2017-03-22,普通住宅,暂无数据,非共有,无抵押,已上传房本照片,1,null
东城,广渠门,57,170,750,108507元/平米,幸福家园三期,1室1厅1厨1卫,底层 (共8层),69.12㎡,暂无数据,55.38㎡,板塔结合,东,钢混结构,精装,一梯四户,集中供暖,有,70年,null,null,null,2017-04-14,商品房,2008-12-23,普通住宅,满五年,非共有,无抵押,已上传房本照片,2,null
东城,广渠门,26,14,540,99411元/平米,幸福北里,2室1厅1厨1卫,高楼层 (共6层),54.32㎡,暂无数据,暂无数据,板楼,南,混合结构,精装,一梯三户,集中供暖,无,70年,null,null,null,2017-07-23,已购公房,2017-03-27,普通住宅,暂无数据,非共有,无抵押,已上传房本照片,2,null
东城,广渠门,60,0,498,91527元/平米,金桥国际,1室1厅1厨1卫,中楼层 (共19层),54.41㎡,暂无数据,40.92㎡,塔楼,西,钢混结构,精装,两梯十六户,集中供暖,有,70年,null,null,null,2017-07-26,商品房,2015-03-04,普通住宅,满两年,非共有,有抵押 30万元 中国银行 客户偿还,已上传房本照片,0,null
东城,广渠门,15,0,600,94712元/平米,金桥国际,1室1厅1厨1卫,中楼层 (共21层),63.35㎡,平层,47.64㎡,塔楼,南,钢混结构,精装,两梯十六户,集中供暖,有,70年,null,null,null,2017-07-26,私产,2006-01-18,普通住宅,满五年,非共有,无抵押,已上传房本照片,0,null
东城,广渠门,24,0,612,92030元/平米,金桥国际,1室1厅1厨1卫,中楼层 (共27层),66.5㎡,平层,50.01㎡,塔楼,南,钢混结构,精装,四梯十六户,集中供暖,有,70年,null,null,null,2017-08-04,商品房,2015-08-18,普通住宅,满两年,非共有,无抵押,已上传房本照片,0,null
东城,广渠门,3,0,850,106131元/平米,广渠门内大街,2室1厅1厨1卫,顶层 (共13层),80.09㎡,暂无数据,54.9㎡,板塔结合,南 北,钢混结构,其他,两梯六户,集中供暖,有,70年,null,null,null,2017-08-02,商品房,2010-02-04,普通住宅,满五年,非共有,暂无数据,已上传房本照片,0,null
东城,广渠门,18,0,577,124811元/平米,绿景苑,1室1厅1厨1卫,低楼层 (共12层),46.23㎡,暂无数据,36.71㎡,板塔结合,南,钢混结构,精装,一梯九户,集中供暖,有,70年,null,null,null,2017-06-12,商品房,2013-05-24,普通住宅,满两年,非共有,无抵押,已上传房本照片,0,null
东城,广渠门,66,5,1500,103857元/平米,水上华城,3室2厅1厨2卫,中楼层 (共20层),144.43㎡,暂无数据,112.82㎡,板楼,东 西,钢混结构,精装,两梯两户,集中供暖,有,70年,null,null,null,2017-04-10,私产,2007-06-13,普通住宅,满五年,非共有,有抵押 150万元 客户偿还,已上传房本照片,1,距离7号线广渠门外站15米
东城,广渠门,55,10,1200,88895元/平米,金桥国际,2室2厅1厨2卫,高楼层 (共27层),134.99㎡,暂无数据,60.59㎡,塔楼,东,钢混结构,精装,四梯十四户,集中供暖,有,70年,null,null,null,2016-12-26,商品房,2016-08-10,普通住宅,暂无数据,非共有,无抵押,已上传房本照片,0,null
东城,广渠门,52,13,625,87695元/平米,广渠家园,2室2厅1厨1卫,中楼层 (共29层),71.27㎡,平层,56.89㎡,板塔结合,西,钢混结构,精装,三梯十二户,集中供暖,有,70年,null,null,null,2017-05-03,商品房,2015-09-24,普通住宅,暂无数据,非共有,无抵押,已上传房本照片,0,null
东城,广渠门,23,1,2200,103088元/平米,水上华城,3室2厅1厨2卫,中楼层 (共23层),213.41㎡,暂无数据,176.23㎡,板塔结合,南 北,钢混结构,精装,两梯两户,集中供暖,有,70年,null,null,null,2017-08-22,商品房,2010-02-23,普通住宅,满五年,非共有,有抵押 700万元 光大银行 客户偿还,已上传房本照片,1,null
东城,广渠门,14,3,1060,92463元/平米,培新街乙5号院,2室1厅1厨2卫,中楼层 (共16层),114.64㎡,跃层,70.44㎡,板塔结合,南 北,钢混结构,精装,三梯十二户,集中供暖,有,70年,null,null,null,2017-07-29,已购公房,2016-02-22,普通住宅,暂无数据,非共有,无抵押,已上传房本照片,2,null
东城,广渠门,33,5,980,87500元/平米,金世纪嘉园,2室1厅1厨2卫,低楼层 (共21层),112㎡,暂无数据,91.66㎡,塔楼,西南 北,钢混结构,精装,三梯十户,集中供暖,有,70年,null,null,null,2017-07-03,商品房,2015-10-08,普通住宅,暂无数据,非共有,有抵押 80万元 工商银行 客户偿还,已上传房本照片,1,null
东城,广渠门,83,11,1200,92421元/平米,金世纪嘉园,3室1厅1厨1卫,底层 (共21层),129.84㎡,暂无数据,106.26㎡,塔楼,东 南,钢混结构,简装,三梯十户,集中供暖,有,70年,null,null,null,2016-01-17,商品房,2013-01-05,普通住宅,满两年,非共有,暂无数据,已上传房本照片,0,null
东城,广渠门,6,0,570,98787元/平米,幸福南里,2室1厅1厨1卫,中楼层 (共4层),57.7㎡,暂无数据,暂无数据,板楼,东 西,砖木结构,简装,一梯三户,集中供暖,无,70年,null,null,null,2017-07-10,已购公房,2017-05-08,普通住宅,暂无数据,共有,无抵押,已上传房本照片,0,null
东城,广渠门,17,0,823,104921元/平米,绿景馨园,2室1厅1厨1卫,低楼层 (共6层),78.44㎡,暂无数据,70.33㎡,板楼,南 北,钢混结构,简装,一梯两户,自供暖,无,70年,null,null,null,2017-07-02,二类经济适用房,2017-07-03,普通住宅,暂无数据,非共有,无抵押,已上传房本照片,0,null
东城,广渠门,13,0,965,94943元/平米,京城仁合,1室1厅1厨1卫,底层 (共16层),101.64㎡,暂无数据,81.01㎡,板塔结合,南,钢混结构,简装,一梯两户,集中供暖,有,70年,null,null,null,2017-06-18,商品房,2017-05-24,普通住宅,暂无数据,非共有,无抵押,已上传房本照片,0,null
东城,广渠门,57,24,560,70538元/平米,冠城名敦道,1室0厅0厨0卫,低楼层 (共23层),79.39㎡,平层,59.69㎡,塔楼,东,钢混结构,精装,四梯十三户,集中供暖,有,70年,null,null,null,2017-02-06,商品房,2016-05-05,普通住宅,暂无数据,非共有,有抵押 150万元 北京银行 客户偿还,已上传房本照片,1,null
东城,广渠门,64,4,550,118970元/平米,绿景苑,1室1厅1厨1卫,高楼层 (共12层),46.23㎡,暂无数据,36.71㎡,板塔结合,南,钢混结构,简装,一梯九户,集中供暖,有,70年,null,null,null,2017-03-31,商品房,2017-02-28,普通住宅,暂无数据,非共有,无抵押,已上传房本照片,1,null
东城,广渠门,31,107,500,84962元/平米,天利园,1室1厅1厨1卫,地下室 (共16层),58.85㎡,平层,48.83㎡,板楼,南,钢混结构,简装,一梯三户,集中供暖,有,70年,null,null,null,2017-03-05,二类经济适用房,2016-11-03,普通住宅,暂无数据,共有,无抵押,已上传房本照片,0,null
东城,广渠门,7,12,520,90121元/平米,幸福南里,2室1厅1厨1卫,中楼层 (共4层),57.7㎡,暂无数据,暂无数据,板楼,东 西,砖木结构,其他,一梯三户,集中供暖,无,70年,null,null,null,2017-08-10,已购公房,2001-02-27,普通住宅,满五年,非共有,暂无数据,已上传房本照片,0,null
东城,广渠门,16,3,650,89090元/平米,幸福南里,2室1厅1厨1卫,中楼层 (共4层),72.96㎡,暂无数据,50.38㎡,板楼,南 北,混合结构,简装,一梯三户,集中供暖,无,70年,null,null,null,2017-07-26,央产房,2017-02-22,普通住宅,暂无数据,共有,无抵押,已上传房本照片,0,null
东城,广渠门,10,5,480,82107元/平米,领行国际,1室1厅1厨1卫,中楼层 (共21层),58.46㎡,暂无数据,46.61㎡,板塔结合,东北,钢混结构,其他,三梯八户,集中供暖,有,70年,null,null,null,2017-08-30,商品房,2014-01-29,公寓,满两年,非共有,暂无数据,已上传房本照片,1,null
东城,广渠门,14,4,510,81967元/平米,领行国际,2室1厅1厨1卫,中楼层 (共21层),62.22㎡,暂无数据,49.61㎡,板塔结合,北,钢混结构,其他,三梯八户,集中供暖,有,70年,null,null,null,2017-08-30,商品房,2014-02-11,公寓,满两年,非共有,暂无数据,已上传房本照片,0,null
东城,广渠门,17,6,1170,89993元/平米,幸福家园三期,2室1厅1厨1卫,中楼层 (共12层),130.01㎡,暂无数据,102.17㎡,板塔结合,南,钢混结构,精装,两梯九户,集中供暖,有,70年,null,null,null,2017-06-23,私产,2006-03-17,普通住宅,满五年,非共有,有抵押 80万元 光大银行 业主自还,已上传房本照片,0,null
东城,广渠门,47,20,850,80189元/平米,领行国际,2室1厅1厨1卫,中楼层 (共21层),106㎡,暂无数据,84.58㎡,板塔结合,东,钢混结构,其他,三梯八户,集中供暖,有,70年,null,null,null,2017-05-08,商品房,2006-04-22,普通住宅,满五年,非共有,暂无数据,已上传房本照片,0,null
东城,广渠门,51,1,440,128580元/平米,绿景苑,1室0厅1厨1卫,低楼层 (共12层),34.22㎡,暂无数据,27.17㎡,板塔结合,南,钢混结构,简装,一梯九户,集中供暖,有,70年,null,null,null,2017-06-18,商品房,2017-07-06,普通住宅,暂无数据,非共有,有抵押 10万元 建设 业主自还,已上传房本照片,0,null
东城,广渠门,53,12,520,64878元/平米,冠城名敦道,1室0厅1厨1卫,顶层 (共23层),80.15㎡,暂无数据,60.26㎡,塔楼,西,钢混结构,精装,四梯十二户,集中供暖,有,70年,null,null,null,2017-06-08,商品房,2010-11-16,普通住宅,满五年,非共有,无抵押,已上传房本照片,0,null
东城,广渠门,23,1,260,50861元/平米,自由季,2房间1卫,顶层 (共10层),51.12㎡,暂无数据,39.65㎡,板塔结合,东,钢混结构,精装,三梯二十户,集中供暖,有,50年,民水,民电,0元/m3,2017-08-06,商品房,2016-12-14,商业办公类,暂无数据,非共有,无抵押,已上传房本照片,0,null
东城,广渠门,3,0,825,129108元/平米,幸福家园三期,1室1厅1厨1卫,中楼层 (共15层),63.9㎡,暂无数据,50.47㎡,板塔结合,东,钢混结构,精装,两梯六户,集中供暖,有,70年,null,null,null,2017-09-08,私产,2005-12-09,普通住宅,满五年,非共有,有抵押 100万元 交通银行 业主自还,已上传房本照片,0,null
东城,广渠门,5,0,856,106800元/平米,板厂新里,3室1厅1厨1卫,高楼层 (共18层),80.15㎡,暂无数据,暂无数据,塔楼,西北,混合结构,精装,一梯八户,集中供暖,暂无数据,70年,null,null,null,2017-08-20,央产房,2016-11-21,普通住宅,暂无数据,共有,无抵押,已上传房本照片,0,null
东城,广渠门,79,8,510,66554元/平米,冠城名敦道,1室1厅0厨0卫,中楼层 (共23层),76.63㎡,暂无数据,57.7㎡,塔楼,西,钢混结构,精装,四梯十三户,集中供暖,有,70年,null,null,null,2017-01-20,商品房,2013-03-21,普通住宅,满两年,非共有,无抵押,已上传房本照片,0,null
东城,广渠门,31,0,480,96135元/平米,板厂南里,2室1厅1厨1卫,底层 (共5层),49.93㎡,暂无数据,49.93㎡,板楼,东 西,混合结构,其他,一梯三户,集中供暖,无,70年,null,null,null,2017-08-27,已购公房,1993-09-07,普通住宅,满五年,非共有,暂无数据,已上传房本照片,0,null
东城,广渠门,7,0,720,99889元/平米,幸福北里,2室1厅1厨1卫,低楼层 (共3层),72.08㎡,平层,49㎡,板楼,南 北,混合结构,简装,一梯八户,集中供暖,无,70年,null,null,null,2017-07-28,已购公房,2000-05-15,普通住宅,满五年,非共有,无抵押,已上传房本照片,0,null
东城,广渠门,18,0,620,97255元/平米,广渠家园,2室1厅1厨1卫,高楼层 (共18层),63.75㎡,暂无数据,49.79㎡,板楼,东 西,钢混结构,精装,一梯三户,集中供暖,有,70年,null,null,null,2017-08-30,二类经济适用房,2013-03-19,普通住宅,满两年,非共有,无抵押,已上传房本照片,0,null
东城,广渠门,12,3,2290,74991元/平米,金世纪嘉园,4室2厅1厨2卫,底层 (共21层),305.37㎡,暂无数据,249.91㎡,塔楼,东北,钢混结构,其他,三梯十户,集中供暖,有,70年,null,null,null,2016-08-05,商品房,2011-03-29,普通住宅,满五年,非共有,暂无数据,已上传房本照片,0,null
东城,广渠门,11,0,650,75205元/平米,冠城名敦道,1室0厅0厨0卫,高楼层 (共23层),86.43㎡,暂无数据,65.08㎡,塔楼,东,钢混结构,其他,四梯十三户,集中供暖,有,70年,null,null,null,2017-06-28,商品房,2012-02-16,普通住宅,满五年,非共有,暂无数据,已上传房本照片,0,null
东城,广渠门,24,15,1091,75050元/平米,金世纪嘉园,2室2厅1厨1卫,底层 (共21层),145.37㎡,暂无数据,117.42㎡,塔楼,东,钢混结构,其他,一梯六户,集中供暖,无,70年,null,null,null,2017-03-08,商品房,2010-03-10,普通住宅,满五年,非共有,暂无数据,已上传房本照片,0,距离7号线广渠门内站928米
东城,广渠门,4,0,480,107095元/平米,东方财富,1室1厅1厨1卫,中楼层 (共15层),44.82㎡,暂无数据,33.64㎡,板塔结合,西,钢混结构,简装,四梯二十七户,集中供暖,有,70年,null,null,null,2017-09-01,私产,2006-08-14,普通住宅,满五年,非共有,无抵押,已上传房本照片,0,null
东城,广渠门,4,0,370,65095元/平米,广渠门外南街,2室1厅1厨1卫,地下室 (共6层),56.84㎡,暂无数据,42.4㎡,板楼,南 北,混合结构,简装,一梯两户,集中供暖,无,70年,null,null,null,2017-09-06,商品房,2015-11-17,普通住宅,暂无数据,非共有,无抵押,已上传房本照片,0,null
东城,广渠门,18,5,1048,84955元/平米,领行国际,2室1厅1厨1卫,低楼层 (共21层),123.36㎡,暂无数据,98.36㎡,板塔结合,南 北,钢混结构,简装,三梯八户,集中供暖,有,70年,null,null,null,2017-04-09,私产,2006-07-20,普通住宅,满五年,非共有,有抵押 68万元 中信银行 业主自还,已上传房本照片,0,null
东城,广渠门,53,2,1250,84482元/平米,领行国际,3室1厅1厨1卫,中楼层 (共21层),147.96㎡,暂无数据,117.97㎡,板塔结合,南,钢混结构,简装,三梯八户,集中供暖,有,70年,null,null,null,2017-05-18,私产,2006-04-05,普通住宅,满五年,非共有,无抵押,已上传房本照片,0,null
东城,广渠门,3,0,897,109900元/平米,水上华城,1室1厅1厨1卫,高楼层 (共23层),81.62㎡,平层,64.76㎡,板塔结合,北,钢混结构,其他,三梯八户,集中供暖,有,70年,null,null,null,2017-08-06,商品房,2012-08-06,普通住宅,满五年,非共有,暂无数据,已上传房本照片,0,null
东城,广渠门,13,0,770,109484元/平米,幸福家园三期,1室1厅1厨1卫,顶层 (共8层),70.33㎡,平层,56.35㎡,板塔结合,西,钢混结构,简装,一梯四户,集中供暖,有,70年,null,null,null,2017-08-05,私产,2006-06-12,普通住宅,满五年,非共有,无抵押,已上传房本照片,0,null
东城,广渠门,0,1,698,98993元/平米,绿景馨园,2室1厅1厨1卫,高楼层 (共6层),70.51㎡,平层,63.22㎡,板楼,南 北,钢混结构,其他,一梯四户,自供暖,无,70年,null,null,null,2017-09-06,一类经济适用房,2005-04-15,普通住宅,满五年,非共有,暂无数据,已上传房本照片,1,null
东城,广渠门,3,8,1150,109743元/平米,水上华城,2室1厅1厨1卫,高楼层 (共23层),104.79㎡,暂无数据,82.8㎡,板塔结合,东,钢混结构,简装,两梯七户,集中供暖,有,70年,null,null,null,2017-09-07,私产,2008-06-05,普通住宅,满五年,非共有,无抵押,已上传房本照片,8,null
东城,广渠门,122,7,615,81815元/平米,金桥国际,1室1厅1厨1卫,低楼层 (共27层),75.17㎡,平层,56.63㎡,塔楼,西,钢混结构,精装,四梯十六户,集中供暖,有,70年,null,null,null,2016-11-09,私产,2005-08-24,普通住宅,满五年,非共有,无抵押,已上传房本照片,0,null
东城,广渠门,0,0,620,112421元/平米,培新街乙5号院,1室1厅1厨1卫,底层 (共17层),55.15㎡,暂无数据,暂无数据,塔楼,西南,钢混结构,精装,三梯十户,集中供暖,有,70年,null,null,null,2017-08-05,商品房,2016-01-08,普通住宅,暂无数据,共有,有抵押 209万元 招商银行 客户偿还,已上传房本照片,0,null
东城,广渠门,10,0,1136,114956元/平米,保利蔷薇,2室1厅1厨1卫,低楼层 (共16层),98.82㎡,平层,79.17㎡,板塔结合,西,钢混结构,简装,两梯八户,集中供暖,有,70年,null,null,null,2017-08-18,商品房,2016-09-08,普通住宅,暂无数据,非共有,无抵押,已上传房本照片,0,null
