城区,区域,关注,带看,挂牌价,单价,小区,房屋户型,所在楼层,建筑面积,户型结构,套内面积,建筑类型,房屋朝向,建筑结构,装修情况,梯户比例,供暖方式,配备电梯,产权年限,用水类型,用电类型,燃气价格,挂牌时间,交易属性,上次交易,房屋用途,房屋年限,产权所属,抵押信心,房本备件,近七天带看,地铁
东城,陶然亭,202,109,680,98852元/平米,高家寨,3室1厅1厨1卫,高楼层 (共6层),68.79㎡,暂无数据,49.49㎡,板楼,南 北,混合结构,精装,一梯三户,集中供暖,无,70年,null,null,null,2017-07-28,已购公房,1999-11-15,普通住宅,满五年,非共有,无抵押,已上传房本照片,5,null
东城,陶然亭,32,59,668,96882元/平米,南纬路2号院,2室1厅1厨1卫,中楼层 (共12层),68.95㎡,暂无数据,48.36㎡,板塔结合,南 北,钢混结构,精装,一梯六户,集中供暖,有,70年,null,null,null,2017-08-05,已购公房,2002-03-20,普通住宅,满五年,非共有,无抵押,已上传房本照片,16,null
东城,陶然亭,86,28,1634,154940元/平米,朱雀门,2室2厅1厨2卫,中楼层 (共8层),105.46㎡,暂无数据,89.58㎡,板楼,南 北,钢混结构,精装,一梯两户,集中供暖,有,70年,null,null,null,2017-08-28,商品房,2009-08-24,普通住宅,满五年,非共有,有抵押 200万元,已上传房本照片,10,null
东城,陶然亭,81,30,550,94713元/平米,北纬路49号院,2室1厅1厨1卫,中楼层 (共6层),58.07㎡,暂无数据,暂无数据,板楼,南 北,混合结构,其他,一梯两户,集中供暖,无,70年,null,null,null,2017-07-06,已购公房,2000-10-20,普通住宅,满五年,非共有,无抵押,已上传房本照片,1,null
东城,陶然亭,82,118,1260,141716元/平米,中信锦园,2室1厅1厨1卫,中楼层 (共18层),88.91㎡,平层,68.26㎡,板塔结合,东,钢混结构,其他,两梯四户,集中供暖,有,70年,null,null,null,2017-07-17,商品房,2011-08-05,普通住宅,满五年,非共有,暂无数据,已上传房本照片,0,null
东城,陶然亭,61,44,632,79949元/平米,天桥北里,2室1厅1厨1卫,低楼层 (共12层),79.05㎡,暂无数据,63.05㎡,塔楼,东南,钢混结构,简装,一梯十九户,集中供暖,有,70年,null,null,null,2017-04-21,商品房,2012-10-15,普通住宅,满两年,非共有,无抵押,已上传房本照片,7,null
东城,陶然亭,49,18,650,107049元/平米,中海紫御公馆,1室2厅1厨1卫,中楼层 (共19层),60.72㎡,暂无数据,48.16㎡,板塔结合,东北,钢混结构,简装,两梯六户,集中供暖,有,70年,null,null,null,2017-09-03,商品房,2011-08-18,普通住宅,满五年,非共有,无抵押,已上传房本照片,18,null
东城,陶然亭,198,101,630,84135元/平米,天桥北里,2室1厅1厨1卫,低楼层 (共12层),74.88㎡,平层,61.68㎡,塔楼,西南,钢混结构,精装,一梯三十户,集中供暖,有,70年,null,null,null,2016-11-29,二类经济适用房,2005-07-25,普通住宅,满五年,非共有,无抵押,已上传房本照片,2,null
东城,陶然亭,139,109,570,85125元/平米,畅柳园,2室1厅1厨1卫,低楼层 (共16层),66.96㎡,暂无数据,53.39㎡,板塔结合,西南,钢混结构,简装,三梯十四户,集中供暖,有,70年,null,null,null,2017-07-20,商品房,2017-05-05,普通住宅,暂无数据,非共有,无抵押,已上传房本照片,10,null
东城,陶然亭,45,26,1250,120019元/平米,陶然北岸,2室1厅1厨1卫,顶层 (共16层),104.15㎡,暂无数据,88㎡,塔楼,东,钢混结构,其他,两梯六户,集中供暖,有,70年,null,null,null,2017-06-12,私产,2007-04-09,普通住宅,满五年,非共有,暂无数据,已上传房本照片,0,null
东城,陶然亭,74,31,498,86279元/平米,天桥北里,1室1厅1厨1卫,低楼层 (共7层),57.72㎡,暂无数据,49.96㎡,板楼,西,钢混结构,简装,一梯四户,集中供暖,无,70年,null,null,null,2017-08-10,二类经济适用房,2005-08-07,普通住宅,满五年,非共有,无抵押,已上传房本照片,6,null
东城,陶然亭,73,44,797,99962元/平米,畅柳园,2室1厅1厨1卫,高楼层 (共16层),79.73㎡,平层,63.64㎡,塔楼,东南,钢混结构,精装,三梯十四户,集中供暖,有,70年,null,null,null,2017-07-05,二类经济适用房,2007-11-03,普通住宅,满五年,非共有,无抵押,已上传房本照片,3,null
东城,陶然亭,40,12,1120,125238元/平米,陶然北岸,2室1厅1厨1卫,高楼层 (共18层),89.43㎡,暂无数据,70.69㎡,板塔结合,南,钢混结构,精装,两梯五户,集中供暖,有,70年,null,null,null,2017-09-02,私产,2005-12-24,普通住宅,满五年,非共有,无抵押,已上传房本照片,7,null
东城,陶然亭,139,21,1260,108818元/平米,一瓶,3室2厅1厨2卫,中楼层 (共13层),115.79㎡,暂无数据,95.47㎡,板塔结合,北,钢混结构,简装,一梯六户,集中供暖,有,70年,null,null,null,2017-05-17,商品房,2011-07-28,普通住宅,满五年,非共有,有抵押 50万元 交通银行 业主自还,已上传房本照片,1,null
东城,陶然亭,110,48,715,89914元/平米,天桥北里,2室1厅1厨1卫,中楼层 (共7层),79.52㎡,平层,68.83㎡,板楼,东 西,钢混结构,简装,一梯四户,集中供暖,无,70年,null,null,null,2017-04-29,商品房,2012-07-26,普通住宅,满五年,非共有,无抵押,已上传房本照片,3,null
东城,陶然亭,89,21,695,98596元/平米,畅柳园,2室1厅1厨1卫,顶层 (共16层),70.49㎡,平层,54.76㎡,板塔结合,南 北,钢混结构,精装,一梯三户,集中供暖,有,70年,null,null,null,2017-08-16,二类经济适用房,2007-11-03,普通住宅,满五年,非共有,无抵押,已上传房本照片,5,null
东城,陶然亭,139,31,2990,124990元/平米,耕天下,4室2厅1厨2卫,低楼层 (共6层),239.22㎡,平层,206.1㎡,板楼,南 西 北,钢混结构,精装,一梯两户,集中供暖,有,70年,null,null,null,2016-09-11,私产,2004-09-01,普通住宅,满五年,非共有,有抵押 800万元 中信银行 客户偿还,已上传房本照片,0,null
东城,陶然亭,30,106,1343,149955元/平米,中信禧园,2室1厅1厨1卫,高楼层 (共20层),89.56㎡,暂无数据,暂无数据,板塔结合,东,钢混结构,精装,两梯三户,集中供暖,有,70年,null,null,null,2017-07-19,商品房,2015-05-26,普通住宅,满两年,非共有,有抵押 230万元 中信银行 客户偿还,已上传房本照片,13,null
东城,陶然亭,129,15,2470,117490元/平米,陶然湖景,4室2厅1厨3卫,高楼层 (共7层),210.23㎡,暂无数据,181.81㎡,板楼,南 北,钢混结构,精装,一梯两户,自供暖,无,70年,null,null,null,2017-07-06,商品房,2011-12-14,普通住宅,满五年,非共有,无抵押,已上传房本照片,1,null
东城,陶然亭,53,65,620,114943元/平米,南华东街2号院,2室1厅1厨1卫,高楼层 (共6层),53.94㎡,暂无数据,38.35㎡,板楼,东 西,混合结构,精装,一梯三户,集中供暖,无,70年,null,null,null,2017-06-24,商品房,2015-08-25,普通住宅,满两年,非共有,有抵押 191万元 北京银行 业主自还,已上传房本照片,2,null
东城,陶然亭,34,0,650,96972元/平米,畅柳园,2室1厅1厨1卫,高楼层 (共16层),67.03㎡,平层,53.5㎡,塔楼,东北,钢混结构,其他,三梯十四户,集中供暖,有,70年,null,null,null,2017-09-01,二类经济适用房,2007-11-03,普通住宅,满五年,非共有,无抵押,已上传房本照片,0,null
东城,陶然亭,89,14,660,98669元/平米,畅柳园,2室1厅1厨1卫,高楼层 (共16层),66.89㎡,平层,53.39㎡,塔楼,东南,钢混结构,精装,三梯十四户,集中供暖,有,70年,null,null,null,2017-08-06,二类经济适用房,2012-02-27,普通住宅,满五年,非共有,有抵押 10万元 建设银行 业主自还,已上传房本照片,2,null
东城,陶然亭,27,3,588,94732元/平米,红土店南里,2室1厅1厨1卫,中楼层 (共5层),62.07㎡,暂无数据,42㎡,板楼,南 北,混合结构,简装,一梯三户,集中供暖,无,70年,null,null,null,2017-08-20,已购公房,1993-12-17,普通住宅,满五年,非共有,无抵押,已上传房本照片,3,null
东城,陶然亭,53,2,1130,124121元/平米,中海紫御公馆,2室2厅1厨1卫,高楼层 (共22层),91.04㎡,暂无数据,71.63㎡,板塔结合,南,钢混结构,精装,两梯六户,集中供暖,有,70年,null,null,null,2017-08-14,商品房,2011-10-24,普通住宅,满五年,非共有,无抵押,已上传房本照片,1,null
东城,陶然亭,36,11,1388,114730元/平米,一瓶,3室1厅1厨2卫,高楼层 (共13层),120.98㎡,暂无数据,99.75㎡,板塔结合,北,钢混结构,精装,一梯六户,集中供暖,有,70年,null,null,null,2017-07-29,商品房,2011-09-27,普通住宅,满五年,非共有,无抵押,已上传房本照片,4,null
东城,陶然亭,37,25,1399,145760元/平米,中信锦园,2室1厅1厨1卫,中楼层 (共18层),95.98㎡,暂无数据,74.75㎡,板塔结合,南 北,钢混结构,精装,两梯三户,集中供暖,有,70年,null,null,null,2017-08-06,商品房,2012-09-27,普通住宅,满两年,非共有,无抵押,已上传房本照片,11,null
东城,陶然亭,54,15,1300,135445元/平米,中信锦园,2室1厅1厨1卫,低楼层 (共18层),95.98㎡,暂无数据,74.75㎡,板塔结合,南 北,钢混结构,简装,两梯三户,集中供暖,有,70年,null,null,null,2017-08-24,商品房,2013-03-22,普通住宅,满两年,非共有,有抵押 60万元 业主自还,已上传房本照片,9,null
东城,陶然亭,41,20,1100,99665元/平米,畅柳园,2室1厅1厨1卫,中楼层 (共16层),110.37㎡,暂无数据,89.63㎡,塔楼,西,钢混结构,其他,三梯十户,集中供暖,有,70年,null,null,null,2017-06-10,二类经济适用房,2011-01-11,普通住宅,满五年,非共有,无抵押,已上传房本照片,0,null
东城,陶然亭,97,22,1260,134918元/平米,陶然北岸,2室1厅1厨1卫,中楼层 (共18层),93.39㎡,暂无数据,73.82㎡,板塔结合,南,钢混结构,精装,两梯四户,集中供暖,有,70年,null,null,null,2017-07-13,私产,2006-12-01,普通住宅,满五年,非共有,无抵押,已上传房本照片,0,null
东城,陶然亭,14,8,1220,105363元/平米,一瓶,2室1厅1厨2卫,中楼层 (共13层),115.79㎡,暂无数据,95.47㎡,板塔结合,北,钢混结构,简装,一梯六户,集中供暖,有,70年,null,null,null,2017-07-06,商品房,2013-02-19,普通住宅,满两年,非共有,无抵押,已上传房本照片,5,null
东城,陶然亭,71,16,1260,143263元/平米,中信锦园,2室1厅1厨1卫,顶层 (共18层),87.95㎡,平层,67.54㎡,板塔结合,西,钢混结构,简装,两梯三户,集中供暖,有,70年,null,null,null,2017-06-12,商品房,2012-08-21,普通住宅,满五年,非共有,无抵押,已上传房本照片,0,距离4号线陶然亭站638米
东城,陶然亭,183,49,720,89010元/平米,天桥北里,2室1厅1厨1卫,中楼层 (共7层),80.89㎡,暂无数据,69.03㎡,板楼,西,钢混结构,精装,一梯六户,集中供暖,无,70年,null,null,null,2017-04-03,二类经济适用房,2005-07-25,普通住宅,满五年,非共有,无抵押,已上传房本照片,0,null
东城,陶然亭,37,6,1350,133333元/平米,陶然北岸,2室1厅1厨2卫,高楼层 (共18层),101.25㎡,暂无数据,80.35㎡,板塔结合,南 北,钢混结构,简装,两梯四户,集中供暖,有,70年,null,null,null,2017-07-14,私产,2005-12-03,普通住宅,满五年,非共有,无抵押,已上传房本照片,1,null
东城,陶然亭,55,11,1439.9,154978元/平米,朱雀门,2室2厅1厨1卫,中楼层 (共8层),92.91㎡,暂无数据,78.92㎡,板楼,南 北,钢混结构,其他,一梯两户,集中供暖,有,70年,null,null,null,2017-08-31,商品房,2010-12-07,普通住宅,满五年,非共有,暂无数据,已上传房本照片,8,null
东城,陶然亭,88,17,680,110336元/平米,中海紫御公馆,2室1厅1厨1卫,中楼层 (共22层),61.63㎡,平层,48㎡,板塔结合,东北,钢混结构,精装,两梯六户,集中供暖,有,70年,null,null,null,2017-08-05,商品房,2011-04-22,普通住宅,满五年,非共有,无抵押,已上传房本照片,8,null
东城,陶然亭,9,26,740,128987元/平米,虎坊路小区,2室1厅1厨1卫,低楼层 (共6层),57.37㎡,暂无数据,暂无数据,板楼,南 北,混合结构,其他,一梯两户,集中供暖,无,70年,null,null,null,2017-06-04,商品房,2015-02-13,普通住宅,满两年,非共有,暂无数据,已上传房本照片,0,null
东城,陶然亭,200,26,638,92760元/平米,永安路小区,2室1厅1厨1卫,中楼层 (共4层),68.78㎡,平层,暂无数据,板楼,南 北,混合结构,简装,一梯两户,集中供暖,无,70年,null,null,null,2016-08-10,商品房,1999-09-09,普通住宅,满五年,非共有,无抵押,已上传房本照片,0,null
东城,陶然亭,49,23,1400,144943元/平米,中信锦园,2室1厅1厨1卫,低楼层 (共18层),96.59㎡,平层,77.9㎡,板楼,西南,钢混结构,精装,两梯四户,集中供暖,有,70年,null,null,null,2017-08-16,商品房,2017-06-28,普通住宅,暂无数据,非共有,有抵押 1200000万元 客户偿还,已上传房本照片,5,null
东城,陶然亭,21,5,699,123914元/平米,虎坊路小区,2室1厅1厨1卫,中楼层 (共4层),56.41㎡,暂无数据,42.61㎡,板楼,南,砖木结构,简装,一梯三户,集中供暖,无,70年,null,null,null,2017-04-24,已购公房,2011-03-10,普通住宅,满五年,非共有,无抵押,已上传房本照片,0,null
东城,陶然亭,51,5,735,89952元/平米,天桥北里,2室2厅1厨1卫,顶层 (共7层),81.71㎡,暂无数据,70.73㎡,板楼,东,钢混结构,精装,一梯两户,集中供暖,无,70年,null,null,null,2017-06-01,商品房,2011-09-22,普通住宅,满五年,共有,无抵押,已上传房本照片,1,null
东城,陶然亭,30,8,950,96271元/平米,东经路98号,3室2厅1厨1卫,低楼层 (共6层),98.68㎡,暂无数据,68.91㎡,板楼,东 西,钢混结构,简装,一梯三户,集中供暖,无,70年,null,null,null,2017-08-02,已购公房,2000-07-18,普通住宅,满五年,非共有,无抵押,已上传房本照片,4,null
东城,陶然亭,145,18,640,71103元/平米,永铁苑,2室1厅1厨1卫,高楼层 (共22层),90.01㎡,暂无数据,暂无数据,塔楼,东南,混合结构,精装,三梯十二户,集中供暖,有,70年,null,null,null,2017-07-26,已购公房,2002-09-18,普通住宅,满五年,非共有,无抵押,已上传房本照片,5,null
东城,陶然亭,53,1,900,89392元/平米,天桥北里,3室1厅1厨1卫,中楼层 (共7层),100.68㎡,暂无数据,87.15㎡,板楼,西南 东北,钢混结构,精装,一梯五户,集中供暖,无,70年,null,null,null,2017-07-29,二类经济适用房,2005-08-01,普通住宅,满五年,非共有,无抵押,已上传房本照片,0,null
东城,陶然亭,85,46,590,99898元/平米,畅柳园,1室1厅1厨1卫,中楼层 (共14层),59.06㎡,暂无数据,45.9㎡,板塔结合,东,钢混结构,精装,一梯六户,集中供暖,有,70年,null,null,null,2017-02-27,二类经济适用房,2008-05-29,普通住宅,满五年,非共有,无抵押,已上传房本照片,2,null
东城,陶然亭,23,4,950,96692元/平米,东经路98号,2室2厅1厨1卫,高楼层 (共6层),98.25㎡,平层,暂无数据,板楼,东 西,钢混结构,简装,一梯三户,集中供暖,无,70年,null,null,null,2017-05-20,已购公房,2000-07-18,普通住宅,满五年,非共有,无抵押,已上传房本照片,0,null
东城,陶然亭,37,5,528,109908元/平米,四平园,1室1厅1厨1卫,高楼层 (共6层),48.04㎡,平层,暂无数据,板楼,南,混合结构,其他,一梯三户,集中供暖,无,70年,null,null,null,2017-08-31,商品房,2014-10-08,普通住宅,满两年,非共有,暂无数据,已上传房本照片,2,null
东城,陶然亭,52,34,1300,134311元/平米,中信锦园,3室2厅1厨1卫,低楼层 (共18层),96.79㎡,平层,75.38㎡,板塔结合,南 北,钢混结构,精装,两梯三户,集中供暖,有,70年,null,null,null,2017-05-07,商品房,2016-12-02,普通住宅,暂无数据,非共有,无抵押,已上传房本照片,5,null
东城,陶然亭,4,0,600,117624元/平米,虎坊路小区,2室0厅1厨1卫,顶层 (共5层),51.01㎡,暂无数据,38.78㎡,板楼,南 北,混合结构,其他,一梯三户,集中供暖,无,70年,null,null,null,2017-09-03,已购公房,1998-04-27,普通住宅,满五年,非共有,暂无数据,已上传房本照片,0,null
东城,陶然亭,89,75,1356,149983元/平米,中信沁园,2室1厅1厨1卫,低楼层 (共14层),90.41㎡,暂无数据,67.58㎡,板塔结合,南,钢混结构,简装,两梯三户,集中供暖,有,70年,null,null,null,2017-04-06,商品房,2013-10-31,普通住宅,满两年,非共有,有抵押 50万元 建设银行 业主自还,已上传房本照片,4,null
东城,陶然亭,97,68,1120,124472元/平米,中海紫御公馆,2室2厅1厨1卫,中楼层 (共23层),89.98㎡,平层,71.71㎡,板塔结合,南 北,钢混结构,精装,两梯七户,集中供暖,有,70年,null,null,null,2017-06-11,商品房,2012-06-26,普通住宅,满五年,非共有,暂无数据,已上传房本照片,0,null
东城,陶然亭,49,10,630,93333元/平米,红土店南里,2室1厅1厨1卫,顶层 (共5层),67.5㎡,暂无数据,50.64㎡,板楼,南,钢混结构,简装,一梯三户,集中供暖,无,70年,null,null,null,2017-06-04,私产,2005-03-24,普通住宅,满五年,非共有,无抵押,已上传房本照片,0,null
东城,陶然亭,32,67,660,130615元/平米,虎坊路小区,2室1厅1厨1卫,中楼层 (共5层),50.53㎡,平层,暂无数据,板楼,南 北,砖混结构,简装,一梯四户,集中供暖,无,70年,null,null,null,2017-01-13,已购公房,2001-01-17,普通住宅,满五年,非共有,无抵押,已上传房本照片,0,null
东城,陶然亭,43,4,6280,116601元/平米,朱雀门,5室3厅1厨4卫,中楼层 (共5层),538.59㎡,暂无数据,477.74㎡,板楼,东 南 北,钢混结构,精装,一梯一户,集中供暖,有,70年,null,null,null,2017-07-16,商品房,2015-06-09,普通住宅,满两年,非共有,无抵押,已上传房本照片,0,null
东城,陶然亭,48,40,900,99723元/平米,畅柳园,3室1厅1厨1卫,中楼层 (共14层),90.25㎡,暂无数据,70.14㎡,板塔结合,西北,钢混结构,简装,一梯六户,集中供暖,有,70年,null,null,null,2017-07-08,商品房,2016-09-18,普通住宅,暂无数据,非共有,无抵押,已上传房本照片,1,null
东城,陶然亭,81,3,650,105417元/平米,中海紫御公馆,1室2厅1厨1卫,中楼层 (共22层),61.66㎡,平层,48.02㎡,板塔结合,西北,钢混结构,精装,两梯六户,集中供暖,有,70年,null,null,null,2017-07-02,商品房,2012-03-08,普通住宅,满五年,非共有,无抵押,已上传房本照片,1,null
东城,陶然亭,14,1,535,89450元/平米,天桥北里,1室1厅1厨1卫,中楼层 (共9层),59.81㎡,平层,51.12㎡,板塔结合,西南,钢混结构,简装,一梯六户,集中供暖,有,70年,null,null,null,2017-09-08,二类经济适用房,2006-01-26,普通住宅,满五年,非共有,无抵押,已上传房本照片,1,null
东城,陶然亭,3,0,763,127934元/平米,虎坊路小区,2室1厅1厨1卫,顶层 (共6层),59.64㎡,暂无数据,暂无数据,板楼,东 西,混合结构,简装,一梯两户,集中供暖,无,70年,null,null,null,2017-08-11,商品房,2014-08-06,普通住宅,满两年,非共有,无抵押,已上传房本照片,0,null
东城,陶然亭,6,0,978,132216元/平米,虎坊路小区,3室1厅1厨1卫,高楼层 (共6层),73.97㎡,暂无数据,52.52㎡,板楼,东 西,混合结构,简装,一梯两户,集中供暖,无,70年,null,null,null,2017-08-11,商品房,2014-08-15,普通住宅,满两年,非共有,无抵押,已上传房本照片,0,null
东城,陶然亭,53,9,1600,145879元/平米,富力信然庭,2室1厅1厨2卫,顶层 (共7层),109.68㎡,暂无数据,84.27㎡,板楼,南 北,钢混结构,精装,一梯两户,集中供暖,有,70年,null,null,null,2017-08-23,商品房,2017-08-22,普通住宅,暂无数据,非共有,无抵押,已上传房本照片,4,null
东城,陶然亭,89,8,650,114699元/平米,黑窑厂西里,2室1厅1厨1卫,高楼层 (共6层),56.67㎡,暂无数据,43㎡,板楼,南 北,混合结构,简装,一梯三户,集中供暖,无,70年,null,null,null,2017-03-26,商品房,2015-04-29,普通住宅,满两年,非共有,有抵押 153万元 北京银行 客户偿还,已上传房本照片,3,null
东城,陶然亭,87,14,612,71907元/平米,永铁苑,2室2厅1厨1卫,中楼层 (共22层),85.11㎡,暂无数据,70㎡,塔楼,西南,混合结构,简装,三梯十二户,集中供暖,有,70年,null,null,null,2017-06-29,已购公房,2002-09-18,普通住宅,满五年,非共有,无抵押,已上传房本照片,5,距离7号线虎坊桥站600米
东城,陶然亭,25,1,493.5,135876元/平米,黑窑厂西里,1室1厅1厨1卫,顶层 (共6层),36.32㎡,暂无数据,暂无数据,板楼,南,混合结构,毛坯,一梯三户,集中供暖,无,70年,null,null,null,2017-09-04,已购公房,2016-08-31,普通住宅,暂无数据,非共有,无抵押,已上传房本照片,1,null
东城,陶然亭,86,37,1150,126249元/平米,中海紫御公馆,2室2厅1厨1卫,中楼层 (共22层),91.09㎡,平层,71.67㎡,板塔结合,南,钢混结构,精装,两梯六户,集中供暖,有,70年,null,null,null,2017-06-04,商品房,2015-11-03,普通住宅,暂无数据,非共有,有抵押 300万元 中信银行 客户偿还,已上传房本照片,1,null
东城,陶然亭,19,18,968,130864元/平米,虎坊路小区,3室1厅1厨1卫,顶层 (共6层),73.97㎡,暂无数据,52.52㎡,板楼,东 西,混合结构,简装,一梯三户,集中供暖,无,70年,null,null,null,2017-03-25,商品房,2015-04-16,普通住宅,满两年,非共有,有抵押 客户偿还,已上传房本照片,0,null
东城,陶然亭,57,3,470,98388元/平米,北纬路49号院,2室1厅1厨1卫,顶层 (共6层),47.77㎡,暂无数据,47.77㎡,板楼,南,混合结构,其他,一梯四户,集中供暖,无,70年,null,null,null,2017-08-13,已购公房,2001-07-30,普通住宅,满五年,非共有,暂无数据,已上传房本照片,1,null
东城,陶然亭,18,3,1330,149589元/平米,中信锦园,2室1厅1厨1卫,高楼层 (共18层),88.91㎡,平层,68.26㎡,板塔结合,东,钢混结构,精装,两梯三户,集中供暖,有,70年,null,null,null,2017-07-25,商品房,2011-08-12,普通住宅,满五年,非共有,有抵押 业主自还,已上传房本照片,1,null
东城,陶然亭,18,0,1104,149939元/平米,中信锦园,2室1厅1厨1卫,低楼层 (共17层),73.63㎡,暂无数据,56.55㎡,板塔结合,东,钢混结构,精装,两梯四户,集中供暖,有,70年,null,null,null,2017-09-05,商品房,2013-03-25,普通住宅,满两年,非共有,有抵押 104万元 北京住房贷款担保中心 业主自还,已上传房本照片,0,null
东城,陶然亭,89,6,1200,133363元/平米,中海紫御公馆,2室2厅1厨1卫,中楼层 (共23层),89.98㎡,暂无数据,71.71㎡,板塔结合,南 北,钢混结构,精装,两梯七户,集中供暖,有,70年,null,null,null,2017-08-06,商品房,2013-01-09,普通住宅,满两年,非共有,无抵押,已上传房本照片,2,null
东城,陶然亭,22,53,940,138930元/平米,虎坊路小区,3室1厅1厨1卫,中楼层 (共4层),67.66㎡,暂无数据,47.9㎡,板楼,南 北,混合结构,简装,一梯三户,集中供暖,无,70年,null,null,null,2017-05-03,已购公房,2017-04-27,普通住宅,暂无数据,非共有,无抵押,已上传房本照片,0,null
东城,陶然亭,21,8,681.8,89995元/平米,天桥北里,2室1厅1厨1卫,中楼层 (共7层),75.76㎡,平层,63.79㎡,板楼,东南 南 西,钢混结构,简装,一梯六户,集中供暖,无,70年,null,null,null,2017-08-13,二类经济适用房,2017-03-30,普通住宅,暂无数据,非共有,无抵押,已上传房本照片,2,null
东城,陶然亭,24,5,906,89961元/平米,天桥北里,3室1厅1厨1卫,顶层 (共9层),100.71㎡,暂无数据,86.08㎡,板塔结合,南 北,钢混结构,简装,一梯五户,集中供暖,有,70年,null,null,null,2017-08-03,二类经济适用房,2005-08-01,普通住宅,满五年,非共有,无抵押,已上传房本照片,0,null
东城,陶然亭,34,10,2650,121110元/平米,朱雀门,4室2厅1厨3卫,顶层 (共5层),218.81㎡,暂无数据,193.01㎡,板楼,南 北,钢混结构,精装,一梯两户,集中供暖,有,70年,null,null,null,2017-07-11,商品房,2017-05-16,普通住宅,暂无数据,非共有,无抵押,已上传房本照片,2,null
东城,陶然亭,61,11,1415,149482元/平米,中信沁园,2室2厅1厨1卫,高楼层 (共20层),94.66㎡,暂无数据,68.15㎡,板塔结合,东 西,钢混结构,精装,两梯四户,集中供暖,有,70年,null,null,null,2017-06-16,商品房,2013-07-09,普通住宅,满两年,非共有,有抵押 70万元 业主自还,已上传房本照片,0,null
东城,陶然亭,8,1,648,132896元/平米,虎坊路小区,2室1厅1厨1卫,中楼层 (共5层),48.76㎡,平层,36.95㎡,板楼,东 西,混合结构,精装,一梯三户,集中供暖,无,70年,null,null,null,2017-07-18,私产,2008-02-01,普通住宅,满五年,非共有,无抵押,已上传房本照片,0,null
东城,陶然亭,52,2,1310,148948元/平米,中信锦园,2室1厅1厨1卫,中楼层 (共18层),87.95㎡,暂无数据,67.54㎡,板塔结合,西,钢混结构,简装,两梯三户,集中供暖,有,70年,null,null,null,2017-06-15,商品房,2011-12-08,普通住宅,满五年,非共有,有抵押 80万元 建设银行 客户偿还,已上传房本照片,0,null
东城,陶然亭,33,14,950,147036元/平米,中信沁园,1室1厅1厨1卫,中楼层 (共20层),64.61㎡,暂无数据,暂无数据,板塔结合,西,钢混结构,精装,两梯四户,集中供暖,有,70年,null,null,null,2017-07-29,商品房,2016-12-06,普通住宅,暂无数据,非共有,无抵押,已上传房本照片,1,null
东城,陶然亭,5,1,600,131004元/平米,虎坊路小区,2室1厅1厨1卫,中楼层 (共4层),45.8㎡,暂无数据,31.37㎡,板楼,南 北,混合结构,毛坯,一梯三户,集中供暖,无,70年,null,null,null,2017-08-14,已购公房,2017-08-07,普通住宅,暂无数据,非共有,无抵押,已上传房本照片,1,null
东城,陶然亭,5,0,890,130690元/平米,虎坊路小区,3室1厅1厨1卫,底层 (共4层),68.1㎡,暂无数据,47.68㎡,板楼,南 北,混合结构,简装,一梯三户,集中供暖,无,70年,null,null,null,2017-08-18,已购公房,2017-08-04,普通住宅,暂无数据,非共有,无抵押,已上传房本照片,0,null
东城,陶然亭,11,1,1950,127384元/平米,一瓶,3室1厅1厨2卫,高楼层 (共13层),153.08㎡,暂无数据,126.21㎡,板塔结合,东,钢混结构,精装,一梯六户,集中供暖,有,70年,null,null,null,2017-08-07,商品房,2016-12-28,普通住宅,暂无数据,非共有,无抵押,已上传房本照片,1,null
东城,陶然亭,5,5,690,113059元/平米,中海紫御公馆,1室1厅1厨1卫,高楼层 (共22层),61.03㎡,平层,48.02㎡,板塔结合,东北,钢混结构,精装,两梯六户,集中供暖,有,70年,null,null,null,2017-08-09,商品房,2015-07-22,普通住宅,满两年,非共有,无抵押,已上传房本照片,4,null
东城,陶然亭,14,0,704.8,99986元/平米,龙泉胡同,3室1厅1厨1卫,中楼层 (共6层),70.49㎡,暂无数据,50.01㎡,板楼,东 西,混合结构,其他,一梯三户,暂无数据,暂无数据,70年,null,null,null,2017-08-11,已购公房,2017-05-02,普通住宅,暂无数据,非共有,暂无数据,已上传房本照片,0,null
东城,陶然亭,42,23,540,99539元/平米,畅柳园,1室1厅1厨1卫,低楼层 (共14层),54.25㎡,暂无数据,42.16㎡,板塔结合,北,钢混结构,简装,一梯六户,集中供暖,有,70年,null,null,null,2017-07-08,商品房,2017-04-25,普通住宅,暂无数据,共有,有抵押 500万元 担保公司 客户偿还,已上传房本照片,0,null
东城,陶然亭,9,0,730,127244元/平米,虎坊路小区,2室1厅1厨1卫,顶层 (共6层),57.37㎡,暂无数据,暂无数据,板楼,南 北,混合结构,简装,一梯两户,集中供暖,无,70年,null,null,null,2017-05-08,私产,2007-08-31,普通住宅,满五年,非共有,无抵押,已上传房本照片,0,null
东城,陶然亭,9,0,590,99528元/平米,南华东街,2室1厅1厨1卫,中楼层 (共5层),59.28㎡,暂无数据,暂无数据,板楼,南 北,混合结构,其他,一梯三户,集中供暖,无,70年,null,null,null,2017-08-30,商品房,2016-03-08,普通住宅,暂无数据,非共有,暂无数据,已上传房本照片,0,null
东城,陶然亭,29,2,710,103228元/平米,黑窑厂西里,3室1厅1厨1卫,顶层 (共6层),68.78㎡,暂无数据,暂无数据,板楼,南 北,混合结构,其他,一梯两户,集中供暖,无,70年,null,null,null,2017-07-21,已购公房,2017-04-25,普通住宅,暂无数据,非共有,暂无数据,已上传房本照片,0,null
东城,陶然亭,129,59,615,90136元/平米,永安路小区,2室1厅1厨1卫,中楼层 (共4层),68.23㎡,平层,暂无数据,板楼,南,混合结构,简装,一梯四户,集中供暖,无,70年,null,null,null,2016-11-19,已购公房,2016-10-20,普通住宅,暂无数据,非共有,无抵押,已上传房本照片,0,null
东城,陶然亭,8,3,1320,126740元/平米,陶然北岸,2室1厅1厨2卫,低楼层 (共16层),104.15㎡,暂无数据,88㎡,塔楼,东,钢混结构,精装,两梯六户,集中供暖,有,70年,null,null,null,2017-09-07,私产,2008-06-24,普通住宅,满五年,非共有,有抵押 40万元 建设银行 业主自还,已上传房本照片,3,null
东城,陶然亭,404,76,906,89961元/平米,天桥北里,3室1厅1厨1卫,中楼层 (共9层),100.71㎡,平层,86.08㎡,板塔结合,南 北,钢混结构,简装,一梯六户,集中供暖,有,70年,null,null,null,2016-11-24,二类经济适用房,2016-11-24,普通住宅,暂无数据,非共有,无抵押,已上传房本照片,0,null
东城,陶然亭,11,6,825,105069元/平米,中海紫御公馆,1室2厅1厨1卫,底层 (共22层),78.52㎡,暂无数据,61.78㎡,板塔结合,西北,钢混结构,精装,两梯六户,集中供暖,有,70年,null,null,null,2017-07-17,商品房,2017-07-31,普通住宅,暂无数据,非共有,无抵押,已上传房本照片,1,null
东城,陶然亭,58,47,580,89341元/平米,永安路小区,2室1厅1厨1卫,底层 (共4层),64.92㎡,暂无数据,暂无数据,板楼,南,混合结构,简装,一梯四户,集中供暖,无,70年,null,null,null,2016-11-29,商品房,2013-06-05,普通住宅,满两年,非共有,无抵押,已上传房本照片,0,null
东城,陶然亭,55,11,3550,159558元/平米,中信沁园,4室2厅2厨3卫,高楼层 (共20层),222.49㎡,平层,176.21㎡,板塔结合,南 北,钢混结构,精装,两梯两户,集中供暖,有,70年,null,null,null,2017-06-11,商品房,2013-06-28,普通住宅,满两年,非共有,有抵押 450万元 中信银行 业主自还,已上传房本照片,2,null
东城,陶然亭,42,2,3800,137686元/平米,朱雀门,5室2厅1厨3卫,顶层 (共6层),275.99㎡,暂无数据,247.84㎡,板楼,南 北,钢混结构,精装,一梯两户,集中供暖,有,70年,null,null,null,2017-08-13,商品房,2011-07-05,普通住宅,满五年,非共有,无抵押,已上传房本照片,0,null
东城,陶然亭,259,11,3800,134314元/平米,朱雀门,4室2厅1厨3卫,高楼层 (共8层),282.92㎡,暂无数据,249.74㎡,板楼,南 北,钢混结构,精装,一梯两户,集中供暖,有,70年,null,null,null,2017-02-16,商品房,2009-12-01,普通住宅,满五年,共有,无抵押,已上传房本照片,0,null
东城,陶然亭,6,1,1120,34989元/平米,富力摩根中心,2房间1卫,低楼层 (共15层),320.1㎡,暂无数据,232.19㎡,塔楼,西,钢混结构,精装,八梯二十五户,集中供暖,有,40年,商水,商电,0元/m3,2017-08-29,商品房,2012-11-23,商业办公类,满两年,共有,无抵押,已上传房本照片,1,null
东城,陶然亭,9,5,3500,148936元/平米,一瓶,4室2厅1厨3卫,高楼层 (共13层),235㎡,暂无数据,197.87㎡,板楼,东 南 西 北,钢混结构,精装,一梯两户,集中供暖,有,70年,null,null,null,2017-08-20,商品房,2013-05-21,普通住宅,满两年,非共有,无抵押,已上传房本照片,0,null
东城,陶然亭,7,0,850,81138元/平米,天桥北里,3室1厅1厨1卫,低楼层 (共12层),104.76㎡,平层,86.3㎡,塔楼,西南,钢混结构,毛坯,一梯三十户,集中供暖,有,70年,null,null,null,2017-09-04,二类经济适用房,2005-09-01,普通住宅,满五年,非共有,无抵押,已上传房本照片,0,null
东城,陶然亭,17,0,1420,147947元/平米,中信锦园,2室1厅1厨1卫,中楼层 (共18层),95.98㎡,平层,74.75㎡,板塔结合,南 北,钢混结构,精装,两梯三户,集中供暖,有,70年,null,null,null,2017-08-25,商品房,2011-07-08,普通住宅,满五年,非共有,有抵押 120万元 客户偿还,已上传房本照片,0,null
东城,陶然亭,64,0,786.3,100000元/平米,南纬路2号院,3室1厅1厨1卫,中楼层 (共12层),78.63㎡,平层,暂无数据,板塔结合,南 北,钢混结构,其他,一梯六户,集中供暖,有,70年,null,null,null,2017-08-11,已购公房,2002-03-20,普通住宅,满五年,非共有,暂无数据,已上传房本照片,0,null
