城区,区域,关注,带看,挂牌价,单价,小区,房屋户型,所在楼层,建筑面积,户型结构,套内面积,建筑类型,房屋朝向,建筑结构,装修情况,梯户比例,供暖方式,配备电梯,产权年限,用水类型,用电类型,燃气价格,挂牌时间,交易属性,上次交易,房屋用途,房屋年限,产权所属,抵押信心,房本备件,近七天带看,地铁
东城,朝阳门外,99,61,942,61970元/平米,昆泰国际公寓,2室2厅1厨2卫,高楼层 (共26层),152.01㎡,平层,112.74㎡,塔楼,南,钢混结构,简装,四梯十一户,集中供暖,有,70年,null,null,null,2017-08-05,私产,2007-04-16,公寓,满五年,非共有,暂无数据,已上传房本照片,0,距离6号线东大桥站909米
东城,朝阳门外,212,72,435,87666元/平米,吉祥里,2室1厅1厨1卫,中楼层 (共6层),49.62㎡,暂无数据,34.91㎡,板楼,南 北,混合结构,精装,一梯四户,集中供暖,无,70年,null,null,null,2017-08-05,商品房,2012-10-24,普通住宅,满两年,非共有,有抵押 115万元 北京银行 业主自还,已上传房本照片,16,null
东城,朝阳门外,74,33,1170,94454元/平米,麒麟公馆,1室1厅1厨2卫,中楼层 (共24层),123.87㎡,暂无数据,暂无数据,板塔结合,东 西 北,钢混结构,精装,两梯五户,集中供暖,有,70年,null,null,null,2017-05-14,商品房,2012-05-21,普通住宅,满五年,非共有,有抵押 65万元 深圳银行,已上传房本照片,14,null
东城,朝阳门外,25,4,541,85887元/平米,芳草地西街,3室1厅1厨1卫,中楼层 (共5层),62.99㎡,暂无数据,1㎡,板楼,东 西 北,混合结构,简装,一梯四户,集中供暖,无,70年,null,null,null,2017-08-26,私产,1999-08-16,普通住宅,满五年,非共有,无抵押,已上传房本照片,2,null
东城,朝阳门外,44,29,458,79888元/平米,三丰里小区,2室1厅1厨1卫,低楼层 (共6层),57.33㎡,暂无数据,39.71㎡,板楼,南 北,混合结构,简装,一梯两户,集中供暖,无,70年,null,null,null,2017-08-24,已购公房,1999-10-25,普通住宅,满五年,非共有,无抵押,已上传房本照片,7,null
东城,朝阳门外,34,20,512,79913元/平米,市场街,2室1厅1厨1卫,低楼层 (共16层),64.07㎡,暂无数据,暂无数据,塔楼,东 西 北,钢混结构,精装,两梯七户,集中供暖,有,70年,null,null,null,2017-08-28,商品房,2015-06-04,普通住宅,满两年,非共有,无抵押,已上传房本照片,6,null
东城,朝阳门外,20,14,920,90981元/平米,吉祥里,3室1厅2厨1卫,低楼层 (共6层),101.12㎡,暂无数据,暂无数据,板楼,南 北,混合结构,简装,一梯两户,集中供暖,无,70年,null,null,null,2017-09-05,商品房,2011-10-13,普通住宅,满五年,共有,有抵押 550万元 客户偿还,已上传房本照片,14,null
东城,朝阳门外,73,93,1060,82381元/平米,吉庆里小区,3室1厅1厨2卫,中楼层 (共9层),128.67㎡,暂无数据,100㎡,板楼,东 西,钢混结构,简装,一梯四户,集中供暖,有,70年,null,null,null,2017-07-22,央产房,2017-08-02,普通住宅,暂无数据,非共有,无抵押,已上传房本照片,21,null
东城,朝阳门外,9,7,580,105551元/平米,潘家坡胡同4号院,2室1厅1厨1卫,中楼层 (共5层),54.95㎡,暂无数据,1㎡,板楼,南 北,混合结构,精装,一梯两户,集中供暖,无,70年,null,null,null,2017-09-04,私产,2007-12-20,普通住宅,满五年,非共有,有抵押 7万元 中信银行 业主自还,已上传房本照片,7,null
东城,朝阳门外,30,5,320,54663元/平米,新金山酒店式公寓,1室0厅1厨1卫,高楼层 (共24层),58.54㎡,暂无数据,39.14㎡,板塔结合,西,钢混结构,精装,四梯二十五户,集中供暖,有,70年,null,null,null,2017-08-22,商品房,2010-11-16,公寓,满五年,非共有,无抵押,已上传房本照片,2,null
东城,朝阳门外,43,48,600,90117元/平米,王家园胡同,2室1厅1厨1卫,底层 (共6层),66.58㎡,暂无数据,暂无数据,板楼,东 西,混合结构,简装,一梯两户,集中供暖,无,70年,null,null,null,2017-07-23,已购公房,2012-03-19,普通住宅,满五年,非共有,无抵押,已上传房本照片,19,null
东城,朝阳门外,240,289,1200,55152元/平米,京华豪园,4室2厅1厨3卫,低楼层 (共21层),217.58㎡,暂无数据,150.07㎡,塔楼,东 南 西,钢混结构,简装,两梯五户,集中供暖,有,70年,null,null,null,2017-09-01,商品房,2010-06-23,普通住宅,满五年,非共有,无抵押,已上传房本照片,0,null
东城,朝阳门外,53,44,544,92928元/平米,新中西街,2室1厅1厨1卫,低楼层 (共7层),58.54㎡,暂无数据,58㎡,板楼,南 北,砖混结构,简装,一梯两户,集中供暖,无,70年,null,null,null,2017-08-27,私产,2001-03-09,普通住宅,满五年,非共有,无抵押,已上传房本照片,36,null
东城,朝阳门外,20,15,1362,85974元/平米,日坛晶华,3室1厅1厨2卫,中楼层 (共6层),158.42㎡,暂无数据,暂无数据,板楼,东 西,钢混结构,精装,一梯三户,集中供暖,有,70年,null,null,null,2017-08-31,私产,2003-06-11,普通住宅,满五年,非共有,有抵押 450万元 北京银行 客户偿还,已上传房本照片,0,null
东城,朝阳门外,81,9,476,79973元/平米,三丰里小区,2室1厅1厨1卫,中楼层 (共6层),59.52㎡,暂无数据,暂无数据,板楼,南 北,混合结构,精装,一梯两户,集中供暖,无,70年,null,null,null,2017-08-23,已购公房,2003-11-05,普通住宅,满五年,非共有,无抵押,已上传房本照片,2,null
东城,朝阳门外,74,55,1160,62642元/平米,美惠大厦,3室2厅2厨3卫,高楼层 (共15层),185.18㎡,暂无数据,暂无数据,板塔结合,西,钢混结构,精装,两梯四户,集中供暖,有,70年,null,null,null,2017-06-24,商品房,2012-04-11,公寓,满五年,非共有,无抵押,已上传房本照片,1,null
东城,朝阳门外,69,84,450,79972元/平米,市场街,2室1厅1厨1卫,底层 (共16层),56.27㎡,暂无数据,暂无数据,塔楼,东 西北,钢混结构,简装,两梯七户,集中供暖,有,70年,null,null,null,2017-06-13,商品房,2013-02-04,普通住宅,满两年,非共有,无抵押,已上传房本照片,13,null
东城,朝阳门外,32,7,530,79916元/平米,雅宝里,3室1厅1厨1卫,高楼层 (共18层),66.32㎡,暂无数据,50.71㎡,塔楼,西 东北,钢混结构,简装,两梯八户,集中供暖,有,70年,null,null,null,2017-09-03,私产,2008-09-04,普通住宅,满五年,非共有,无抵押,已上传房本照片,7,null
东城,朝阳门外,16,21,920,92055元/平米,吉庆里小区,2室1厅1厨1卫,中楼层 (共9层),99.94㎡,暂无数据,暂无数据,板楼,西北,钢混结构,精装,一梯两户,集中供暖,有,70年,null,null,null,2017-08-25,私产,2007-05-16,普通住宅,满五年,非共有,无抵押,已上传房本照片,10,null
东城,朝阳门外,97,26,950,88175元/平米,吉庆里小区,3室1厅1厨1卫,低楼层 (共21层),107.74㎡,暂无数据,88.41㎡,塔楼,东北,钢混结构,精装,两梯十户,集中供暖,有,70年,null,null,null,2017-05-21,商品房,2009-12-09,普通住宅,满五年,非共有,有抵押 30万元,已上传房本照片,2,null
东城,朝阳门外,16,1,326,55918元/平米,新金山酒店式公寓,1室0厅1厨1卫,高楼层 (共24层),58.3㎡,平层,38.98㎡,板塔结合,东,钢混结构,精装,四梯二十一户,集中供暖,有,70年,null,null,null,2017-08-31,商品房,2010-06-11,公寓,满五年,非共有,有抵押,已上传房本照片,1,null
东城,朝阳门外,35,16,674,82933元/平米,吉祥里,3室1厅1厨1卫,中楼层 (共19层),81.27㎡,暂无数据,68.19㎡,塔楼,西南 北,钢混结构,简装,两梯十户,集中供暖,有,70年,null,null,null,2017-08-25,已购公房,1999-07-06,普通住宅,满五年,非共有,无抵押,已上传房本照片,8,null
东城,朝阳门外,71,13,909,75124元/平米,三丰里小区,4室1厅1厨1卫,高楼层 (共6层),121㎡,暂无数据,90.12㎡,板楼,南 西 北,混合结构,简装,一梯两户,集中供暖,无,70年,null,null,null,2017-07-14,已购公房,2002-05-27,普通住宅,满五年,非共有,无抵押,已上传房本照片,1,null
东城,朝阳门外,181,14,435,74550元/平米,朝阳门南大街,2室1厅1厨1卫,中楼层 (共20层),58.35㎡,暂无数据,41.07㎡,塔楼,西北,钢混结构,简装,两梯八户,集中供暖,有,70年,null,null,null,2017-07-24,商品房,2012-01-17,普通住宅,满五年,非共有,无抵押,已上传房本照片,0,null
东城,朝阳门外,79,17,340,79254元/平米,雅宝路,1室1厅1厨1卫,底层 (共16层),42.9㎡,暂无数据,37㎡,塔楼,南,钢混结构,精装,一梯六户,集中供暖,有,70年,null,null,null,2017-07-23,已购公房,1996-06-30,普通住宅,满五年,非共有,无抵押,已上传房本照片,2,null
东城,朝阳门外,41,10,650,88786元/平米,王家园胡同,2室1厅1厨1卫,顶层 (共6层),73.21㎡,暂无数据,65㎡,板楼,南 北,混合结构,简装,一梯两户,集中供暖,无,70年,null,null,null,2017-07-14,已购公房,2005-06-28,普通住宅,满五年,非共有,无抵押,已上传房本照片,2,null
东城,朝阳门外,39,3,845,106894元/平米,麒麟公馆,1室1厅1厨1卫,低楼层 (共24层),79.05㎡,暂无数据,59.21㎡,板塔结合,南,钢混结构,精装,两梯三户,集中供暖,有,70年,null,null,null,2017-08-28,商品房,2012-09-24,普通住宅,满两年,非共有,无抵押,已上传房本照片,2,null
东城,朝阳门外,31,2,620,62155元/平米,美惠大厦,1室1厅0厨1卫,低楼层 (共15层),99.75㎡,平层,暂无数据,板塔结合,东,钢混结构,简装,两梯五户,集中供暖,有,70年,null,null,null,2017-04-12,私产,2008-07-16,公寓,满五年,共有,有抵押 客户偿还,已上传房本照片,0,null
东城,朝阳门外,254,17,540,76661元/平米,朝阳门北大街,3室2厅1厨1卫,中楼层 (共16层),70.44㎡,暂无数据,47.44㎡,塔楼,东北,钢混结构,简装,两梯八户,集中供暖,有,70年,null,null,null,2017-08-17,商品房,2009-11-28,普通住宅,满五年,非共有,无抵押,已上传房本照片,6,null
东城,朝阳门外,25,0,545,82978元/平米,日坛国际公寓,1室1厅1厨1卫,高楼层 (共18层),65.68㎡,暂无数据,47.53㎡,塔楼,西,钢混结构,精装,两梯八户,集中供暖,有,70年,null,null,null,2017-09-05,商品房,2010-01-07,公寓,满五年,非共有,无抵押,已上传房本照片,0,null
东城,朝阳门外,9,0,378,78554元/平米,雅宝里,1室1厅1厨1卫,中楼层 (共6层),48.12㎡,暂无数据,31.07㎡,板楼,南 北,混合结构,精装,一梯两户,集中供暖,无,70年,null,null,null,2017-09-02,商品房,2010-05-10,普通住宅,满五年,共有,无抵押,已上传房本照片,0,距离2号线朝阳门站988米
东城,朝阳门外,5,7,680,97087元/平米,潘家坡胡同4号院,3室1厅1厨1卫,高楼层 (共6层),70.04㎡,平层,58㎡,板楼,南 北,混合结构,其他,一梯两户,集中供暖,无,40年,null,null,null,2017-07-20,已购公房,1994-10-14,普通住宅,满五年,非共有,暂无数据,已上传房本照片,0,null
东城,朝阳门外,92,2,512,79850元/平米,朝阳门北大街,2室1厅1厨1卫,中楼层 (共16层),64.12㎡,暂无数据,45.13㎡,塔楼,南,钢混结构,其他,两梯八户,集中供暖,有,70年,null,null,null,2017-08-18,已购公房,2000-05-30,普通住宅,满五年,非共有,暂无数据,已上传房本照片,0,null
东城,朝阳门外,56,4,1200,63506元/平米,美惠大厦,3室1厅1厨2卫,中楼层 (共15层),188.96㎡,平层,暂无数据,板塔结合,东 西,钢混结构,精装,两梯五户,集中供暖,有,70年,null,null,null,2017-04-14,私产,2001-01-16,普通住宅,满五年,非共有,有抵押 140万元 招商银行 业主自还,已上传房本照片,1,null
东城,朝阳门外,21,22,1320,100106元/平米,唐缘私家别墅,2室1厅1厨2卫,高楼层 (共6层),131.86㎡,暂无数据,96.61㎡,板楼,东 西,钢混结构,精装,一梯两户,集中供暖,有,70年,null,null,null,2017-08-03,商品房,2017-03-24,普通住宅,暂无数据,非共有,无抵押,已上传房本照片,4,null
东城,朝阳门外,16,6,315,53809元/平米,新金山酒店式公寓,1室0厅1厨1卫,高楼层 (共24层),58.54㎡,平层,39.14㎡,板塔结合,西,钢混结构,精装,四梯十七户,集中供暖,有,70年,null,null,null,2017-08-06,商品房,2010-10-25,公寓,满五年,非共有,无抵押,已上传房本照片,0,null
东城,朝阳门外,184,60,708.6,90000元/平米,新中西街,3室1厅1厨1卫,中楼层 (共7层),78.73㎡,暂无数据,暂无数据,板楼,东 西 北,混合结构,简装,一梯三户,集中供暖,无,70年,null,null,null,2017-01-16,商品房,2016-02-26,普通住宅,暂无数据,非共有,有抵押 客户偿还,已上传房本照片,1,null
东城,朝阳门外,86,12,680,92668元/平米,王家园胡同,2室1厅1厨1卫,顶层 (共6层),73.38㎡,平层,60㎡,板楼,南 北,混合结构,简装,一梯两户,集中供暖,无,70年,null,null,null,2017-04-15,商品房,2006-01-20,普通住宅,满五年,非共有,无抵押,已上传房本照片,1,null
东城,朝阳门外,86,24,1100,107854元/平米,唐缘私家别墅,1室1厅1厨1卫,中楼层 (共6层),101.99㎡,暂无数据,77㎡,板楼,南,钢混结构,其他,一梯两户,集中供暖,有,70年,null,null,null,2017-04-14,商品房,2015-10-10,普通住宅,暂无数据,非共有,暂无数据,已上传房本照片,0,null
东城,朝阳门外,54,6,400,83333元/平米,吉祥里,2室1厅1厨1卫,高楼层 (共6层),48㎡,暂无数据,30.16㎡,板楼,西,混合结构,其他,一梯六户,集中供暖,无,70年,null,null,null,2017-08-16,已购公房,2016-11-28,普通住宅,暂无数据,非共有,无抵押,已上传房本照片,0,null
东城,朝阳门外,20,12,320,54598元/平米,新金山酒店式公寓,1室0厅1厨1卫,中楼层 (共24层),58.61㎡,暂无数据,39.19㎡,板塔结合,西,钢混结构,精装,四梯二十五户,集中供暖,有,70年,null,null,null,2017-06-03,商品房,2010-09-15,公寓,满五年,非共有,有抵押 50万元 业主自还,已上传房本照片,1,null
东城,朝阳门外,14,3,315,53809元/平米,新金山酒店式公寓,1室0厅1厨1卫,中楼层 (共24层),58.54㎡,暂无数据,39.14㎡,板塔结合,西,钢混结构,精装,四梯二十五户,集中供暖,有,70年,null,null,null,2017-08-06,商品房,2010-07-20,公寓,满五年,非共有,无抵押,已上传房本照片,0,null
东城,朝阳门外,112,4,560,95759元/平米,新中西街,3室1厅1厨1卫,中楼层 (共7层),58.48㎡,暂无数据,46.78㎡,板楼,东 西,砖混结构,简装,一梯两户,集中供暖,无,70年,null,null,null,2017-07-09,商品房,2014-11-25,普通住宅,满两年,非共有,有抵押 110万元 业主自还,已上传房本照片,1,null
东城,朝阳门外,70,2,545,92988元/平米,新中西街,2室1厅1厨1卫,顶层 (共7层),58.61㎡,平层,50㎡,板楼,南 北,混合结构,简装,一梯两户,集中供暖,无,70年,null,null,null,2017-05-19,私产,2001-10-31,普通住宅,满五年,非共有,无抵押,已上传房本照片,0,null
东城,朝阳门外,50,1,305,59200元/平米,三丰里小区,2室1厅1厨1卫,地下室 (共6层),51.52㎡,平层,38.65㎡,板楼,南 北,混合结构,简装,一梯两户,集中供暖,无,70年,null,null,null,2017-05-31,已购公房,2012-08-03,普通住宅,满五年,非共有,无抵押,已上传房本照片,0,null
东城,朝阳门外,37,0,350,71502元/平米,雅宝里,2室1厅1厨1卫,地下室 (共6层),48.95㎡,平层,36.72㎡,板楼,南 北,混合结构,简装,一梯两户,集中供暖,无,70年,null,null,null,2017-04-22,已购公房,2000-11-16,普通住宅,满五年,非共有,无抵押,已上传房本照片,0,null
东城,朝阳门外,125,40,409,54899元/平米,新金山酒店式公寓,1室0厅1厨1卫,低楼层 (共24层),74.5㎡,平层,49.81㎡,板塔结合,西,钢混结构,精装,四梯二十五户,集中供暖,有,70年,null,null,null,2017-02-24,商品房,2016-08-10,普通住宅,暂无数据,非共有,有抵押 132万元 客户偿还,已上传房本照片,0,null
东城,朝阳门外,36,10,1240,99799元/平米,唐缘私家别墅,2室1厅1厨2卫,底层 (共6层),124.25㎡,暂无数据,91.04㎡,板楼,东 西,钢混结构,精装,一梯两户,集中供暖,有,70年,null,null,null,2017-06-28,商品房,2017-04-11,普通住宅,暂无数据,非共有,无抵押,已上传房本照片,1,null
东城,朝阳门外,21,0,313,53404元/平米,新金山酒店式公寓,1室0厅1厨1卫,高楼层 (共24层),58.61㎡,暂无数据,暂无数据,板塔结合,西,钢混结构,精装,四梯二十五户,集中供暖,有,70年,null,null,null,2017-08-20,商品房,2016-12-07,公寓,暂无数据,非共有,有抵押 105万元 中国工商银行 客户偿还,已上传房本照片,0,null
东城,朝阳门外,55,7,382,84889元/平米,吉祥里,1室1厅1厨1卫,顶层 (共6层),45㎡,暂无数据,暂无数据,板楼,南 北,混合结构,精装,一梯二十三户,集中供暖,无,70年,null,null,null,2017-05-14,已购公房,2016-11-30,普通住宅,暂无数据,非共有,无抵押,已上传房本照片,0,null
东城,朝阳门外,90,3,518,81910元/平米,吉祥里,2室1厅1厨1卫,顶层 (共6层),63.24㎡,平层,暂无数据,板楼,东,混合结构,精装,一梯二十三户,集中供暖,无,70年,null,null,null,2017-05-28,商品房,2016-03-16,普通住宅,暂无数据,非共有,有抵押 175万元 工商银行 客户偿还,已上传房本照片,1,null
东城,朝阳门外,1,3,414,84923元/平米,吉祥里,1室1厅1厨1卫,中楼层 (共6层),48.75㎡,平层,48075㎡,板楼,西南,混合结构,简装,一梯四户,集中供暖,无,70年,null,null,null,2017-07-22,已购公房,2016-12-07,普通住宅,暂无数据,非共有,暂无数据,已上传房本照片,3,null
东城,朝阳门外,35,0,337,81816元/平米,吉祥里,1室1厅1厨1卫,顶层 (共6层),41.19㎡,暂无数据,27.68㎡,板楼,东,混合结构,精装,一梯四户,集中供暖,无,70年,null,null,null,2017-08-09,已购公房,2016-12-15,普通住宅,暂无数据,非共有,无抵押,已上传房本照片,0,null
东城,朝阳门外,32,1,459,79923元/平米,三丰里小区,2室1厅1厨1卫,高楼层 (共6层),57.43㎡,平层,57.43㎡,板楼,南 北,混合结构,精装,一梯两户,集中供暖,无,70年,null,null,null,2017-08-23,已购公房,2015-01-27,普通住宅,满两年,非共有,无抵押,已上传房本照片,1,null
