城区,区域,关注,带看,挂牌价,单价,小区,房屋户型,所在楼层,建筑面积,户型结构,套内面积,建筑类型,房屋朝向,建筑结构,装修情况,梯户比例,供暖方式,配备电梯,产权年限,用水类型,用电类型,燃气价格,挂牌时间,交易属性,上次交易,房屋用途,房屋年限,产权所属,抵押信心,房本备件,近七天带看,地铁
东城,灯市口,191,41,520,107261元/平米,大草厂胡同,2室1厅1厨1卫,中楼层 (共5层),48.48㎡,暂无数据,48.48㎡,板楼,南 北,混合结构,简装,一梯三户,集中供暖,无,70年,null,null,null,2017-07-11,商品房,2013-11-04,普通住宅,满两年,非共有,有抵押 150万元 北京银行 业主自还,已上传房本照片,0,距离5号线灯市口站1164米
东城,灯市口,42,28,600,110579元/平米,沙滩南巷,2室1厅1厨1卫,顶层 (共5层),54.26㎡,暂无数据,暂无数据,板楼,南 北,砖混结构,简装,一梯三户,暂无数据,暂无数据,70年,null,null,null,2017-08-04,已购公房,1993-09-20,普通住宅,满五年,非共有,无抵押,已上传房本照片,0,null
东城,灯市口,21,17,590,121574元/平米,灯市口大街27号院,2室1厅1厨1卫,底层 (共5层),48.53㎡,暂无数据,暂无数据,板楼,南,砖混结构,毛坯,一梯三户,集中供暖,暂无数据,70年,null,null,null,2017-09-02,已购公房,2000-11-02,普通住宅,满五年,非共有,无抵押,已上传房本照片,16,null
东城,灯市口,18,15,690,119357元/平米,北河沿大街,2室1厅1厨1卫,中楼层 (共6层),57.81㎡,平层,56.81㎡,塔楼,西北,混合结构,精装,一梯五户,集中供暖,无,70年,null,null,null,2017-08-15,已购公房,1996-09-01,普通住宅,满五年,非共有,无抵押,已上传房本照片,4,null
东城,灯市口,26,30,695,118338元/平米,北河沿大街,2室1厅1厨1卫,顶层 (共6层),58.73㎡,平层,暂无数据,板楼,南 北,混合结构,简装,一梯三户,集中供暖,无,70年,null,null,null,2017-06-12,已购公房,2002-09-02,普通住宅,满五年,非共有,无抵押,已上传房本照片,1,null
东城,灯市口,6,1,670,124884元/平米,西堂子胡同,1室1厅1厨1卫,顶层 (共9层),53.65㎡,暂无数据,1㎡,板塔结合,西,钢混结构,简装,两梯十四户,集中供暖,有,70年,null,null,null,2017-09-01,已购公房,2001-06-03,普通住宅,满五年,非共有,无抵押,已上传房本照片,0,null
东城,灯市口,22,0,680,117505元/平米,北河沿大街,2室1厅1厨1卫,顶层 (共6层),57.87㎡,平层,57.87㎡,塔楼,西北,混合结构,简装,一梯五户,集中供暖,无,70年,null,null,null,2017-08-16,已购公房,2002-07-16,普通住宅,满五年,非共有,无抵押,已上传房本照片,0,null
东城,灯市口,9,0,690,118455元/平米,骑河楼大街,2室1厅1厨1卫,中楼层 (共6层),58.25㎡,暂无数据,49㎡,板楼,东 西,混合结构,简装,一梯两户,集中供暖,无,70年,null,null,null,2017-08-26,已购公房,2002-09-02,普通住宅,满五年,非共有,无抵押,已上传房本照片,0,null
东城,灯市口,95,68,897,119936元/平米,北河沿大街,3室0厅1厨1卫,中楼层 (共6层),74.79㎡,暂无数据,暂无数据,板楼,东 南 西,砖混结构,其他,一梯两户,集中供暖,无,70年,null,null,null,2017-03-24,已购公房,2004-08-30,普通住宅,满五年,非共有,暂无数据,已上传房本照片,0,null
东城,灯市口,58,14,675,114815元/平米,东厂北巷3号院,2室1厅1厨1卫,高楼层 (共6层),58.79㎡,暂无数据,52㎡,板楼,东 西,砖混结构,精装,一梯两户,集中供暖,无,70年,null,null,null,2017-06-30,已购公房,2000-01-05,普通住宅,满五年,非共有,无抵押,已上传房本照片,0,null
东城,灯市口,37,2,1050,109764元/平米,灯市口大街,3室1厅1厨1卫,中楼层 (共11层),95.66㎡,暂无数据,88㎡,板塔结合,东南,混合结构,简装,一梯十二户,集中供暖,有,70年,null,null,null,2017-08-13,央产房,1999-10-31,普通住宅,满五年,非共有,无抵押,已上传房本照片,0,null
东城,灯市口,130,1,830,119683元/平米,西堂子胡同,3室1厅1厨1卫,中楼层 (共6层),69.35㎡,暂无数据,暂无数据,板楼,南 北,砖混结构,简装,一梯两户,集中供暖,无,70年,null,null,null,2017-07-18,商品房,2009-09-25,普通住宅,满五年,非共有,无抵押,已上传房本照片,0,null
东城,灯市口,28,87,660,121279元/平米,灯市口大街,2室1厅1厨1卫,高楼层 (共6层),54.42㎡,平层,暂无数据,板楼,南 北,混合结构,简装,一梯两户,集中供暖,无,70年,null,null,null,2017-06-13,央产房,2016-11-09,普通住宅,暂无数据,非共有,无抵押,已上传房本照片,10,null
东城,灯市口,5,86,1190,124399元/平米,灯市口大街,3室1厅1厨1卫,中楼层 (共11层),95.66㎡,暂无数据,暂无数据,板塔结合,东 南,混合结构,简装,一梯十二户,集中供暖,有,70年,null,null,null,2017-06-09,央产房,2017-03-16,普通住宅,暂无数据,共有,无抵押,已上传房本照片,6,null
东城,灯市口,25,4,791,124961元/平米,灯市口大街,3室1厅1厨1卫,中楼层 (共6层),63.3㎡,暂无数据,60㎡,板楼,南 北,混合结构,简装,一梯三户,集中供暖,无,70年,null,null,null,2017-08-30,已购公房,2002-06-10,普通住宅,满五年,共有,无抵押,已上传房本照片,1,null
东城,灯市口,10,2,820,124111元/平米,东厂胡同,2室1厅1厨1卫,顶层 (共5层),66.07㎡,暂无数据,56㎡,板楼,东 西,混合结构,其他,一梯四户,集中供暖,无,70年,null,null,null,2017-08-30,已购公房,2006-02-06,普通住宅,满五年,非共有,暂无数据,已上传房本照片,1,null
东城,灯市口,13,3,1030,123235元/平米,东厂胡同,3室1厅1厨1卫,顶层 (共5层),83.58㎡,暂无数据,暂无数据,板楼,东 西,混合结构,精装,一梯四户,集中供暖,无,70年,null,null,null,2017-08-30,已购公房,2006-02-06,普通住宅,满五年,非共有,无抵押,已上传房本照片,1,null
东城,灯市口,34,2,660,103093元/平米,东四西大街40号院,2室1厅1厨1卫,中楼层 (共5层),64.02㎡,暂无数据,61.98㎡,板楼,西北,混合结构,简装,一梯四户,集中供暖,暂无数据,70年,null,null,null,2017-07-09,已购公房,2001-02-27,普通住宅,满五年,非共有,无抵押,已上传房本照片,1,null
东城,灯市口,98,16,480,115385元/平米,东皇城根南街,1室1厅1厨1卫,顶层 (共6层),41.6㎡,暂无数据,暂无数据,板楼,南,砖混结构,其他,一梯三户,集中供暖,无,70年,null,null,null,2017-08-05,已购公房,2002-04-03,普通住宅,满五年,非共有,暂无数据,已上传房本照片,5,null
东城,灯市口,131,27,455,103810元/平米,东四西大街50号院,1室1厅1厨1卫,顶层 (共5层),43.83㎡,暂无数据,43㎡,板楼,东 北,混合结构,简装,一梯三户,集中供暖,无,70年,null,null,null,2017-08-02,央产房,2016-02-05,普通住宅,暂无数据,共有,无抵押,已上传房本照片,10,null
东城,灯市口,51,3,850,110289元/平米,灯市口西街,3室1厅1厨1卫,顶层 (共6层),77.07㎡,暂无数据,暂无数据,板楼,南 北,混合结构,简装,一梯两户,集中供暖,无,70年,null,null,null,2017-06-11,私产,2004-01-12,普通住宅,满五年,非共有,无抵押,已上传房本照片,0,null
东城,灯市口,75,6,600,119166元/平米,灯市口大街,1室1厅1厨1卫,中楼层 (共10层),50.35㎡,暂无数据,暂无数据,板塔结合,南,钢混结构,精装,一梯十一户,集中供暖,有,70年,null,null,null,2017-07-16,私产,2007-02-26,普通住宅,满五年,共有,无抵押,已上传房本照片,1,null
东城,灯市口,21,3,772,119857元/平米,北河沿大街,2室1厅1厨1卫,中楼层 (共6层),64.41㎡,暂无数据,暂无数据,板楼,东 西,砖混结构,简装,一梯两户,集中供暖,无,70年,null,null,null,2017-07-31,已购公房,2013-07-04,普通住宅,满两年,非共有,有抵押 50万元 客户偿还,已上传房本照片,0,null
东城,灯市口,13,2,742,114878元/平米,东皇城根南街,2室2厅1厨1卫,中楼层 (共6层),64.59㎡,暂无数据,暂无数据,板楼,西 北,砖混结构,简装,一梯三户,集中供暖,无,70年,null,null,null,2017-06-11,私产,2002-04-03,普通住宅,满五年,非共有,无抵押,已上传房本照片,0,null
东城,灯市口,89,1,610,112796元/平米,沙滩南巷,2室1厅1厨1卫,中楼层 (共5层),54.08㎡,暂无数据,暂无数据,板楼,南 北,砖混结构,精装,一梯三户,暂无数据,暂无数据,70年,null,null,null,2017-07-25,私产,2007-05-17,普通住宅,满五年,非共有,无抵押,已上传房本照片,0,null
东城,灯市口,229,47,795,108770元/平米,北河沿大街,3室1厅1厨1卫,高楼层 (共6层),73.09㎡,暂无数据,暂无数据,塔楼,东北,砖混结构,简装,一梯五户,集中供暖,无,70年,null,null,null,2017-02-19,商品房,2015-02-04,普通住宅,满两年,非共有,无抵押,已上传房本照片,0,null
东城,灯市口,70,17,800,107672元/平米,灯市口大街,2室0厅1厨1卫,低楼层 (共12层),74.3㎡,暂无数据,暂无数据,板塔结合,东北,钢混结构,精装,一梯六户,集中供暖,有,70年,null,null,null,2017-05-13,商品房,2016-01-13,普通住宅,暂无数据,共有,无抵押,已上传房本照片,2,null
东城,灯市口,19,4,750,119789元/平米,东厂胡同,2室1厅1厨1卫,中楼层 (共5层),62.61㎡,暂无数据,暂无数据,板楼,东 西,混合结构,简装,一梯六户,集中供暖,无,70年,null,null,null,2017-08-07,已购公房,2017-07-28,普通住宅,暂无数据,共有,无抵押,已上传房本照片,0,null
东城,灯市口,32,0,1030,125000元/平米,甘雨胡同33号院,3室1厅1厨1卫,中楼层 (共6层),82.4㎡,暂无数据,暂无数据,板楼,南 北,混合结构,简装,一梯两户,集中供暖,无,70年,null,null,null,2017-08-30,已购公房,2006-07-27,普通住宅,满五年,非共有,无抵押,已上传房本照片,0,null
东城,灯市口,30,45,848,111977元/平米,北河沿大街,3室1厅1厨1卫,底层 (共6层),75.73㎡,平层,68㎡,板楼,南 北,混合结构,其他,一梯三户,集中供暖,无,70年,null,null,null,2017-06-11,央产房,2016-07-26,普通住宅,暂无数据,共有,暂无数据,已上传房本照片,6,null
