城区,区域,关注,带看,挂牌价,单价,小区,房屋户型,所在楼层,建筑面积,户型结构,套内面积,建筑类型,房屋朝向,建筑结构,装修情况,梯户比例,供暖方式,配备电梯,产权年限,用水类型,用电类型,燃气价格,挂牌时间,交易属性,上次交易,房屋用途,房屋年限,产权所属,抵押信心,房本备件,近七天带看,地铁
西城,宣武门,98,19,824,104901元/平米,椿树园,2室1厅1厨1卫,中楼层 (共18层),78.55㎡,暂无数据,55.35㎡,塔楼,东,钢混结构,简装,两梯十二户,集中供暖,有,70年,null,null,null,2017-07-09,已购公房,2002-03-21,普通住宅,满五年,非共有,无抵押,已上传房本照片,2,距离2号线宣武门站544米
西城,宣武门,57,149,950,108053元/平米,椿树园,2室1厅1厨1卫,低楼层 (共17层),87.92㎡,平层,暂无数据,塔楼,东北,钢混结构,简装,两梯六户,集中供暖,有,70年,null,null,null,2017-06-28,央产房,2001-11-27,普通住宅,满五年,非共有,无抵押,已上传房本照片,23,null
西城,宣武门,64,15,610,99365元/平米,宣武门外西里,2室1厅1厨1卫,底层 (共6层),61.39㎡,暂无数据,44.32㎡,板楼,南 北,混合结构,简装,一梯三户,集中供暖,无,70年,null,null,null,2017-08-16,已购公房,2001-08-30,普通住宅,满五年,非共有,无抵押,已上传房本照片,3,null
西城,宣武门,91,33,2495,149913元/平米,庄胜二期,4室2厅1厨2卫,底层 (共12层),166.43㎡,暂无数据,127.22㎡,板塔结合,南 北,钢混结构,精装,两梯两户,集中供暖,有,70年,null,null,null,2017-06-07,商品房,2009-08-04,普通住宅,满五年,非共有,无抵押,已上传房本照片,2,null
西城,宣武门,34,43,1582,139605元/平米,富卓花园,2室1厅1厨1卫,低楼层 (共21层),113.32㎡,暂无数据,92.45㎡,塔楼,东,钢混结构,精装,两梯六户,集中供暖,有,70年,null,null,null,2017-07-02,私产,2007-04-27,普通住宅,满五年,非共有,无抵押,已上传房本照片,5,null
西城,宣武门,25,2,731,144810元/平米,庄胜二期,1室1厅1厨1卫,中楼层 (共12层),50.48㎡,暂无数据,38.59㎡,板塔结合,北,钢混结构,简装,两梯九户,集中供暖,有,70年,null,null,null,2017-08-30,商品房,2010-02-03,普通住宅,满五年,非共有,无抵押,已上传房本照片,1,null
西城,宣武门,53,60,1130,139180元/平米,庄胜二期,2室1厅1厨1卫,中楼层 (共12层),81.19㎡,平层,62.35㎡,板塔结合,东 西北,钢混结构,精装,两梯四户,集中供暖,有,70年,null,null,null,2017-06-29,商品房,2014-03-17,普通住宅,满两年,共有,有抵押 167万元 大华银行中国有限公司北京东城支行 客户偿还,已上传房本照片,7,null
西城,宣武门,12,7,1290,111834元/平米,椿树园,3室2厅1厨1卫,顶层 (共14层),115.35㎡,暂无数据,93.56㎡,板塔结合,东 西,钢混结构,简装,一梯两户,集中供暖,有,70年,null,null,null,2017-08-18,商品房,2009-07-30,普通住宅,满五年,非共有,无抵押,已上传房本照片,2,null
西城,宣武门,50,20,1250,138596元/平米,庄胜二期,2室1厅1厨1卫,高楼层 (共12层),90.19㎡,暂无数据,69.59㎡,板塔结合,西南,钢混结构,精装,两梯六户,集中供暖,有,70年,null,null,null,2017-07-26,商品房,2008-10-22,普通住宅,满五年,非共有,无抵押,已上传房本照片,3,null
西城,宣武门,28,10,1010,120152元/平米,椿树园,2室1厅1厨1卫,中楼层 (共18层),84.06㎡,暂无数据,56.76㎡,塔楼,南 西 北,钢混结构,精装,两梯十四户,集中供暖,有,70年,null,null,null,2017-08-31,商品房,2013-06-05,普通住宅,满两年,非共有,无抵押,已上传房本照片,5,null
西城,宣武门,72,134,1443,134935元/平米,庄胜二期,2室1厅1厨2卫,顶层 (共12层),106.94㎡,暂无数据,82.52㎡,板塔结合,东,钢混结构,简装,两梯六户,集中供暖,有,70年,null,null,null,2017-06-23,商品房,2016-04-21,普通住宅,暂无数据,共有,有抵押 305万元,已上传房本照片,12,null
西城,宣武门,196,22,1298,144898元/平米,庄胜二期,2室2厅1厨1卫,中楼层 (共12层),89.58㎡,平层,69.12㎡,板塔结合,东南,钢混结构,精装,两梯六户,集中供暖,有,70年,null,null,null,2017-02-20,商品房,2011-02-16,普通住宅,满五年,共有,有抵押 业主自还,已上传房本照片,0,null
西城,宣武门,17,15,1490,142666元/平米,庄胜二期,2室1厅1厨2卫,中楼层 (共12层),104.44㎡,平层,81.04㎡,板塔结合,西北,钢混结构,精装,两梯五户,集中供暖,有,70年,null,null,null,2017-06-21,商品房,2009-04-11,普通住宅,满五年,共有,有抵押 54万元 中国民生银行股份有限公司北京广安门支行 业主自还,已上传房本照片,1,null
西城,宣武门,0,7,750,136712元/平米,庄胜二期,1室1厅1厨1卫,中楼层 (共10层),54.86㎡,暂无数据,42.34㎡,板塔结合,北,钢混结构,精装,两梯五户,集中供暖,有,70年,null,null,null,2017-09-08,商品房,2010-09-25,普通住宅,满五年,非共有,无抵押,已上传房本照片,7,null
西城,宣武门,57,9,1170,144106元/平米,庄胜二期,2室1厅1厨1卫,低楼层 (共12层),81.19㎡,平层,62.35㎡,板塔结合,东 西 北,钢混结构,精装,两梯四户,集中供暖,有,70年,null,null,null,2017-03-16,商品房,2010-08-27,普通住宅,满五年,非共有,无抵押,已上传房本照片,0,null
西城,宣武门,7,1,580,89520元/平米,海格国际,1室0厅0厨1卫,中楼层 (共19层),64.79㎡,暂无数据,46.17㎡,塔楼,北,钢混结构,简装,两梯二十户,集中供暖,有,70年,null,null,null,2017-08-12,商品房,2012-05-03,公寓,满五年,非共有,有抵押 80万元 中国建设银行 客户偿还,已上传房本照片,1,null
西城,宣武门,22,13,530,81803元/平米,海格国际,1室0厅1厨1卫,中楼层 (共19层),64.79㎡,暂无数据,46.17㎡,塔楼,南,钢混结构,精装,两梯二十户,集中供暖,有,70年,null,null,null,2017-08-25,商品房,2013-07-18,公寓,满两年,非共有,无抵押,已上传房本照片,7,null
西城,宣武门,52,2,490,99311元/平米,东南园,2室1厅1厨1卫,低楼层 (共3层),49.34㎡,暂无数据,38㎡,板楼,南 北,混合结构,简装,一梯六户,自供暖,无,70年,null,null,null,2017-06-27,私产,2006-01-25,普通住宅,满五年,非共有,有抵押 200万元 客户偿还,已上传房本照片,0,null
西城,宣武门,31,3,1390,144912元/平米,四合上院,2室1厅1厨1卫,高楼层 (共16层),95.92㎡,暂无数据,74.03㎡,板塔结合,东北,钢混结构,简装,一梯三户,集中供暖,有,70年,null,null,null,2017-06-22,商品房,2012-11-27,普通住宅,满两年,非共有,无抵押,已上传房本照片,0,null
西城,宣武门,30,6,1310,144640元/平米,四合上院,2室1厅1厨1卫,中楼层 (共16层),90.57㎡,暂无数据,69.9㎡,板塔结合,东 西,钢混结构,精装,一梯两户,集中供暖,有,70年,null,null,null,2017-08-05,商品房,2012-12-03,普通住宅,满两年,非共有,无抵押,已上传房本照片,0,null
西城,宣武门,30,18,1260,143770元/平米,四合上院,2室1厅1厨1卫,高楼层 (共16层),87.64㎡,暂无数据,暂无数据,板塔结合,东 西,钢混结构,简装,一梯两户,集中供暖,有,70年,null,null,null,2017-05-06,商品房,2012-12-06,普通住宅,满两年,非共有,有抵押 154万元 建设银行 业主自还,已上传房本照片,1,null
西城,宣武门,60,1,1350,136861元/平米,四合上院,2室1厅1厨1卫,低楼层 (共16层),98.64㎡,平层,76.13㎡,板塔结合,南 北,钢混结构,精装,一梯三户,集中供暖,有,70年,null,null,null,2017-07-03,商品房,2012-12-03,普通住宅,满两年,非共有,有抵押 100万元 建设银行 客户偿还,已上传房本照片,0,null
西城,宣武门,41,21,750,138966元/平米,庄胜二期,1室0厅1厨1卫,低楼层 (共12层),53.97㎡,暂无数据,41.89㎡,板塔结合,北,钢混结构,精装,两梯三户,集中供暖,有,70年,null,null,null,2017-05-10,商品房,2009-07-31,普通住宅,满五年,非共有,有抵押 263万元 中国工商银行股份有限公司北京朝阳支行 业主自还,已上传房本照片,2,null
西城,宣武门,107,74,660,149898元/平米,庄胜二期,1室0厅1厨1卫,中楼层 (共12层),44.03㎡,平层,33.7㎡,板塔结合,南,钢混结构,简装,两梯五户,集中供暖,有,70年,null,null,null,2017-06-25,商品房,2016-01-13,普通住宅,暂无数据,非共有,无抵押,已上传房本照片,1,null
西城,宣武门,8,2,500,77172元/平米,海格国际,1室0厅0厨1卫,中楼层 (共19层),64.79㎡,平层,46.17㎡,塔楼,北,钢混结构,简装,两梯二十户,集中供暖,有,70年,null,null,null,2017-08-24,商品房,2016-02-26,公寓,暂无数据,非共有,有抵押 170万元 中信银行,已上传房本照片,1,null
西城,宣武门,40,2,585,123444元/平米,椿树园,1室1厅1厨1卫,高楼层 (共17层),47.39㎡,暂无数据,32.83㎡,塔楼,东南,钢混结构,精装,两梯十一户,集中供暖,有,70年,null,null,null,2017-07-10,商品房,2016-06-30,普通住宅,暂无数据,非共有,无抵押,已上传房本照片,1,null
西城,宣武门,30,6,530,89421元/平米,海格国际,1室1厅1厨1卫,中楼层 (共19层),59.27㎡,平层,42.24㎡,塔楼,东北,钢混结构,简装,两梯二十户,集中供暖,有,70年,null,null,null,2017-07-22,商品房,2016-08-22,公寓,暂无数据,非共有,有抵押 276万元 上海浦发银行 公司垫资,已上传房本照片,3,null
