城区,区域,关注,带看,挂牌价,单价,小区,房屋户型,所在楼层,建筑面积,户型结构,套内面积,建筑类型,房屋朝向,建筑结构,装修情况,梯户比例,供暖方式,配备电梯,产权年限,用水类型,用电类型,燃气价格,挂牌时间,交易属性,上次交易,房屋用途,房屋年限,产权所属,抵押信心,房本备件,近七天带看,地铁
西城,天宁寺,46,50,520,89240元/平米,天宁寺西里,2室1厅1厨1卫,低楼层 (共6层),58.27㎡,暂无数据,44.46㎡,板楼,南 北,混合结构,简装,一梯三户,集中供暖,无,70年,null,null,null,2017-04-14,央产房,1998-05-06,普通住宅,满五年,非共有,无抵押,已上传房本照片,3,null
西城,天宁寺,254,84,699,72413元/平米,广安门外南街,3室1厅1厨1卫,中楼层 (共12层),96.53㎡,暂无数据,61.54㎡,板塔结合,东 西 北,钢混结构,简装,两梯十一户,集中供暖,有,70年,null,null,null,2017-06-03,已购公房,2014-06-30,普通住宅,满两年,非共有,无抵押,已上传房本照片,0,null
西城,天宁寺,136,39,430,82820元/平米,广安门外南街,2室1厅1厨1卫,顶层 (共6层),51.92㎡,暂无数据,39.7㎡,板楼,西南,混合结构,简装,一梯五户,集中供暖,无,70年,null,null,null,2017-08-14,已购公房,2011-06-08,普通住宅,满五年,非共有,无抵押,已上传房本照片,13,null
西城,天宁寺,11,8,540,99539元/平米,白菜湾四巷17号院,2室1厅1厨1卫,中楼层 (共6层),54.25㎡,暂无数据,暂无数据,板楼,南 北,混合结构,其他,一梯三户,集中供暖,无,70年,null,null,null,2017-09-03,已购公房,2000-10-30,普通住宅,满五年,非共有,暂无数据,已上传房本照片,8,null
西城,天宁寺,207,37,465,80884元/平米,南滨河路,2室1厅1厨1卫,中楼层 (共6层),57.49㎡,暂无数据,暂无数据,板楼,东 西,混合结构,精装,一梯三户,集中供暖,暂无数据,70年,null,null,null,2017-07-27,商品房,2016-08-09,普通住宅,暂无数据,非共有,有抵押 210万元 兴业银行股份有限公司北京分行 客户偿还,已上传房本照片,8,null
西城,天宁寺,51,46,550,95536元/平米,车站东街15号院,2室1厅1厨1卫,底层 (共6层),57.57㎡,暂无数据,44.34㎡,板楼,南 北,混合结构,精装,一梯两户,集中供暖,无,70年,null,null,null,2017-07-18,已购公房,2008-09-16,普通住宅,满五年,非共有,无抵押,已上传房本照片,11,null
西城,天宁寺,30,50,515,88382元/平米,天宁寺西里,2室1厅1厨1卫,高楼层 (共6层),58.27㎡,暂无数据,44046㎡,板楼,南 北,混合结构,简装,一梯两户,集中供暖,无,70年,null,null,null,2017-07-13,央产房,1998-05-11,普通住宅,满五年,非共有,无抵押,已上传房本照片,10,null
西城,天宁寺,35,49,640,90014元/平米,车站东街甲5号院,3室1厅1厨1卫,顶层 (共6层),71.1㎡,暂无数据,50.05㎡,板楼,南 北,混合结构,简装,一梯两户,集中供暖,暂无数据,70年,null,null,null,2017-03-21,已购公房,2002-03-10,普通住宅,满五年,非共有,无抵押,已上传房本照片,0,null
西城,天宁寺,59,72,1100,62429元/平米,立恒名苑,3室1厅1厨2卫,高楼层 (共25层),176.2㎡,平层,144.03㎡,塔楼,南 西,钢混结构,简装,三梯六户,自供暖,有,70年,null,null,null,2017-06-18,商品房,2011-03-10,普通住宅,满五年,非共有,无抵押,已上传房本照片,13,null
西城,天宁寺,74,12,868,89053元/平米,天宁寺前街南里,3室1厅1厨1卫,高楼层 (共6层),97.47㎡,暂无数据,暂无数据,板楼,南 北,混合结构,精装,一梯两户,集中供暖,无,70年,null,null,null,2017-06-02,商品房,2014-01-23,普通住宅,满两年,非共有,无抵押,已上传房本照片,2,null
西城,天宁寺,44,23,750,99787元/平米,天宁寺前街北里,3室1厅1厨1卫,底层 (共5层),75.16㎡,暂无数据,57.37㎡,板楼,南 北,混合结构,精装,一梯两户,集中供暖,无,70年,null,null,null,2017-08-14,商品房,2012-11-06,普通住宅,满两年,非共有,有抵押 70万元 建行 业主自还,已上传房本照片,8,null
西城,天宁寺,387,198,520,89240元/平米,天宁寺西里,2室1厅1厨1卫,顶层 (共6层),58.27㎡,暂无数据,44.46㎡,板楼,南 北,混合结构,简装,一梯两户,集中供暖,无,70年,null,null,null,2017-03-31,央产房,1998-05-06,普通住宅,满五年,非共有,无抵押,已上传房本照片,0,null
西城,天宁寺,55,29,615,94456元/平米,天宁寺前街北里,2室1厅1厨1卫,中楼层 (共6层),65.11㎡,暂无数据,49.8㎡,板楼,南 北,混合结构,精装,一梯两户,集中供暖,无,70年,null,null,null,2017-08-11,央产房,2001-03-13,普通住宅,满五年,非共有,无抵押,已上传房本照片,8,null
西城,天宁寺,41,69,950,104926元/平米,广安苑二期,2室1厅1厨1卫,低楼层 (共23层),90.54㎡,暂无数据,61.45㎡,塔楼,东北,钢混结构,精装,三梯十户,集中供暖,有,70年,null,null,null,2017-03-14,已购公房,2007-09-10,普通住宅,满五年,非共有,无抵押,已上传房本照片,0,null
西城,天宁寺,119,25,895,95794元/平米,天宁寺前街南里,3室1厅1厨1卫,顶层 (共6层),93.43㎡,暂无数据,暂无数据,板楼,南 北,混合结构,精装,一梯两户,集中供暖,无,70年,null,null,null,2017-06-01,央产房,2002-07-10,普通住宅,满五年,非共有,无抵押,已上传房本照片,2,null
西城,天宁寺,34,10,929,94932元/平米,天宁寺前街南里,3室1厅1厨1卫,中楼层 (共6层),97.86㎡,暂无数据,67.6㎡,板楼,南 北,混合结构,精装,一梯两户,集中供暖,无,70年,null,null,null,2017-08-29,央产房,2000-11-08,普通住宅,满五年,非共有,无抵押,已上传房本照片,4,null
西城,天宁寺,163,136,550,94388元/平米,天宁寺西里,2室1厅1厨1卫,低楼层 (共6层),58.27㎡,暂无数据,44.46㎡,板楼,南 北,混合结构,简装,一梯两户,集中供暖,无,70年,null,null,null,2017-04-28,央产房,1998-05-06,普通住宅,满五年,非共有,无抵押,已上传房本照片,0,null
西城,天宁寺,34,6,1290,89181元/平米,天宁寺前街,4室2厅1厨2卫,中楼层 (共8层),144.65㎡,暂无数据,98.42㎡,板楼,南 北,混合结构,精装,一梯两户,集中供暖,暂无数据,70年,null,null,null,2017-08-27,央产房,2003-06-04,普通住宅,满五年,非共有,无抵押,已上传房本照片,0,null
西城,天宁寺,134,36,1050,89385元/平米,源屋曲,2室1厅1厨2卫,顶层 (共6层),117.47㎡,暂无数据,104.02㎡,板楼,南,钢混结构,精装,一梯三户,自供暖,有,70年,null,null,null,2017-05-06,私产,2006-10-18,普通住宅,满五年,非共有,无抵押,已上传房本照片,1,null
西城,天宁寺,137,9,648,104871元/平米,椿树馆街35号院,2室1厅1厨1卫,中楼层 (共6层),61.79㎡,平层,46.99㎡,板楼,南 西 北,混合结构,其他,一梯三户,集中供暖,无,70年,null,null,null,2017-03-06,已购公房,2007-01-18,普通住宅,满五年,非共有,无抵押,已上传房本照片,0,null
西城,天宁寺,189,29,460,84450元/平米,车站东街15号院,2室1厅1厨1卫,顶层 (共5层),54.47㎡,暂无数据,38.75㎡,板楼,南 北,混合结构,简装,一梯三户,集中供暖,无,70年,null,null,null,2017-07-02,已购公房,1999-05-30,普通住宅,满五年,非共有,无抵押,已上传房本照片,0,null
西城,天宁寺,203,143,710,97742元/平米,广安门外南街,3室1厅1厨1卫,低楼层 (共6层),72.64㎡,平层,暂无数据,板楼,东 西,混合结构,精装,一梯两户,集中供暖,无,70年,null,null,null,2016-08-14,已购公房,2006-06-21,普通住宅,满五年,非共有,无抵押,已上传房本照片,3,null
西城,天宁寺,93,39,535,90083元/平米,广安门外南街,2室1厅1厨1卫,中楼层 (共6层),59.39㎡,暂无数据,40㎡,板楼,东 西,混合结构,精装,一梯两户,集中供暖,无,70年,null,null,null,2017-07-14,已购公房,2003-08-08,普通住宅,满五年,非共有,无抵押,已上传房本照片,13,null
西城,天宁寺,64,8,670,83572元/平米,天宁寺前街南里,2室2厅1厨1卫,顶层 (共6层),80.17㎡,平层,54.77㎡,板楼,南 北,混合结构,精装,一梯两户,集中供暖,无,70年,null,null,null,2017-08-19,商品房,2013-09-17,普通住宅,满两年,共有,有抵押 190万元 交通银行 客户偿还,已上传房本照片,5,null
西城,天宁寺,30,3,950,104926元/平米,广安苑二期,2室1厅1厨1卫,高楼层 (共23层),90.54㎡,平层,1㎡,塔楼,南 西 北,钢混结构,精装,三梯十户,集中供暖,有,70年,null,null,null,2017-05-20,已购公房,2007-09-10,普通住宅,满五年,非共有,无抵押,已上传房本照片,0,null
西城,天宁寺,14,4,1140,64699元/平米,立恒名苑,3室1厅1厨2卫,低楼层 (共25层),176.2㎡,暂无数据,144.03㎡,塔楼,西南,钢混结构,简装,三梯六户,自供暖,有,70年,null,null,null,2017-07-25,私产,2006-09-23,普通住宅,满五年,非共有,无抵押,已上传房本照片,1,null
西城,天宁寺,47,30,565,91990元/平米,广安门外南街,2室1厅1厨1卫,中楼层 (共13层),61.42㎡,暂无数据,暂无数据,板塔结合,东南,钢混结构,其他,一梯九户,集中供暖,有,70年,null,null,null,2017-08-07,私产,2007-01-24,普通住宅,满五年,非共有,暂无数据,已上传房本照片,10,null
西城,天宁寺,180,28,510,87629元/平米,天宁寺东里,3室1厅1厨1卫,中楼层 (共6层),58.2㎡,暂无数据,41.42㎡,板楼,东 南 西,混合结构,简装,一梯三户,集中供暖,无,70年,null,null,null,2017-06-18,已购公房,2000-12-11,普通住宅,满五年,非共有,无抵押,已上传房本照片,5,null
西城,天宁寺,195,29,480,79549元/平米,天宁寺东里,3室0厅1厨1卫,底层 (共5层),60.34㎡,暂无数据,暂无数据,板楼,南 北,混合结构,精装,一梯三户,集中供暖,无,70年,null,null,null,2017-05-21,私产,2005-03-28,普通住宅,满五年,非共有,有抵押 5万元 光大 业主自还,已上传房本照片,26,null
西城,天宁寺,906,111,570,74862元/平米,南滨河路,3室1厅1厨1卫,高楼层 (共6层),76.14㎡,平层,暂无数据,板楼,南 北,混合结构,其他,一梯三户,集中供暖,暂无数据,70年,null,null,null,2017-03-09,已购公房,2004-06-15,普通住宅,满五年,非共有,暂无数据,已上传房本照片,3,null
西城,天宁寺,130,17,823,84959元/平米,广安门外南街,3室1厅1厨1卫,中楼层 (共14层),96.87㎡,平层,69.59㎡,板塔结合,南 北,钢混结构,简装,两梯十一户,集中供暖,有,70年,null,null,null,2017-08-06,已购公房,2003-07-23,普通住宅,满五年,非共有,无抵押,已上传房本照片,2,null
西城,天宁寺,78,7,565,104960元/平米,白菜湾四巷17号院,2室1厅1厨1卫,顶层 (共6层),53.83㎡,平层,40.99㎡,板楼,南 北,混合结构,精装,一梯两户,集中供暖,无,70年,null,null,null,2017-02-06,已购公房,2000-10-30,普通住宅,满五年,非共有,无抵押,已上传房本照片,0,null
西城,天宁寺,16,2,580,97577元/平米,广安门外南街,2室1厅1厨1卫,高楼层 (共6层),59.44㎡,暂无数据,暂无数据,板楼,南 北,混合结构,精装,一梯两户,集中供暖,无,70年,null,null,null,2017-09-06,私产,2008-12-15,普通住宅,满五年,非共有,无抵押,已上传房本照片,2,null
西城,天宁寺,47,7,950,104926元/平米,广安苑二期,2室1厅1厨1卫,中楼层 (共23层),90.54㎡,平层,暂无数据,塔楼,南 西北,钢混结构,精装,三梯十户,集中供暖,有,70年,null,null,null,2017-03-04,已购公房,2007-09-10,普通住宅,满五年,非共有,无抵押,已上传房本照片,0,null
西城,天宁寺,3,4,845,104670元/平米,广外南街63号院,2室1厅1厨1卫,中楼层 (共20层),80.73㎡,平层,暂无数据,塔楼,东南,钢混结构,其他,两梯八户,自供暖,有,70年,null,null,null,2017-09-04,已购公房,2007-02-13,普通住宅,满五年,非共有,暂无数据,已上传房本照片,4,null
西城,天宁寺,26,2,499,93709元/平米,广安门外南街,2室1厅1厨1卫,高楼层 (共6层),53.25㎡,暂无数据,暂无数据,板楼,南 西,混合结构,简装,一梯三户,集中供暖,无,70年,null,null,null,2017-08-19,已购公房,2013-03-28,普通住宅,满两年,非共有,无抵押,已上传房本照片,0,null
西城,天宁寺,22,0,510,87524元/平米,天宁寺西里,2室1厅1厨1卫,中楼层 (共6层),58.27㎡,暂无数据,44.46㎡,板楼,南 北,混合结构,简装,一梯两户,集中供暖,无,70年,null,null,null,2017-07-29,央产房,1998-05-11,普通住宅,满五年,非共有,无抵押,已上传房本照片,0,null
西城,天宁寺,20,0,550,96053元/平米,车站东街15号院,2室1厅1厨1卫,低楼层 (共6层),57.26㎡,暂无数据,40.83㎡,板楼,东 北,混合结构,简装,一梯五户,集中供暖,无,70年,null,null,null,2017-06-08,已购公房,2008-09-16,普通住宅,满五年,非共有,无抵押,已上传房本照片,0,null
西城,天宁寺,28,16,1150,70122元/平米,立恒名苑,2室1厅1厨1卫,底层 (共23层),164㎡,暂无数据,134.06㎡,塔楼,南,钢混结构,简装,一梯五户,自供暖,暂无数据,70年,null,null,null,2017-06-25,商品房,2015-02-10,普通住宅,满两年,非共有,无抵押,已上传房本照片,0,null
西城,天宁寺,53,5,400,96946元/平米,天宁寺前街北里,1室1厅1厨1卫,高楼层 (共6层),41.26㎡,平层,28㎡,板楼,东,混合结构,简装,一梯五户,集中供暖,无,70年,null,null,null,2017-08-11,已购公房,2001-09-06,普通住宅,满五年,非共有,无抵押,已上传房本照片,2,null
西城,天宁寺,225,131,1300,49422元/平米,立恒名苑,4室2厅1厨2卫,低楼层 (共23层),263.04㎡,暂无数据,215.01㎡,塔楼,南 北,钢混结构,精装,一梯五户,自供暖,暂无数据,70年,null,null,null,2016-11-30,私产,2008-06-02,普通住宅,满五年,非共有,无抵押,已上传房本照片,7,null
西城,天宁寺,47,2,550,83995元/平米,广外南街63号院,1室1厅1厨1卫,低楼层 (共20层),65.48㎡,暂无数据,45.56㎡,塔楼,南,钢混结构,精装,两梯八户,自供暖,有,70年,null,null,null,2017-08-06,私产,2007-11-12,普通住宅,满五年,非共有,暂无数据,已上传房本照片,1,null
西城,天宁寺,6,17,745,93511元/平米,广安门外车站东街,3室1厅1厨1卫,底层 (共6层),79.67㎡,暂无数据,57.09㎡,板楼,南 西 北,混合结构,其他,一梯四户,集中供暖,无,70年,null,null,null,2017-08-20,商品房,2017-02-04,普通住宅,暂无数据,非共有,暂无数据,已上传房本照片,6,null
西城,天宁寺,90,4,1288,82411元/平米,广安门外南街,3室2厅1厨2卫,顶层 (共6层),156.29㎡,跃层,120.6㎡,塔楼,西 北,钢混结构,精装,一梯四户,集中供暖,有,70年,null,null,null,2017-06-09,商品房,2008-08-19,普通住宅,满五年,非共有,有抵押 60万元 建设银行西四支行 业主自还,已上传房本照片,2,null
西城,天宁寺,55,15,485,93413元/平米,车站东街15号院,2室1厅1厨1卫,中楼层 (共6层),51.92㎡,平层,36.83㎡,板楼,西南,混合结构,简装,一梯五户,集中供暖,无,70年,null,null,null,2017-07-30,已购公房,2013-05-31,普通住宅,满两年,非共有,无抵押,已上传房本照片,0,null
西城,天宁寺,61,44,590,108736元/平米,广安门外南街,1室1厅1厨1卫,中楼层 (共6层),54.26㎡,平层,41.87㎡,塔楼,西南,钢混结构,精装,一梯八户,集中供暖,有,70年,null,null,null,2017-03-20,商品房,2013-10-18,普通住宅,满两年,非共有,有抵押 400万元,已上传房本照片,1,null
西城,天宁寺,37,10,550,111156元/平米,白菜湾四巷17号院,2室1厅1厨1卫,底层 (共6层),49.48㎡,暂无数据,45㎡,板楼,南 北,混合结构,其他,一梯两户,集中供暖,无,70年,null,null,null,2017-07-29,已购公房,2000-10-30,普通住宅,满五年,非共有,暂无数据,已上传房本照片,0,null
西城,天宁寺,48,15,1400,49642元/平米,立恒名苑,4室2厅1厨1卫,底层 (共23层),282.02㎡,暂无数据,230.53㎡,塔楼,南 北,钢混结构,简装,一梯五户,自供暖,暂无数据,70年,null,null,null,2017-06-23,私产,2008-04-08,普通住宅,满五年,非共有,无抵押,已上传房本照片,1,null
西城,天宁寺,45,6,924,74939元/平米,立恒名苑,2室2厅1厨2卫,底层 (共23层),123.3㎡,暂无数据,100.79㎡,塔楼,南,钢混结构,简装,一梯五户,自供暖,暂无数据,70年,null,null,null,2017-06-26,私产,2007-11-30,普通住宅,满五年,非共有,无抵押,已上传房本照片,0,null
西城,天宁寺,77,6,788,82212元/平米,广安门外南街,2室1厅1厨1卫,中楼层 (共13层),95.85㎡,平层,61.56㎡,板塔结合,东 西 北,钢混结构,精装,两梯十一户,集中供暖,有,70年,null,null,null,2017-06-30,已购公房,2014-12-19,普通住宅,满两年,共有,无抵押,已上传房本照片,0,null
西城,天宁寺,77,1,617,85021元/平米,车站东街15号院,2室1厅1厨1卫,高楼层 (共6层),72.57㎡,平层,暂无数据,板楼,南 北,混合结构,其他,一梯两户,集中供暖,无,70年,null,null,null,2017-05-15,已购公房,2004-05-10,普通住宅,满五年,非共有,暂无数据,已上传房本照片,0,null
西城,天宁寺,93,8,620,84319元/平米,广安门外南街,2室1厅1厨1卫,高楼层 (共13层),73.53㎡,暂无数据,暂无数据,板塔结合,东 西,钢混结构,其他,一梯九户,集中供暖,有,70年,null,null,null,2017-06-12,私产,2005-12-14,普通住宅,满五年,非共有,暂无数据,已上传房本照片,0,null
西城,天宁寺,44,16,500,81981元/平米,天宁寺东里,2室1厅1厨1卫,中楼层 (共7层),60.99㎡,平层,暂无数据,板楼,东 西,混合结构,毛坯,一梯两户,集中供暖,无,70年,null,null,null,2017-07-26,已购公房,2015-09-24,普通住宅,暂无数据,共有,无抵押,已上传房本照片,1,null
西城,天宁寺,63,50,608,94454元/平米,天宁寺西里,2室1厅1厨1卫,中楼层 (共6层),64.37㎡,暂无数据,60㎡,板楼,北,混合结构,简装,一梯八户,集中供暖,无,70年,null,null,null,2017-04-15,商品房,2016-10-20,普通住宅,暂无数据,非共有,无抵押,已上传房本照片,0,null
西城,天宁寺,156,28,470,90524元/平米,车站东街15号院,2室1厅1厨1卫,高楼层 (共6层),51.92㎡,平层,暂无数据,板楼,西南,混合结构,简装,一梯五户,集中供暖,无,70年,null,null,null,2017-03-17,商品房,2015-11-27,普通住宅,暂无数据,非共有,有抵押 100万元 光大 业主自还,已上传房本照片,3,null
西城,天宁寺,12,2,960,104689元/平米,广安苑二期,2室2厅1厨1卫,低楼层 (共23层),91.7㎡,平层,63.14㎡,塔楼,西南,钢混结构,精装,三梯十户,集中供暖,有,70年,null,null,null,2017-05-29,商品房,2016-10-10,普通住宅,暂无数据,非共有,无抵押,已上传房本照片,0,null
西城,天宁寺,38,3,390,94983元/平米,天宁寺东里,1室1厅1厨1卫,高楼层 (共6层),41.06㎡,暂无数据,暂无数据,板楼,南,混合结构,简装,一梯三户,集中供暖,无,70年,null,null,null,2017-07-24,商品房,2014-01-16,普通住宅,满两年,非共有,无抵押,已上传房本照片,0,null
西城,天宁寺,21,0,480,85121元/平米,广安门外南街,1室1厅1厨1卫,中楼层 (共12层),56.39㎡,暂无数据,暂无数据,板塔结合,东 西,钢混结构,精装,两梯十一户,集中供暖,有,70年,null,null,null,2017-08-24,已购公房,2016-06-29,普通住宅,暂无数据,非共有,无抵押,已上传房本照片,0,null
西城,天宁寺,23,0,510,101553元/平米,广安门外车站东街,2室1厅1厨1卫,中楼层 (共5层),50.22㎡,暂无数据,暂无数据,板楼,南,混合结构,精装,一梯三户,集中供暖,无,70年,null,null,null,2017-08-18,商品房,2016-02-19,普通住宅,暂无数据,非共有,有抵押 136万元 业主自还,已上传房本照片,0,null
西城,天宁寺,55,4,560,94467元/平米,车站东街15号院,2室1厅1厨1卫,顶层 (共6层),59.28㎡,暂无数据,41.86㎡,板楼,南 北,混合结构,简装,一梯两户,集中供暖,无,70年,null,null,null,2017-03-23,已购公房,2004-05-10,普通住宅,满五年,非共有,无抵押,已上传房本照片,0,null
西城,天宁寺,77,9,607,89939元/平米,车站东街甲9号院,3室1厅1厨1卫,中楼层 (共6层),67.49㎡,暂无数据,51.08㎡,板楼,东 西,混合结构,简装,一梯三户,集中供暖,无,70年,null,null,null,2017-05-11,已购公房,2017-06-16,普通住宅,暂无数据,非共有,无抵押,已上传房本照片,4,null
西城,天宁寺,14,13,1350,58022元/平米,立恒名苑,4室2厅1厨1卫,低楼层 (共23层),232.67㎡,暂无数据,190.19㎡,塔楼,东南,钢混结构,精装,一梯五户,自供暖,暂无数据,70年,null,null,null,2017-07-20,私产,2008-06-02,普通住宅,满五年,非共有,无抵押,已上传房本照片,3,null
西城,天宁寺,15,10,1050,59591元/平米,立恒名苑,3室1厅1厨1卫,低楼层 (共23层),176.2㎡,暂无数据,144.03㎡,塔楼,东南,钢混结构,精装,一梯五户,自供暖,暂无数据,70年,null,null,null,2017-07-20,私产,2008-06-02,普通住宅,满五年,非共有,无抵押,已上传房本照片,1,null
西城,天宁寺,12,2,578,78543元/平米,广安门外南街,2室1厅1厨1卫,顶层 (共14层),73.59㎡,平层,暂无数据,板塔结合,南 北,钢混结构,精装,两梯十一户,集中供暖,有,70年,null,null,null,2017-09-09,已购公房,2002-05-08,普通住宅,满五年,非共有,无抵押,已上传房本照片,2,null
西城,天宁寺,1,13,465,108417元/平米,白菜湾社区,1室1厅1厨1卫,中楼层 (共6层),42.89㎡,暂无数据,暂无数据,板楼,东,混合结构,简装,一梯四户,集中供暖,无,70年,null,null,null,2017-08-27,已购公房,2017-02-28,普通住宅,暂无数据,非共有,无抵押,已上传房本照片,8,null
