城区,区域,关注,带看,挂牌价,单价,小区,房屋户型,所在楼层,建筑面积,户型结构,套内面积,建筑类型,房屋朝向,建筑结构,装修情况,梯户比例,供暖方式,配备电梯,产权年限,用水类型,用电类型,燃气价格,挂牌时间,交易属性,上次交易,房屋用途,房屋年限,产权所属,抵押信心,房本备件,近七天带看,地铁
西城,右安门内,111,132,568,90316元/平米,右安门内西街甲10号院,2室1厅1厨1卫,低楼层 (共6层),62.89㎡,平层,暂无数据,板楼,南 北,混合结构,简装,一梯三户,集中供暖,无,70年,null,null,null,2017-06-06,已购公房,2013-05-22,普通住宅,满两年,共有,无抵押,已上传房本照片,0,null
西城,右安门内,176,70,1550,102908元/平米,远雄大观,3室2厅1厨2卫,低楼层 (共6层),150.62㎡,暂无数据,122.38㎡,板楼,南 北,钢混结构,精装,一梯两户,自供暖,有,70年,null,null,null,2017-08-12,商品房,2011-05-03,普通住宅,满五年,非共有,暂无数据,已上传房本照片,9,null
西城,右安门内,132,65,1984,102194元/平米,清芷园,4室2厅1厨2卫,中楼层 (共13层),194.14㎡,暂无数据,157.48㎡,板楼,南 西 北,钢混结构,精装,一梯两户,集中供暖,有,70年,null,null,null,2016-04-03,私产,2004-12-09,普通住宅,满五年,共有,有抵押 450万元 客户偿还,已上传房本照片,4,null
西城,右安门内,161,67,438,94990元/平米,新安中里,2室1厅1厨1卫,底层 (共6层),46.11㎡,平层,暂无数据,板楼,东北,混合结构,精装,一梯三户,集中供暖,无,70年,null,null,null,2017-07-16,商品房,2007-02-01,普通住宅,满五年,非共有,无抵押,已上传房本照片,8,null
西城,右安门内,16,14,820,84904元/平米,白纸坊西街,2室1厅1厨1卫,低楼层 (共12层),96.58㎡,平层,暂无数据,板塔结合,西 北,钢混结构,精装,一梯五户,集中供暖,有,70年,null,null,null,2017-08-03,商品房,2014-11-25,普通住宅,满两年,非共有,有抵押 370万元,已上传房本照片,10,null
西城,右安门内,264,131,800,106553元/平米,清芷园,2室1厅1厨1卫,底层 (共18层),75.08㎡,暂无数据,59.4㎡,板塔结合,西北,钢混结构,简装,两梯五户,集中供暖,有,70年,null,null,null,2017-03-02,商品房,2014-03-18,普通住宅,满两年,非共有,有抵押 140万元 大华银行 客户偿还,已上传房本照片,9,null
西城,右安门内,32,34,410,98843元/平米,右安门西街,2室1厅1厨1卫,顶层 (共5层),41.48㎡,暂无数据,31.31㎡,板楼,南,混合结构,简装,一梯三户,集中供暖,无,70年,null,null,null,2017-07-14,已购公房,2017-06-27,普通住宅,暂无数据,非共有,无抵押,已上传房本照片,7,null
西城,右安门内,25,9,469,106688元/平米,信建里小区,1室1厅1厨1卫,中楼层 (共6层),43.96㎡,暂无数据,29.89㎡,板楼,南,混合结构,简装,一梯三户,集中供暖,无,70年,null,null,null,2017-09-03,商品房,2015-11-04,普通住宅,暂无数据,非共有,无抵押,已上传房本照片,9,null
西城,右安门内,12,21,829,100790元/平米,信建里小区,2室1厅1厨1卫,中楼层 (共6层),82.25㎡,暂无数据,57.41㎡,板楼,南 北,混合结构,简装,一梯两户,集中供暖,无,70年,null,null,null,2017-07-23,已购公房,2006-01-23,普通住宅,满五年,非共有,无抵押,已上传房本照片,9,null
西城,右安门内,164,68,530,95033元/平米,右安门内西街甲10号院,2室1厅1厨1卫,低楼层 (共6层),55.77㎡,平层,43.97㎡,板楼,南,混合结构,简装,一梯三户,集中供暖,无,70年,null,null,null,2017-07-08,已购公房,1997-11-24,普通住宅,满五年,非共有,无抵押,已上传房本照片,6,null
西城,右安门内,41,30,705,84644元/平米,白纸坊西街,2室1厅1厨1卫,中楼层 (共18层),83.29㎡,暂无数据,65.64㎡,塔楼,东,钢混结构,其他,三梯十二户,集中供暖,有,70年,null,null,null,2017-07-26,二类经济适用房,2011-07-19,普通住宅,满五年,非共有,有抵押 540万元 担保公司 业主自还,已上传房本照片,3,null
西城,右安门内,48,12,510,88327元/平米,右安胡同乙7号院,2室1厅1厨1卫,顶层 (共6层),57.74㎡,暂无数据,暂无数据,板楼,南 北,混合结构,精装,一梯三户,暂无数据,暂无数据,40年,null,null,null,2017-08-28,商品房,2010-12-07,普通住宅,满五年,非共有,有抵押 85万元 交通银行 客户偿还,已上传房本照片,2,null
西城,右安门内,30,10,710,104983元/平米,新安南里,2室1厅1厨1卫,底层 (共6层),67.63㎡,暂无数据,48.17㎡,板楼,南 北,混合结构,简装,一梯三户,集中供暖,无,70年,null,null,null,2017-04-30,央产房,2000-09-20,普通住宅,满五年,非共有,无抵押,已上传房本照片,10,null
西城,右安门内,43,50,675,109953元/平米,远雄大观,1室1厅1厨1卫,顶层 (共6层),61.39㎡,暂无数据,暂无数据,板楼,西,钢混结构,精装,一梯四户,自供暖,有,70年,null,null,null,2017-04-04,商品房,2010-06-22,普通住宅,满五年,共有,无抵押,已上传房本照片,7,null
西城,右安门内,25,6,445,109985元/平米,信建里小区,1室1厅1厨1卫,高楼层 (共6层),40.46㎡,暂无数据,32㎡,板楼,南,混合结构,精装,一梯三户,集中供暖,无,70年,null,null,null,2017-09-03,商品房,2012-09-24,普通住宅,满两年,非共有,无抵押,已上传房本照片,6,null
西城,右安门内,92,26,880,95115元/平米,清芷园,2室1厅1厨1卫,低楼层 (共18层),92.52㎡,平层,71.84㎡,塔楼,西南,钢混结构,简装,三梯十二户,集中供暖,有,70年,null,null,null,2017-01-04,已购公房,2016-10-12,普通住宅,暂无数据,非共有,无抵押,已上传房本照片,0,null
西城,右安门内,8,1,1300,98589元/平米,育人里小区,3室1厅1厨2卫,高楼层 (共7层),131.86㎡,暂无数据,89.44㎡,板楼,南 北,混合结构,精装,一梯两户,集中供暖,无,70年,null,null,null,2017-09-03,央产房,2007-08-03,普通住宅,满五年,非共有,无抵押,已上传房本照片,1,null
西城,右安门内,16,10,1000,98107元/平米,白纸坊西街,2室1厅1厨2卫,中楼层 (共16层),101.93㎡,平层,78.05㎡,塔楼,南,钢混结构,精装,两梯五户,集中供暖,有,70年,null,null,null,2017-04-19,二类经济适用房,2008-08-23,普通住宅,满五年,非共有,无抵押,已上传房本照片,0,null
西城,右安门内,83,11,440,84291元/平米,建功东里,2室1厅1厨1卫,顶层 (共6层),52.2㎡,暂无数据,39.16㎡,板楼,东 西,混合结构,简装,一梯三户,集中供暖,无,70年,null,null,null,2017-07-28,已购公房,2002-09-05,普通住宅,满五年,非共有,无抵押,已上传房本照片,4,null
西城,右安门内,75,29,580,100433元/平米,永乐里10号院,2室1厅1厨1卫,顶层 (共6层),57.75㎡,暂无数据,44.13㎡,板楼,东 西,混合结构,简装,一梯两户,集中供暖,暂无数据,70年,null,null,null,2017-04-17,已购公房,1993-12-18,普通住宅,满五年,非共有,无抵押,已上传房本照片,0,null
西城,右安门内,13,1,500,94180元/平米,新安中里,1室1厅1厨1卫,中楼层 (共6层),53.09㎡,暂无数据,46.87㎡,板楼,南 北,钢混结构,简装,一梯两户,集中供暖,无,70年,null,null,null,2017-08-11,二类经济适用房,2009-01-17,普通住宅,满五年,非共有,无抵押,已上传房本照片,1,null
西城,右安门内,95,32,730,94928元/平米,右安门内西街1号院,3室1厅1厨1卫,中楼层 (共6层),76.9㎡,暂无数据,59.19㎡,板楼,南 西,混合结构,精装,一梯三户,集中供暖,无,70年,null,null,null,2017-08-24,已购公房,2017-08-10,普通住宅,暂无数据,共有,无抵押,已上传房本照片,5,null
西城,右安门内,116,30,470,102463元/平米,信建里小区,1室1厅1厨1卫,顶层 (共6层),45.87㎡,平层,35.06㎡,板楼,南,混合结构,简装,一梯三户,集中供暖,无,70年,null,null,null,2017-05-22,商品房,2015-04-30,普通住宅,满两年,非共有,有抵押 100万元 上海浦东发展银行股份有限公司北京分行 客户偿还,已上传房本照片,1,null
西城,右安门内,63,31,830,102179元/平米,清芷园,2室1厅1厨1卫,低楼层 (共18层),81.23㎡,平层,65.65㎡,板塔结合,西北,钢混结构,精装,两梯六户,集中供暖,有,70年,null,null,null,2017-07-13,商品房,2013-01-22,普通住宅,满两年,非共有,无抵押,已上传房本照片,5,null
西城,右安门内,18,4,1000,106451元/平米,清芷园,2室1厅1厨1卫,中楼层 (共18层),93.94㎡,平层,74.32㎡,板塔结合,西北,钢混结构,简装,两梯七户,集中供暖,有,70年,null,null,null,2017-07-21,商品房,2009-09-29,普通住宅,满五年,非共有,无抵押,已上传房本照片,0,null
西城,右安门内,51,2,1600,91423元/平米,右安门内西街甲2号院,3室1厅1厨2卫,顶层 (共6层),175.01㎡,暂无数据,暂无数据,板楼,南 北,混合结构,精装,一梯两户,集中供暖,无,70年,null,null,null,2017-05-04,二类经济适用房,2007-07-16,普通住宅,满五年,非共有,无抵押,已上传房本照片,0,null
西城,右安门内,78,19,749,89927元/平米,白纸坊西街,2室1厅1厨1卫,高楼层 (共18层),83.29㎡,暂无数据,65.64㎡,塔楼,东,钢混结构,简装,三梯十二户,集中供暖,有,70年,null,null,null,2017-04-20,二类经济适用房,2011-08-24,普通住宅,满五年,非共有,无抵押,已上传房本照片,0,null
西城,右安门内,120,110,980,105923元/平米,清芷园,2室1厅1厨1卫,低楼层 (共18层),92.52㎡,暂无数据,71.84㎡,塔楼,东南,钢混结构,简装,三梯十二户,集中供暖,有,70年,null,null,null,2017-04-30,已购公房,2015-10-08,普通住宅,暂无数据,非共有,无抵押,已上传房本照片,0,null
西城,右安门内,20,12,1362.2,105000元/平米,白纸坊西街,3室1厅1厨1卫,高楼层 (共12层),129.73㎡,平层,120㎡,板塔结合,南 西 北,钢混结构,简装,一梯五户,集中供暖,有,70年,null,null,null,2017-07-21,央产房,2011-08-26,普通住宅,满五年,非共有,无抵押,已上传房本照片,5,null
西城,右安门内,28,3,650,104100元/平米,白纸坊街25号院,2室1厅1厨1卫,底层 (共6层),62.44㎡,暂无数据,暂无数据,板楼,南 北,混合结构,其他,一梯三户,集中供暖,无,70年,null,null,null,2017-09-02,商品房,2013-10-29,普通住宅,满两年,非共有,暂无数据,已上传房本照片,2,null
西城,右安门内,183,354,1350,74520元/平米,清芷园,4室2厅1厨2卫,底层 (共17层),181.16㎡,暂无数据,142.13㎡,板塔结合,南 北,钢混结构,简装,两梯六户,集中供暖,有,70年,null,null,null,2016-03-19,商品房,2013-01-16,普通住宅,满两年,非共有,有抵押,已上传房本照片,3,距离4号线陶然亭站798米
西城,右安门内,40,26,780,98323元/平米,新安中里,3室1厅1厨1卫,底层 (共6层),79.33㎡,暂无数据,69.51㎡,板楼,南 北,钢混结构,简装,一梯两户,集中供暖,无,70年,null,null,null,2017-08-07,二类经济适用房,2017-06-21,普通住宅,暂无数据,非共有,暂无数据,已上传房本照片,3,null
西城,右安门内,71,20,1293,84982元/平米,万博苑,3室1厅1厨2卫,高楼层 (共24层),152.15㎡,平层,122.98㎡,塔楼,东北,钢混结构,精装,两梯八户,集中供暖,有,70年,null,null,null,2017-04-27,私产,2002-06-18,普通住宅,满五年,非共有,无抵押,已上传房本照片,5,null
西城,右安门内,14,0,790,105502元/平米,清芷园,1室1厅1厨1卫,中楼层 (共18层),74.88㎡,平层,58.14㎡,塔楼,东北,钢混结构,简装,三梯十二户,集中供暖,有,70年,null,null,null,2017-08-31,商品房,2013-11-14,普通住宅,满两年,非共有,无抵押,已上传房本照片,0,null
西城,右安门内,27,12,1331,110411元/平米,清芷园,2室1厅1厨1卫,顶层 (共12层),120.55㎡,暂无数据,92.5㎡,板楼,南 北,钢混结构,精装,一梯两户,集中供暖,有,70年,null,null,null,2017-09-02,商品房,2017-02-23,普通住宅,暂无数据,非共有,无抵押,已上传房本照片,4,null
西城,右安门内,66,50,550,101532元/平米,新安南里,2室1厅1厨1卫,低楼层 (共6层),54.17㎡,暂无数据,暂无数据,板楼,南,混合结构,简装,一梯三户,集中供暖,暂无数据,70年,null,null,null,2017-04-10,央产房,2017-03-28,普通住宅,暂无数据,非共有,无抵押,已上传房本照片,5,null
西城,右安门内,35,17,596,94889元/平米,右安门内西街甲10号院,2室1厅1厨1卫,低楼层 (共6层),62.81㎡,暂无数据,49.12㎡,板楼,南 北,混合结构,其他,一梯三户,集中供暖,无,70年,null,null,null,2017-08-16,已购公房,2016-09-13,普通住宅,暂无数据,非共有,暂无数据,已上传房本照片,4,null
西城,右安门内,13,11,427,109825元/平米,右安门内西街甲10号院,1室0厅1厨1卫,底层 (共6层),38.88㎡,暂无数据,暂无数据,板楼,东南,混合结构,简装,一梯三十户,集中供暖,无,70年,null,null,null,2017-04-12,私产,2004-08-27,普通住宅,满五年,非共有,无抵押,已上传房本照片,3,null
西城,右安门内,64,2,2180,88842元/平米,清芷园,4室2厅1厨2卫,底层 (共16层),245.38㎡,暂无数据,201.89㎡,板楼,南 北,钢混结构,精装,两梯四户,集中供暖,有,70年,null,null,null,2017-04-16,私产,2008-09-25,普通住宅,满五年,非共有,无抵押,已上传房本照片,1,null
西城,右安门内,30,0,2600,91411元/平米,清芷园,5室2厅1厨4卫,底层 (共13层),284.43㎡,暂无数据,230.72㎡,板塔结合,南 北,钢混结构,精装,一梯两户,集中供暖,有,70年,null,null,null,2017-07-09,商品房,2011-09-08,普通住宅,满五年,非共有,无抵押,已上传房本照片,0,null
西城,右安门内,5,9,650,104100元/平米,白纸坊街25号院,2室1厅1厨1卫,底层 (共6层),62.44㎡,暂无数据,47.29㎡,板楼,南 北,混合结构,精装,一梯三户,集中供暖,无,70年,null,null,null,2017-05-04,央产房,2012-09-18,普通住宅,满两年,非共有,无抵押,已上传房本照片,4,null
西城,右安门内,67,18,650,101674元/平米,华龙美钰,2室1厅1厨1卫,低楼层 (共21层),63.93㎡,暂无数据,51.32㎡,板塔结合,西南,钢混结构,毛坯,两梯六户,集中供暖,有,70年,null,null,null,2017-07-28,商品房,2016-09-01,普通住宅,暂无数据,非共有,有抵押 120万元 中国工商银行 客户偿还,已上传房本照片,2,null
西城,右安门内,53,5,2900,96065元/平米,清芷园,7室1厅1厨4卫,顶层 (共13层),301.88㎡,暂无数据,244.87㎡,板楼,南 北,钢混结构,精装,一梯两户,集中供暖,有,70年,null,null,null,2017-07-26,私产,2007-10-15,普通住宅,满五年,非共有,无抵押,已上传房本照片,0,null
西城,右安门内,17,2,594,101974元/平米,育新街,2室1厅1厨1卫,顶层 (共6层),58.25㎡,平层,44.49㎡,板楼,南 北,混合结构,其他,一梯三户,暂无数据,暂无数据,40年,null,null,null,2017-03-20,已购公房,2000-09-06,普通住宅,满五年,非共有,暂无数据,已上传房本照片,0,null
西城,右安门内,62,20,530,104764元/平米,新安南里,2室1厅1厨1卫,中楼层 (共6层),50.59㎡,暂无数据,35.78㎡,板楼,南,混合结构,精装,一梯三户,集中供暖,暂无数据,70年,null,null,null,2017-05-07,央产房,2017-04-05,普通住宅,暂无数据,非共有,无抵押,已上传房本照片,0,null
西城,右安门内,32,3,2200,84505元/平米,清芷园,5室2厅2厨2卫,底层 (共13层),260.34㎡,暂无数据,211.18㎡,板塔结合,南 北,钢混结构,精装,一梯两户,集中供暖,有,70年,null,null,null,2017-07-27,商品房,2009-04-14,普通住宅,满五年,非共有,无抵押,已上传房本照片,0,null
西城,右安门内,44,10,480,95371元/平米,新安中里,1室1厅1厨1卫,顶层 (共16层),50.33㎡,平层,42.58㎡,板塔结合,西,钢混结构,简装,一梯四户,集中供暖,有,70年,null,null,null,2017-07-21,二类经济适用房,2016-11-16,普通住宅,暂无数据,共有,无抵押,已上传房本照片,2,null
西城,右安门内,27,10,1240,103144元/平米,清芷园,3室1厅1厨2卫,底层 (共18层),120.22㎡,暂无数据,93.52㎡,塔楼,南,钢混结构,其他,三梯十二户,集中供暖,有,70年,null,null,null,2017-05-26,已购公房,2016-10-12,普通住宅,暂无数据,非共有,暂无数据,已上传房本照片,3,null
西城,右安门内,72,6,900,99867元/平米,清芷园,2室1厅1厨1卫,低楼层 (共18层),90.12㎡,暂无数据,70.1㎡,塔楼,东南,钢混结构,精装,三梯十二户,集中供暖,有,70年,null,null,null,2017-06-03,已购公房,2017-03-16,普通住宅,暂无数据,非共有,无抵押,已上传房本照片,1,null
西城,右安门内,71,50,740,94969元/平米,右安门内西街甲10号院,3室1厅1厨1卫,中楼层 (共6层),77.92㎡,暂无数据,60㎡,板楼,南 北,混合结构,简装,一梯三户,集中供暖,无,70年,null,null,null,2017-01-14,已购公房,2017-03-22,普通住宅,暂无数据,非共有,无抵押,已上传房本照片,5,null
西城,右安门内,31,24,736,84920元/平米,清芷园,2室1厅1厨1卫,低楼层 (共18层),86.67㎡,暂无数据,66.26㎡,板塔结合,东,钢混结构,简装,两梯七户,集中供暖,有,70年,null,null,null,2017-04-21,私产,2004-05-11,普通住宅,满五年,非共有,无抵押,已上传房本照片,0,null
西城,右安门内,23,4,910,109546元/平米,华龙美钰,1室1厅1厨1卫,中楼层 (共21层),83.07㎡,暂无数据,66.69㎡,板塔结合,南 北,钢混结构,精装,两梯六户,集中供暖,有,70年,null,null,null,2017-05-11,商品房,2016-02-29,普通住宅,暂无数据,非共有,有抵押 350万元 工商银行 客户偿还,已上传房本照片,0,null
西城,右安门内,10,5,850,95089元/平米,白纸坊街,2室1厅1厨1卫,中楼层 (共9层),89.39㎡,暂无数据,60.51㎡,暂无数据,东,钢混结构,简装,一梯四户,暂无数据,暂无数据,70年,null,null,null,2017-06-16,已购公房,2017-06-29,普通住宅,暂无数据,共有,无抵押,已上传房本照片,0,null
西城,右安门内,27,3,960,102641元/平米,清芷园,2室1厅1厨1卫,中楼层 (共18层),93.53㎡,暂无数据,72.62㎡,塔楼,东北,钢混结构,其他,三梯十二户,集中供暖,有,70年,null,null,null,2017-05-31,已购公房,2015-10-08,普通住宅,暂无数据,非共有,暂无数据,已上传房本照片,0,null
西城,右安门内,47,4,1750,93229元/平米,新安中里,7室1厅1厨2卫,顶层 (共16层),187.71㎡,暂无数据,155.37㎡,板塔结合,南 北,钢混结构,简装,一梯两户,集中供暖,有,70年,null,null,null,2017-02-15,二类经济适用房,2009-05-06,普通住宅,满五年,非共有,无抵押,已上传房本照片,0,null
西城,右安门内,47,7,574,84924元/平米,右安门内大街,2室1厅1厨1卫,中楼层 (共5层),67.59㎡,暂无数据,暂无数据,板塔结合,南 北,混合结构,其他,一梯三户,集中供暖,无,70年,null,null,null,2017-04-05,已购公房,2000-02-16,普通住宅,满五年,非共有,暂无数据,已上传房本照片,0,null
西城,右安门内,57,28,870,104845元/平米,清芷园,2室1厅1厨1卫,中楼层 (共18层),82.98㎡,平层,65.65㎡,板塔结合,西北,钢混结构,精装,两梯七户,集中供暖,有,70年,null,null,null,2017-03-30,私产,2008-07-31,普通住宅,满五年,非共有,无抵押,已上传房本照片,4,null
西城,右安门内,70,17,1400,78173元/平米,清芷园,4室2厅1厨2卫,底层 (共17层),179.09㎡,暂无数据,140.84㎡,板塔结合,南 北,钢混结构,其他,两梯五户,集中供暖,有,70年,null,null,null,2017-06-29,商品房,2016-04-03,普通住宅,暂无数据,非共有,暂无数据,已上传房本照片,2,null
