城区,区域,关注,带看,挂牌价,单价,小区,房屋户型,所在楼层,建筑面积,户型结构,套内面积,建筑类型,房屋朝向,建筑结构,装修情况,梯户比例,供暖方式,配备电梯,产权年限,用水类型,用电类型,燃气价格,挂牌时间,交易属性,上次交易,房屋用途,房屋年限,产权所属,抵押信心,房本备件,近七天带看,地铁
西城,金融街,53,23,530,105180元/平米,宣武门西大街,2室1厅1厨1卫,高楼层 (共12层),50.39㎡,暂无数据,暂无数据,板楼,南,钢混结构,精装,一梯二十七户,集中供暖,有,70年,null,null,null,2017-09-02,私产,2003-12-17,普通住宅,满五年,非共有,有抵押 300万元 哈尔滨银行 客户偿还,已上传房本照片,23,null
西城,金融街,179,72,1650,141534元/平米,西城晶华,2室1厅1厨1卫,底层 (共11层),116.58㎡,暂无数据,88.46㎡,板塔结合,东南,钢混结构,精装,两梯三户,集中供暖,有,70年,null,null,null,2017-05-21,商品房,2011-02-14,普通住宅,满五年,非共有,无抵押,已上传房本照片,11,null
西城,金融街,376,154,950,110081元/平米,新文化街,3室1厅1厨1卫,底层 (共18层),86.3㎡,暂无数据,暂无数据,塔楼,西南,混合结构,精装,两梯八户,集中供暖,有,70年,null,null,null,2017-05-07,央产房,2009-12-14,普通住宅,满五年,非共有,无抵押,已上传房本照片,8,null
西城,金融街,42,15,1120,158640元/平米,中京几道,3室1厅1厨1卫,中楼层 (共14层),70.6㎡,平层,暂无数据,板塔结合,南 北,钢混结构,其他,一梯八户,暂无数据,暂无数据,70年,null,null,null,2017-08-28,已购公房,2006-06-12,普通住宅,满五年,非共有,暂无数据,已上传房本照片,11,null
西城,金融街,52,68,960,138929元/平米,石灯胡同6号院,3室1厅1厨1卫,低楼层 (共6层),69.1㎡,平层,暂无数据,板楼,东 西,混合结构,精装,一梯两户,集中供暖,无,70年,null,null,null,2017-08-08,已购公房,2013-06-04,普通住宅,满两年,非共有,无抵押,已上传房本照片,14,null
西城,金融街,12,4,730,125000元/平米,民康胡同30号院,2室1厅1厨1卫,高楼层 (共19层),58.4㎡,暂无数据,40.93㎡,塔楼,东北,钢混结构,简装,两梯九户,集中供暖,有,70年,null,null,null,2017-09-04,已购公房,2017-07-26,普通住宅,暂无数据,共有,无抵押,已上传房本照片,4,null
西城,金融街,16,10,790,138112元/平米,华远北街,1室1厅1厨1卫,中楼层 (共17层),57.2㎡,暂无数据,39.71㎡,板塔结合,西,混合结构,其他,两梯十四户,集中供暖,有,70年,null,null,null,2017-08-27,商品房,2015-04-27,普通住宅,满两年,非共有,暂无数据,已上传房本照片,4,null
西城,金融街,85,19,543,100092元/平米,宣武门西大街,2室1厅1厨1卫,中楼层 (共12层),54.25㎡,暂无数据,暂无数据,板楼,东,钢混结构,简装,三梯二十八户,集中供暖,有,70年,null,null,null,2017-08-04,商品房,2015-03-30,普通住宅,满两年,非共有,无抵押,已上传房本照片,3,null
西城,金融街,5,0,630,107472元/平米,宣武门西大街,2室0厅1厨1卫,低楼层 (共12层),58.62㎡,平层,暂无数据,板楼,西南,钢混结构,毛坯,三梯二十八户,集中供暖,有,70年,null,null,null,2017-08-13,已购公房,2001-06-06,普通住宅,满五年,非共有,无抵押,已上传房本照片,0,null
西城,金融街,41,0,1076,129952元/平米,华远北街,3室1厅1厨1卫,低楼层 (共17层),82.8㎡,暂无数据,57.6㎡,板塔结合,东 西,混合结构,精装,两梯十四户,集中供暖,有,70年,null,null,null,2017-08-19,已购公房,2004-04-17,普通住宅,满五年,非共有,无抵押,已上传房本照片,0,null
西城,金融街,174,21,580,106912元/平米,宣武门西大街,2室1厅1厨1卫,高楼层 (共12层),54.25㎡,平层,40㎡,板楼,南,钢混结构,简装,三梯二十八户,集中供暖,有,70年,null,null,null,2017-07-23,商品房,2010-04-12,普通住宅,满五年,非共有,无抵押,已上传房本照片,0,null
西城,金融街,273,17,650,102848元/平米,宣武门西大街,3室0厅1厨1卫,高楼层 (共14层),63.2㎡,暂无数据,暂无数据,塔楼,西北,钢混结构,简装,一梯八户,集中供暖,有,70年,null,null,null,2017-05-15,已购公房,2010-03-30,普通住宅,满五年,非共有,无抵押,已上传房本照片,1,null
西城,金融街,123,54,960,125000元/平米,民康胡同30号院,2室1厅1厨1卫,顶层 (共19层),76.8㎡,平层,暂无数据,塔楼,西北,钢混结构,简装,两梯九户,集中供暖,有,70年,null,null,null,2016-04-30,已购公房,2005-01-05,普通住宅,满五年,非共有,暂无数据,已上传房本照片,4,null
西城,金融街,104,18,960,125000元/平米,民康胡同30号院,2室1厅1厨1卫,中楼层 (共18层),76.8㎡,平层,52.17㎡,塔楼,西南,钢混结构,简装,两梯七户,集中供暖,有,70年,null,null,null,2017-07-11,已购公房,2004-06-30,普通住宅,满五年,非共有,无抵押,已上传房本照片,1,null
西城,金融街,103,60,1100,159884元/平米,丰汇园小区,2室1厅1厨1卫,低楼层 (共12层),68.8㎡,平层,暂无数据,板塔结合,西北,钢混结构,毛坯,两梯二十六户,集中供暖,有,70年,null,null,null,2017-06-30,已购公房,2017-07-13,普通住宅,暂无数据,共有,无抵押,已上传房本照片,3,null
西城,金融街,39,89,680,107239元/平米,宣武门西大街,2室1厅1厨1卫,中楼层 (共14层),63.41㎡,暂无数据,41.9㎡,塔楼,东南,钢混结构,简装,一梯八户,集中供暖,有,70年,null,null,null,2017-05-24,已购公房,2017-05-16,普通住宅,暂无数据,非共有,无抵押,已上传房本照片,7,null
西城,金融街,13,6,895,134992元/平米,宣武门西大街,2室1厅1厨1卫,低楼层 (共16层),66.3㎡,平层,暂无数据,板塔结合,东北,混合结构,精装,两梯八户,集中供暖,有,70年,null,null,null,2017-09-09,央产房,2000-09-05,普通住宅,满五年,非共有,无抵押,已上传房本照片,6,null
西城,金融街,39,0,720,106635元/平米,宣武门西大街,2室1厅1厨1卫,低楼层 (共12层),67.52㎡,暂无数据,暂无数据,板楼,南 北,钢混结构,简装,一梯三户,集中供暖,无,70年,null,null,null,2017-08-28,私产,2004-11-17,普通住宅,满五年,非共有,无抵押,已上传房本照片,0,null
西城,金融街,220,13,1380,139818元/平米,京畿道,3室1厅1厨1卫,顶层 (共6层),98.7㎡,平层,67.63㎡,板楼,东,混合结构,精装,一梯两户,集中供暖,无,70年,null,null,null,2017-01-22,已购公房,2001-02-20,普通住宅,满五年,非共有,无抵押,已上传房本照片,0,null
西城,金融街,54,5,578,129888元/平米,太平桥大街,1室1厅1厨1卫,中楼层 (共16层),44.5㎡,暂无数据,暂无数据,板塔结合,东 西,混合结构,其他,两梯八户,集中供暖,有,70年,null,null,null,2017-08-24,商品房,2013-10-22,普通住宅,满两年,共有,暂无数据,已上传房本照片,3,null
西城,金融街,81,9,3270,159824元/平米,丰汇园小区,5室2厅1厨2卫,顶层 (共6层),204.6㎡,暂无数据,暂无数据,板楼,东 南 北,钢混结构,精装,一梯三户,集中供暖,无,70年,null,null,null,2017-07-24,私产,2002-03-12,普通住宅,满五年,非共有,无抵押,已上传房本照片,1,null
西城,金融街,35,5,1400,157978元/平米,西城晶华,1室1厅1厨1卫,低楼层 (共11层),88.62㎡,平层,67.25㎡,板塔结合,东,钢混结构,精装,两梯八户,集中供暖,有,70年,null,null,null,2017-07-12,商品房,2009-10-26,普通住宅,满五年,非共有,无抵押,已上传房本照片,0,null
西城,金融街,23,1,1200,159363元/平米,京畿道,3室1厅1厨1卫,中楼层 (共6层),75.3㎡,暂无数据,75.3㎡,板楼,西南,混合结构,简装,一梯十二户,集中供暖,无,70年,null,null,null,2017-09-02,已购公房,2016-02-14,普通住宅,暂无数据,共有,无抵押,已上传房本照片,0,null
西城,金融街,49,80,2000,106860元/平米,尚座大厦,4室2厅1厨2卫,高楼层 (共18层),187.16㎡,暂无数据,150.69㎡,塔楼,东 西,钢混结构,其他,两梯六户,集中供暖,有,70年,null,null,null,2017-04-08,商品房,2010-12-08,普通住宅,满五年,非共有,暂无数据,已上传房本照片,1,null
西城,金融街,32,1,500,105955元/平米,宣武门西大街,2室1厅1厨1卫,底层 (共14层),47.19㎡,暂无数据,35.4㎡,板楼,南 北,钢混结构,精装,两梯二十七户,集中供暖,有,70年,null,null,null,2017-08-19,商品房,2016-04-13,普通住宅,暂无数据,非共有,有抵押 214万元 兴业银行 客户偿还,已上传房本照片,0,null
西城,金融街,31,65,1800,141454元/平米,金宸国际公寓,2室1厅1厨1卫,高楼层 (共13层),127.25㎡,暂无数据,98.03㎡,塔楼,南 西,钢混结构,简装,两梯八户,集中供暖,有,70年,null,null,null,2017-04-27,私产,2008-02-01,普通住宅,满五年,非共有,无抵押,已上传房本照片,0,null
西城,金融街,121,0,560,109546元/平米,宣武门西大街,2室0厅1厨1卫,顶层 (共12层),51.12㎡,暂无数据,48㎡,板楼,南,钢混结构,精装,一梯十二户,集中供暖,有,70年,null,null,null,2017-05-06,商品房,2016-03-23,普通住宅,暂无数据,共有,有抵押 客户偿还,已上传房本照片,0,null
西城,金融街,31,64,2050,136667元/平米,金宸国际公寓,3室2厅1厨2卫,高楼层 (共13层),150㎡,暂无数据,115.78㎡,塔楼,西 北,钢混结构,简装,两梯八户,集中供暖,有,70年,null,null,null,2017-04-27,商品房,2017-04-27,普通住宅,暂无数据,非共有,无抵押,已上传房本照片,2,null
西城,金融街,39,1,697,109920元/平米,宣武门西大街,2室1厅1厨1卫,中楼层 (共14层),63.41㎡,暂无数据,41.9㎡,塔楼,东南,钢混结构,简装,一梯八户,集中供暖,有,70年,null,null,null,2017-06-24,已购公房,2001-06-06,普通住宅,满五年,非共有,无抵押,已上传房本照片,0,null
西城,金融街,60,0,1046,119954元/平米,羊肉胡同120号院,3室1厅1厨1卫,顶层 (共6层),87.2㎡,平层,57.96㎡,板楼,南 北,混合结构,精装,一梯四户,集中供暖,无,70年,null,null,null,2017-07-27,商品房,2015-03-25,普通住宅,满两年,非共有,无抵押,已上传房本照片,0,null
