城区,区域,关注,带看,挂牌价,单价,小区,房屋户型,所在楼层,建筑面积,户型结构,套内面积,建筑类型,房屋朝向,建筑结构,装修情况,梯户比例,供暖方式,配备电梯,产权年限,用水类型,用电类型,燃气价格,挂牌时间,交易属性,上次交易,房屋用途,房屋年限,产权所属,抵押信心,房本备件,近七天带看,地铁
西城,木樨地,87,56,890,124825元/平米,复兴门外大街,3室1厅1厨1卫,中楼层 (共12层),71.3㎡,暂无数据,暂无数据,板塔结合,南 北,混合结构,简装,两梯十八户,集中供暖,有,70年,null,null,null,2017-08-13,已购公房,2007-11-22,普通住宅,满五年,非共有,无抵押,已上传房本照片,0,null
西城,木樨地,192,50,755,97925元/平米,西便门西里,3室1厅1厨1卫,高楼层 (共20层),77.1㎡,暂无数据,58.86㎡,塔楼,西南,混合结构,精装,两梯九户,集中供暖,有,70年,null,null,null,2017-08-20,商品房,2011-01-24,普通住宅,满五年,非共有,无抵押,已上传房本照片,0,null
西城,木樨地,19,30,793,130000元/平米,真武庙,2室1厅1厨1卫,中楼层 (共6层),61㎡,暂无数据,40.38㎡,板楼,南 北,混合结构,简装,一梯两户,集中供暖,无,70年,null,null,null,2017-08-27,央产房,2011-11-18,普通住宅,满五年,非共有,无抵押,已上传房本照片,17,null
西城,木樨地,18,6,683.1,115000元/平米,汽南小区,2室1厅1厨1卫,顶层 (共6层),59.4㎡,暂无数据,48㎡,板楼,东 西,混合结构,精装,一梯三户,集中供暖,无,70年,null,null,null,2017-09-01,已购公房,2002-03-27,普通住宅,满五年,非共有,无抵押,已上传房本照片,5,null
西城,木樨地,55,78,750,112108元/平米,汽南小区,3室1厅1厨1卫,中楼层 (共6层),66.9㎡,暂无数据,47.26㎡,板楼,东 西,混合结构,精装,一梯两户,集中供暖,无,70年,null,null,null,2017-08-09,商品房,2009-12-03,普通住宅,满五年,共有,无抵押,已上传房本照片,17,null
西城,木樨地,33,9,900,119522元/平米,真武庙六里,2室1厅1厨1卫,高楼层 (共18层),75.3㎡,暂无数据,暂无数据,塔楼,东,钢混结构,精装,两梯十一户,集中供暖,有,70年,null,null,null,2017-08-08,央产房,2000-11-07,普通住宅,满五年,非共有,无抵押,已上传房本照片,3,null
西城,木樨地,92,49,780,122066元/平米,复兴门外大街,2室1厅1厨1卫,中楼层 (共12层),63.9㎡,暂无数据,暂无数据,板塔结合,南 北,混合结构,精装,两梯十八户,集中供暖,有,70年,null,null,null,2017-08-06,私产,2008-12-03,普通住宅,满五年,非共有,无抵押,已上传房本照片,9,null
西城,木樨地,21,74,1255,144919元/平米,北滨河路2号院,3室1厅1厨1卫,低楼层 (共16层),86.6㎡,平层,暂无数据,塔楼,东南,混合结构,精装,两梯五户,集中供暖,有,70年,null,null,null,2017-03-01,已购公房,2003-11-26,普通住宅,满五年,非共有,无抵押,已上传房本照片,4,null
西城,木樨地,20,28,775,134222元/平米,复兴门南大街,2室1厅1厨1卫,高楼层 (共12层),57.74㎡,平层,41.14㎡,塔楼,东,钢混结构,简装,一梯八户,集中供暖,有,70年,null,null,null,2017-08-26,央产房,2011-05-05,普通住宅,满五年,非共有,无抵押,已上传房本照片,15,null
西城,木樨地,18,6,1089,119934元/平米,汽南小区,2室1厅1厨1卫,低楼层 (共14层),90.8㎡,暂无数据,暂无数据,板塔结合,南,混合结构,简装,两梯十五户,集中供暖,有,70年,null,null,null,2017-09-03,央产房,2002-03-27,普通住宅,满五年,非共有,无抵押,已上传房本照片,6,null
西城,木樨地,64,16,516,94836元/平米,西便门西里,2室1厅1厨1卫,中楼层 (共6层),54.41㎡,暂无数据,41.28㎡,板楼,南 北,混合结构,简装,一梯两户,集中供暖,无,70年,null,null,null,2017-08-28,已购公房,2001-05-11,普通住宅,满五年,非共有,无抵押,已上传房本照片,8,null
西城,木樨地,61,36,787,117991元/平米,汽南小区,3室1厅1厨1卫,低楼层 (共6层),66.7㎡,暂无数据,47.12㎡,板楼,东 西,混合结构,简装,一梯两户,集中供暖,无,70年,null,null,null,2017-08-07,央产房,2016-11-16,普通住宅,暂无数据,非共有,无抵押,已上传房本照片,5,null
西城,木樨地,108,76,710,93779元/平米,西便门东里,3室1厅1厨1卫,底层 (共12层),75.71㎡,暂无数据,56.78㎡,板塔结合,东 西,钢混结构,简装,一梯两户,集中供暖,有,70年,null,null,null,2017-07-02,已购公房,2001-06-06,普通住宅,满五年,非共有,暂无数据,已上传房本照片,7,null
西城,木樨地,19,8,745,124979元/平米,复兴门外大街,2室1厅1厨1卫,高楼层 (共16层),59.61㎡,暂无数据,58.61㎡,塔楼,南,钢混结构,简装,两梯八户,集中供暖,有,70年,null,null,null,2017-09-01,商品房,2014-02-25,普通住宅,暂无数据,共有,无抵押,已上传房本照片,6,null
西城,木樨地,115,56,996,120000元/平米,真武庙六里,3室1厅1厨1卫,高楼层 (共18层),83㎡,平层,暂无数据,塔楼,西南,混合结构,精装,两梯九户,集中供暖,有,70年,null,null,null,2017-03-04,央产房,2003-04-17,普通住宅,满五年,非共有,无抵押,已上传房本照片,0,null
西城,木樨地,5,0,1030,83556元/平米,莲花池东路甲5号院,2室2厅1厨1卫,中楼层 (共28层),123.27㎡,暂无数据,102.39㎡,塔楼,西,钢混结构,简装,两梯十九户,集中供暖,有,70年,null,null,null,2017-09-03,商品房,2010-07-26,普通住宅,满五年,非共有,无抵押,已上传房本照片,0,null
西城,木樨地,5,10,739,140762元/平米,西便门外大街,2室1厅1厨1卫,高楼层 (共6层),52.5㎡,暂无数据,52.55㎡,板楼,南,砖混结构,简装,一梯三户,集中供暖,无,70年,null,null,null,2017-08-23,央产房,2000-03-22,普通住宅,满五年,非共有,暂无数据,已上传房本照片,5,null
西城,木樨地,58,47,1100,139594元/平米,温馨家园,2室1厅1厨1卫,高楼层 (共7层),78.8㎡,平层,55.34㎡,板楼,东 西,钢混结构,精装,一梯三户,集中供暖,无,70年,null,null,null,2016-10-23,已购公房,2011-11-24,普通住宅,满五年,非共有,无抵押,已上传房本照片,1,null
西城,木樨地,15,9,669.6,120000元/平米,真武庙六里,2室1厅1厨1卫,底层 (共18层),55.8㎡,暂无数据,34㎡,塔楼,东南,钢混结构,精装,两梯十一户,集中供暖,有,70年,null,null,null,2017-09-03,央产房,2008-02-26,普通住宅,满五年,非共有,无抵押,已上传房本照片,8,null
西城,木樨地,20,12,680,116638元/平米,复兴门外大街,2室1厅1厨1卫,中楼层 (共16层),58.3㎡,暂无数据,45㎡,塔楼,南 北,混合结构,简装,一梯八户,集中供暖,有,70年,null,null,null,2017-08-26,央产房,2012-05-10,普通住宅,满五年,非共有,无抵押,已上传房本照片,9,null
西城,木樨地,56,147,850,107868元/平米,真武庙四里,3室1厅1厨1卫,底层 (共4层),78.8㎡,暂无数据,78.8㎡,板楼,南,混合结构,简装,一梯两户,集中供暖,无,70年,null,null,null,2017-04-05,商品房,2014-01-20,普通住宅,满两年,共有,无抵押,已上传房本照片,0,null
西城,木樨地,38,10,510,94044元/平米,西便门西里,2室1厅1厨1卫,顶层 (共6层),54.23㎡,平层,暂无数据,板楼,南 西,混合结构,简装,一梯三户,集中供暖,无,70年,null,null,null,2017-07-07,私产,2006-03-27,普通住宅,满五年,非共有,无抵押,已上传房本照片,5,null
西城,木樨地,59,32,856,118232元/平米,真武庙,3室1厅1厨1卫,顶层 (共6层),72.4㎡,暂无数据,暂无数据,板楼,东 西,混合结构,简装,一梯两户,集中供暖,无,70年,null,null,null,2017-05-25,央产房,2000-06-13,普通住宅,满五年,非共有,无抵押,已上传房本照片,0,null
西城,木樨地,97,38,799,112869元/平米,复兴门外大街,2室0厅1厨1卫,高楼层 (共16层),70.79㎡,平层,暂无数据,塔楼,南,钢混结构,简装,两梯八户,集中供暖,有,70年,null,null,null,2017-05-13,已购公房,2008-02-20,普通住宅,满五年,非共有,无抵押,已上传房本照片,0,null
西城,木樨地,133,23,640,99875元/平米,西便门东里,3室1厅1厨1卫,顶层 (共6层),64.08㎡,平层,48㎡,板楼,南 北,砖混结构,简装,一梯三户,集中供暖,无,70年,null,null,null,2017-03-25,商品房,2009-04-16,普通住宅,满五年,非共有,无抵押,已上传房本照片,2,null
西城,木樨地,58,36,630,130977元/平米,白云观,2室1厅1厨1卫,顶层 (共5层),48.1㎡,暂无数据,暂无数据,板楼,南 北,混合结构,简装,一梯三户,集中供暖,无,70年,null,null,null,2017-03-03,已购公房,2004-06-30,普通住宅,满五年,非共有,无抵押,已上传房本照片,1,null
西城,木樨地,88,64,1100,102900元/平米,真武庙二里,4室0厅1厨1卫,底层 (共4层),106.9㎡,暂无数据,暂无数据,板楼,南 北,砖混结构,简装,一梯三户,集中供暖,无,70年,null,null,null,2017-01-05,央产房,2007-05-25,普通住宅,满五年,非共有,无抵押,已上传房本照片,1,null
西城,木樨地,7,4,610,100000元/平米,西便门外大街,2室0厅1厨1卫,顶层 (共4层),61㎡,暂无数据,暂无数据,板楼,西 西北,混合结构,精装,一梯五户,集中供暖,无,70年,null,null,null,2017-08-05,央产房,2010-09-01,普通住宅,满五年,共有,无抵押,已上传房本照片,0,null
西城,木樨地,35,24,855,109897元/平米,木樨地,2室1厅1厨1卫,低楼层 (共16层),77.8㎡,平层,51.14㎡,塔楼,东北,钢混结构,简装,两梯八户,集中供暖,有,70年,null,null,null,2017-04-06,央产房,2011-12-09,普通住宅,满五年,共有,无抵押,已上传房本照片,1,null
西城,木樨地,45,35,1350,94307元/平米,莲花池东路甲5号院,3室1厅1厨2卫,低楼层 (共28层),143.15㎡,平层,121.26㎡,塔楼,东北,钢混结构,精装,两梯八户,集中供暖,有,70年,null,null,null,2017-03-29,商品房,2010-07-26,普通住宅,满五年,非共有,有抵押 民生银行,已上传房本照片,0,null
西城,木樨地,52,95,1130,142317元/平米,北滨河路2号院,3室1厅1厨1卫,底层 (共8层),79.4㎡,暂无数据,59.7㎡,板楼,东南 西,钢混结构,简装,一梯四户,集中供暖,有,70年,null,null,null,2017-05-13,已购公房,2017-05-03,普通住宅,暂无数据,共有,无抵押,已上传房本照片,9,距离1号线南礼士路站723米
西城,木樨地,8,23,869,137937元/平米,温馨家园,1室1厅1厨1卫,底层 (共7层),63㎡,暂无数据,暂无数据,板楼,南 北,混合结构,精装,一梯两户,集中供暖,无,70年,null,null,null,2017-03-12,央产房,2003-06-20,普通住宅,满五年,非共有,无抵押,已上传房本照片,1,null
西城,木樨地,18,9,800,115774元/平米,莲花池东路,3室1厅1厨1卫,高楼层 (共16层),69.1㎡,暂无数据,48.64㎡,塔楼,东 北,混合结构,简装,两梯八户,集中供暖,有,70年,null,null,null,2017-04-23,央产房,2007-04-29,普通住宅,满五年,非共有,无抵押,已上传房本照片,3,null
西城,木樨地,40,7,697,94791元/平米,西便门东里,2室1厅1厨1卫,中楼层 (共16层),73.53㎡,暂无数据,55.16㎡,塔楼,南,钢混结构,简装,两梯七户,集中供暖,有,70年,null,null,null,2017-06-07,已购公房,2000-11-21,普通住宅,满五年,非共有,无抵押,已上传房本照片,0,null
西城,木樨地,21,2,570,91684元/平米,西便门东里,2室1厅1厨1卫,低楼层 (共16层),62.17㎡,平层,暂无数据,塔楼,东北,钢混结构,简装,两梯七户,集中供暖,有,70年,null,null,null,2017-07-03,已购公房,2007-03-22,普通住宅,满五年,非共有,无抵押,已上传房本照片,1,null
西城,木樨地,44,18,700,114943元/平米,汽北小区,2室1厅1厨1卫,高楼层 (共6层),60.9㎡,暂无数据,39.91㎡,板楼,南 北,混合结构,简装,一梯三户,集中供暖,无,70年,null,null,null,2017-05-21,央产房,2002-03-27,普通住宅,满五年,非共有,无抵押,已上传房本照片,0,null
西城,木樨地,89,39,890,124476元/平米,复兴门外大街,3室1厅1厨1卫,中楼层 (共16层),71.5㎡,暂无数据,暂无数据,塔楼,南 北,混合结构,简装,两梯八户,集中供暖,有,70年,null,null,null,2017-06-28,已购公房,2017-03-22,普通住宅,暂无数据,非共有,无抵押,已上传房本照片,2,null
西城,木樨地,18,14,1360,144835元/平米,北滨河路2号院,4室1厅1厨1卫,低楼层 (共16层),93.9㎡,平层,66.97㎡,塔楼,西北,钢混结构,简装,两梯五户,集中供暖,有,70年,null,null,null,2017-07-22,已购公房,2017-07-20,普通住宅,暂无数据,非共有,无抵押,已上传房本照片,1,null
西城,木樨地,8,7,816.5,115000元/平米,白云观,2室1厅1厨1卫,中楼层 (共11层),71㎡,平层,50㎡,板楼,南,混合结构,其他,一梯六户,集中供暖,有,70年,null,null,null,2017-09-07,已购公房,2000-11-09,普通住宅,满五年,非共有,暂无数据,已上传房本照片,7,null
西城,木樨地,27,0,512,94868元/平米,西便门西里,2室1厅1厨1卫,低楼层 (共20层),53.97㎡,平层,41.37㎡,塔楼,西南,混合结构,其他,两梯九户,集中供暖,有,70年,null,null,null,2017-08-23,商品房,2012-04-27,普通住宅,满五年,非共有,暂无数据,已上传房本照片,0,null
西城,木樨地,0,2,1045,127844元/平米,西便门外大街,3室1厅1厨1卫,高楼层 (共12层),81.74㎡,暂无数据,58.99㎡,板楼,东 西,钢混结构,其他,两梯八户,集中供暖,有,70年,null,null,null,2017-08-30,商品房,2009-12-22,普通住宅,满五年,非共有,暂无数据,已上传房本照片,2,null
