城区,区域,关注,带看,挂牌价,单价,小区,房屋户型,所在楼层,建筑面积,户型结构,套内面积,建筑类型,房屋朝向,建筑结构,装修情况,梯户比例,供暖方式,配备电梯,产权年限,用水类型,用电类型,燃气价格,挂牌时间,交易属性,上次交易,房屋用途,房屋年限,产权所属,抵押信心,房本备件,近七天带看,地铁
西城,牛街,103,15,397,92844元/平米,春风胡同社区,1室1厅1厨1卫,顶层 (共4层),42.76㎡,暂无数据,28.7㎡,板楼,南,混合结构,精装,一梯四户,集中供暖,无,70年,null,null,null,2017-09-02,商品房,2010-04-13,普通住宅,满五年,非共有,无抵押,已上传房本照片,14,距离4号线菜市口站658米
西城,牛街,161,154,588,80515元/平米,南线里小区,2室1厅1厨1卫,低楼层 (共22层),73.03㎡,暂无数据,暂无数据,塔楼,东 西 北,钢混结构,其他,两梯十二户,集中供暖,有,70年,null,null,null,2017-06-24,已购公房,2009-12-17,普通住宅,满五年,非共有,暂无数据,已上传房本照片,23,null
西城,牛街,63,16,597,82928元/平米,牛街东里,2室1厅1厨1卫,中楼层 (共19层),71.99㎡,暂无数据,53㎡,塔楼,西南,钢混结构,简装,三梯十二户,集中供暖,有,70年,null,null,null,2017-09-07,已购公房,2011-12-20,普通住宅,满五年,非共有,无抵押,已上传房本照片,16,null
西城,牛街,37,15,1150,95937元/平米,白纸坊东街,3室2厅1厨2卫,中楼层 (共9层),119.87㎡,暂无数据,119.87㎡,板塔结合,东 西 北,混合结构,精装,一梯两户,集中供暖,有,70年,null,null,null,2017-08-27,央产房,2000-09-21,普通住宅,满五年,非共有,无抵押,已上传房本照片,6,null
西城,牛街,118,23,980,74918元/平米,陶然居,2室2厅1厨2卫,中楼层 (共20层),130.81㎡,暂无数据,100.5㎡,塔楼,东 西,钢混结构,精装,两梯十户,集中供暖,有,70年,null,null,null,2017-05-05,商品房,2009-08-14,普通住宅,满五年,非共有,无抵押,已上传房本照片,1,null
西城,牛街,288,65,385,93583元/平米,白广路7号院,1室1厅1厨1卫,顶层 (共6层),41.14㎡,暂无数据,33㎡,板楼,南,混合结构,其他,一梯三户,集中供暖,暂无数据,40年,null,null,null,2017-06-27,商品房,2015-07-10,普通住宅,满两年,非共有,暂无数据,已上传房本照片,7,null
西城,牛街,43,23,690,97293元/平米,平原里小区,2室1厅1厨1卫,低楼层 (共12层),70.92㎡,暂无数据,暂无数据,板楼,东 南,钢混结构,毛坯,两梯两户,集中供暖,有,70年,null,null,null,2017-08-15,已购公房,2004-08-28,普通住宅,满五年,非共有,无抵押,已上传房本照片,5,null
西城,牛街,45,56,620,107490元/平米,双槐里,2室1厅1厨1卫,低楼层 (共6层),57.68㎡,暂无数据,39.39㎡,板楼,南 北,混合结构,简装,一梯两户,集中供暖,无,70年,null,null,null,2017-08-15,已购公房,2011-08-22,普通住宅,满五年,非共有,无抵押,已上传房本照片,15,null
西城,牛街,54,12,945,109948元/平米,凯迪尚府,2室1厅1厨1卫,中楼层 (共14层),85.95㎡,暂无数据,69.97㎡,板塔结合,西南,钢混结构,其他,两梯五户,自供暖,有,70年,null,null,null,2017-08-31,商品房,2014-04-14,普通住宅,满两年,非共有,暂无数据,已上传房本照片,6,null
西城,牛街,10,4,610,87719元/平米,法源寺西里小区,2室1厅1厨1卫,中楼层 (共6层),69.54㎡,暂无数据,暂无数据,板楼,东 西,钢混结构,简装,一梯三户,集中供暖,无,70年,null,null,null,2017-09-05,已购公房,2003-06-10,普通住宅,满五年,非共有,无抵押,已上传房本照片,4,null
西城,牛街,76,47,430,93948元/平米,似海怡家,1室1厅1厨1卫,低楼层 (共25层),45.77㎡,暂无数据,37.1㎡,塔楼,西北,钢混结构,精装,三梯十四户,集中供暖,有,70年,null,null,null,2017-07-02,商品房,2012-05-23,普通住宅,满五年,共有,无抵押,已上传房本照片,9,null
西城,牛街,13,2,738,84565元/平米,凌云居,2室1厅1厨1卫,高楼层 (共22层),87.27㎡,暂无数据,69.03㎡,塔楼,西北,钢混结构,简装,三梯十二户,集中供暖,有,70年,null,null,null,2017-09-05,商品房,2011-06-27,普通住宅,满五年,非共有,有抵押 300万元 招商银行 客户偿还,已上传房本照片,2,null
西城,牛街,44,16,1380,86390元/平米,法源寺西里小区,4室2厅1厨2卫,顶层 (共9层),159.74㎡,暂无数据,1㎡,板塔结合,东南 北,钢混结构,简装,一梯两户,集中供暖,有,70年,null,null,null,2017-08-23,央产房,2002-03-20,普通住宅,满五年,非共有,无抵押,已上传房本照片,6,null
西城,牛街,74,22,460,80448元/平米,牛街西里,1室1厅1厨1卫,中楼层 (共20层),57.18㎡,平层,37.84㎡,塔楼,西南,钢混结构,精装,两梯十三户,集中供暖,有,70年,null,null,null,2017-07-15,商品房,2012-09-11,普通住宅,满两年,共有,无抵押,已上传房本照片,15,null
西城,牛街,31,23,1050,95091元/平米,南线阁41号院,2室2厅1厨2卫,中楼层 (共14层),110.42㎡,暂无数据,暂无数据,板塔结合,西南,钢混结构,简装,一梯四户,集中供暖,有,70年,null,null,null,2017-06-02,私产,2007-09-29,普通住宅,满五年,非共有,无抵押,已上传房本照片,2,null
西城,牛街,103,35,650,87202元/平米,牛街西里,2室1厅1厨1卫,低楼层 (共19层),74.54㎡,平层,49.24㎡,塔楼,南 西,钢混结构,简装,三梯十二户,集中供暖,有,70年,null,null,null,2017-07-23,商品房,2011-11-15,普通住宅,满五年,非共有,无抵押,已上传房本照片,3,null
西城,牛街,368,179,595,78207元/平米,牛街西里,2室1厅1厨1卫,底层 (共22层),76.08㎡,平层,暂无数据,塔楼,东南,钢混结构,简装,三梯十二户,集中供暖,有,70年,null,null,null,2017-01-17,二类经济适用房,2017-01-18,普通住宅,暂无数据,共有,无抵押,已上传房本照片,0,null
西城,牛街,57,6,513,87842元/平米,门楼巷,2室1厅1厨1卫,中楼层 (共6层),58.4㎡,平层,44.5㎡,板楼,南 北,混合结构,简装,一梯两户,集中供暖,无,70年,null,null,null,2017-08-29,已购公房,2012-05-11,普通住宅,满五年,非共有,无抵押,已上传房本照片,2,null
西城,牛街,55,22,539,83333元/平米,似海怡家,1室1厅1厨1卫,顶层 (共25层),64.68㎡,平层,52.43㎡,塔楼,西,钢混结构,精装,三梯十四户,集中供暖,有,70年,null,null,null,2017-03-20,商品房,1999-07-06,普通住宅,满五年,非共有,无抵押,已上传房本照片,14,null
西城,牛街,24,13,1720,124737元/平米,万和世家,3室1厅1厨2卫,低楼层 (共9层),137.89㎡,暂无数据,119.3㎡,板楼,东南,钢混结构,简装,一梯三户,自供暖,有,70年,null,null,null,2017-08-10,私产,2005-08-09,普通住宅,满五年,非共有,无抵押,已上传房本照片,2,null
西城,牛街,33,3,480,103093元/平米,平原里小区,1室1厅1厨1卫,低楼层 (共6层),46.56㎡,暂无数据,32.54㎡,板楼,南 北,钢混结构,简装,一梯两户,集中供暖,无,70年,null,null,null,2017-08-21,已购公房,2004-04-26,普通住宅,满五年,非共有,无抵押,已上传房本照片,1,null
西城,牛街,12,2,490,105241元/平米,平原里小区,1室1厅1厨1卫,高楼层 (共6层),46.56㎡,平层,32.54㎡,板楼,南 北,钢混结构,简装,一梯两户,集中供暖,无,70年,null,null,null,2017-08-26,已购公房,2010-08-26,普通住宅,满五年,非共有,无抵押,已上传房本照片,2,null
西城,牛街,99,25,920,87837元/平米,牛街18,2室1厅1厨2卫,低楼层 (共24层),104.74㎡,暂无数据,82.81㎡,塔楼,东 北,钢混结构,简装,三梯十户,集中供暖,有,70年,null,null,null,2017-03-30,商品房,2010-05-07,普通住宅,满五年,非共有,无抵押,已上传房本照片,1,null
西城,牛街,30,5,1800,121885元/平米,万和世家,4室1厅1厨2卫,中楼层 (共8层),147.68㎡,暂无数据,126.69㎡,板楼,南 西 北,钢混结构,简装,一梯两户,自供暖,有,70年,null,null,null,2017-09-08,商品房,2005-07-19,普通住宅,满五年,非共有,无抵押,已上传房本照片,5,null
西城,牛街,156,42,1000,77137元/平米,凌云居,3室1厅1厨1卫,低楼层 (共22层),129.64㎡,平层,100.9㎡,塔楼,东北,钢混结构,简装,三梯十六户,集中供暖,有,70年,null,null,null,2016-11-30,商品房,2003-09-02,普通住宅,满五年,非共有,无抵押,已上传房本照片,3,null
西城,牛街,55,7,980,97843元/平米,平原里小区,3室2厅1厨0卫,中楼层 (共12层),100.16㎡,暂无数据,暂无数据,板楼,南 北,钢混结构,精装,两梯两户,集中供暖,有,70年,null,null,null,2017-08-10,已购公房,2004-05-07,普通住宅,满五年,非共有,无抵押,已上传房本照片,0,null
西城,牛街,38,10,650,80020元/平米,牛街东里,2室1厅1厨1卫,中楼层 (共19层),81.23㎡,暂无数据,51.29㎡,塔楼,西北,钢混结构,精装,三梯十二户,集中供暖,有,70年,null,null,null,2017-08-27,商品房,2015-03-16,普通住宅,满两年,非共有,无抵押,已上传房本照片,5,null
西城,牛街,57,5,670,87126元/平米,牛街东里,2室1厅1厨1卫,中楼层 (共19层),76.9㎡,平层,51.83㎡,塔楼,西南,钢混结构,简装,三梯十二户,集中供暖,有,70年,null,null,null,2017-08-14,商品房,2011-12-20,普通住宅,满五年,非共有,无抵押,已上传房本照片,1,null
西城,牛街,34,2,520,83427元/平米,似海怡家,1室1厅1厨1卫,高楼层 (共25层),62.33㎡,暂无数据,50.53㎡,塔楼,西,钢混结构,简装,三梯十五户,集中供暖,有,70年,null,null,null,2017-08-13,私产,2005-06-27,普通住宅,满五年,非共有,无抵押,已上传房本照片,1,null
西城,牛街,13,4,1000,78394元/平米,凌云居,3室1厅1厨1卫,高楼层 (共22层),127.56㎡,暂无数据,100.9㎡,塔楼,东 北,钢混结构,简装,三梯十六户,集中供暖,有,70年,null,null,null,2017-05-31,私产,2007-04-28,普通住宅,满五年,非共有,无抵押,已上传房本照片,0,null
西城,牛街,68,14,440,85820元/平米,法源寺西里小区,1室1厅1厨1卫,高楼层 (共6层),51.27㎡,平层,37.29㎡,板楼,南,钢混结构,简装,一梯四户,集中供暖,无,70年,null,null,null,2017-03-05,商品房,2011-11-10,普通住宅,满五年,非共有,无抵押,已上传房本照片,5,距离7号线广安门内站528米
西城,牛街,48,8,476,91910元/平米,南半截胡同26号院,2室1厅1厨1卫,中楼层 (共5层),51.79㎡,暂无数据,36.65㎡,板楼,南,混合结构,其他,一梯三户,暂无数据,暂无数据,40年,null,null,null,2017-09-01,私产,2007-11-05,普通住宅,满五年,非共有,暂无数据,已上传房本照片,5,null
西城,牛街,551,115,420,85055元/平米,白广路,2室1厅1厨1卫,中楼层 (共6层),49.38㎡,平层,37.57㎡,板楼,南,混合结构,简装,一梯三户,集中供暖,无,70年,null,null,null,2017-06-29,商品房,2017-06-27,普通住宅,暂无数据,非共有,无抵押,已上传房本照片,0,null
西城,牛街,162,76,550,84968元/平米,西华经典,1室1厅1厨1卫,中楼层 (共25层),64.73㎡,平层,53.5㎡,塔楼,北,钢混结构,其他,两梯五户,集中供暖,有,70年,null,null,null,2017-06-17,商品房,2016-08-11,普通住宅,暂无数据,非共有,暂无数据,已上传房本照片,1,null
西城,牛街,103,174,500,85807元/平米,牛街西里,1室1厅1厨1卫,低楼层 (共19层),58.27㎡,平层,暂无数据,塔楼,东南,钢混结构,简装,三梯十二户,集中供暖,有,70年,null,null,null,2017-04-15,二类经济适用房,2017-03-29,普通住宅,暂无数据,非共有,无抵押,已上传房本照片,0,null
西城,牛街,23,6,736,89888元/平米,白广路6号院,2室1厅1厨1卫,中楼层 (共6层),81.88㎡,平层,暂无数据,板楼,南,混合结构,简装,一梯三户,集中供暖,无,70年,null,null,null,2017-07-08,已购公房,2000-03-20,普通住宅,满五年,非共有,无抵押,已上传房本照片,2,null
西城,牛街,41,6,738,97067元/平米,南线阁37号院,1室1厅1厨1卫,中楼层 (共24层),76.03㎡,暂无数据,64.41㎡,板塔结合,南,钢混结构,简装,两梯七户,集中供暖,有,70年,null,null,null,2017-07-16,央产房,2008-10-16,普通住宅,满五年,非共有,无抵押,已上传房本照片,1,null
西城,牛街,120,40,457,94991元/平米,白广路6号院,1室1厅1厨1卫,中楼层 (共14层),48.11㎡,平层,暂无数据,板楼,南,钢混结构,简装,两梯三户,集中供暖,有,70年,null,null,null,2016-04-06,已购公房,2000-03-20,普通住宅,满五年,非共有,无抵押,已上传房本照片,0,null
西城,牛街,41,23,660,82141元/平米,牛街东里,2室1厅1厨1卫,低楼层 (共19层),80.35㎡,平层,暂无数据,塔楼,西北,钢混结构,其他,三梯十二户,集中供暖,有,70年,null,null,null,2017-03-11,已购公房,2004-03-16,普通住宅,满五年,非共有,暂无数据,已上传房本照片,1,null
西城,牛街,41,4,498,107886元/平米,平原里小区,1室1厅1厨1卫,高楼层 (共9层),46.16㎡,暂无数据,暂无数据,板楼,南 北,钢混结构,精装,两梯两户,集中供暖,有,70年,null,null,null,2017-06-07,已购公房,2004-06-28,普通住宅,满五年,非共有,无抵押,已上传房本照片,0,null
西城,牛街,12,4,545,91906元/平米,南横西街96号院,2室1厅1厨1卫,低楼层 (共6层),59.3㎡,暂无数据,44.26㎡,板楼,南 北,混合结构,简装,一梯两户,集中供暖,无,70年,null,null,null,2017-09-01,商品房,2008-12-02,普通住宅,满五年,非共有,无抵押,已上传房本照片,3,null
西城,牛街,51,4,420,89514元/平米,法源寺西里小区,1室1厅1厨1卫,顶层 (共6层),46.92㎡,暂无数据,34.07㎡,板楼,南,钢混结构,简装,一梯三户,集中供暖,无,70年,null,null,null,2017-04-24,已购公房,2003-06-10,普通住宅,满五年,非共有,无抵押,已上传房本照片,0,null
西城,牛街,27,7,500,86700元/平米,牛街西里,1室1厅1厨1卫,高楼层 (共19层),57.67㎡,暂无数据,37.89㎡,塔楼,东南,钢混结构,其他,三梯十二户,集中供暖,有,70年,null,null,null,2017-08-31,商品房,2009-09-17,普通住宅,满五年,共有,暂无数据,已上传房本照片,6,null
西城,牛街,36,5,430,88843元/平米,法源寺西里小区,1室1厅1厨1卫,顶层 (共6层),48.4㎡,平层,35.14㎡,板楼,南 北,钢混结构,简装,一梯四户,集中供暖,无,70年,null,null,null,2017-07-28,商品房,2010-01-11,普通住宅,满五年,非共有,无抵押,已上传房本照片,4,null
西城,牛街,269,132,953,79930元/平米,贵仁居,1室0厅0厨2卫,中楼层 (共18层),119.23㎡,平层,94.43㎡,塔楼,东南,钢混结构,精装,三梯十一户,集中供暖,有,70年,null,null,null,2016-11-21,商品房,2013-09-16,普通住宅,满两年,非共有,有抵押 280万元 交通银行 客户偿还,已上传房本照片,0,null
西城,牛街,100,24,488,109836元/平米,双槐里,2室1厅1厨1卫,顶层 (共6层),44.43㎡,平层,34.01㎡,板楼,南 北,混合结构,精装,一梯两户,集中供暖,无,70年,null,null,null,2017-07-05,私产,2005-07-22,普通住宅,满五年,非共有,无抵押,已上传房本照片,3,null
西城,牛街,304,69,499,82973元/平米,枣林前街,2室1厅1厨1卫,底层 (共16层),60.14㎡,暂无数据,45.12㎡,塔楼,南 北,钢混结构,精装,两梯十四户,集中供暖,有,70年,null,null,null,2017-04-08,已购公房,2011-06-11,普通住宅,满五年,非共有,有抵押 88万元 招商银行 客户偿还,已上传房本照片,0,null
西城,牛街,13,0,3000,129049元/平米,枫桦豪景二期,3室2厅1厨2卫,顶层 (共12层),232.47㎡,暂无数据,187.53㎡,板塔结合,南 北,钢混结构,精装,一梯一户,集中供暖,有,70年,null,null,null,2017-07-07,商品房,2013-08-08,普通住宅,满两年,非共有,无抵押,已上传房本照片,0,null
西城,牛街,13,0,670,87915元/平米,法源寺西里小区,2室1厅1厨1卫,顶层 (共6层),76.21㎡,暂无数据,56㎡,板楼,南 北,钢混结构,精装,一梯六户,集中供暖,无,70年,null,null,null,2017-06-24,已购公房,2006-12-20,普通住宅,满五年,非共有,无抵押,已上传房本照片,0,null
西城,牛街,58,6,490,86741元/平米,牛街西里,1室1厅1厨1卫,中楼层 (共20层),56.49㎡,平层,37.89㎡,塔楼,东南,钢混结构,简装,两梯十二户,集中供暖,有,70年,null,null,null,2017-07-30,商品房,2012-02-22,普通住宅,满五年,非共有,无抵押,已上传房本照片,0,null
西城,牛街,74,11,1013,89980元/平米,南线阁41号院,3室1厅1厨2卫,中楼层 (共14层),112.58㎡,暂无数据,80.74㎡,板塔结合,东 西,钢混结构,其他,一梯两户,集中供暖,有,70年,null,null,null,2017-07-19,已购公房,2010-09-26,普通住宅,满五年,非共有,暂无数据,已上传房本照片,1,null
西城,牛街,19,0,507,87914元/平米,牛街西里,1室1厅1厨1卫,中楼层 (共19层),57.67㎡,暂无数据,37.89㎡,塔楼,东南,钢混结构,精装,三梯十二户,集中供暖,有,70年,null,null,null,2017-08-13,已购公房,2004-03-22,普通住宅,满五年,非共有,无抵押,已上传房本照片,0,null
西城,牛街,160,35,1600,71800元/平米,凌云居,4室2厅1厨2卫,低楼层 (共22层),222.84㎡,暂无数据,176.27㎡,塔楼,东 南,钢混结构,精装,三梯十二户,集中供暖,有,70年,null,null,null,2015-07-13,商品房,2011-11-23,普通住宅,满五年,非共有,暂无数据,已上传房本照片,0,null
西城,牛街,4,9,800,98365元/平米,白广路7号院,3室1厅1厨1卫,中楼层 (共6层),81.33㎡,暂无数据,70㎡,板楼,南 北,混合结构,毛坯,一梯两户,暂无数据,暂无数据,70年,null,null,null,2017-08-20,已购公房,2017-07-28,普通住宅,暂无数据,非共有,暂无数据,已上传房本照片,8,null
西城,牛街,52,5,560,95907元/平米,平原里小区,1室1厅1厨1卫,中楼层 (共6层),58.39㎡,暂无数据,暂无数据,板楼,东 西,钢混结构,简装,一梯四户,集中供暖,无,70年,null,null,null,2017-07-16,已购公房,2004-05-14,普通住宅,满五年,非共有,无抵押,已上传房本照片,1,null
西城,牛街,10,1,500,99761元/平米,平原里小区,1室1厅1厨1卫,中楼层 (共6层),50.12㎡,暂无数据,暂无数据,板楼,南 北,钢混结构,精装,一梯两户,集中供暖,无,70年,null,null,null,2017-08-02,私产,2005-02-05,普通住宅,满五年,非共有,无抵押,已上传房本照片,0,null
西城,牛街,47,1,620,107490元/平米,双槐里,2室1厅1厨1卫,中楼层 (共6层),57.68㎡,暂无数据,暂无数据,板楼,南 北,混合结构,精装,一梯两户,集中供暖,无,70年,null,null,null,2017-05-20,商品房,2013-02-19,普通住宅,满两年,非共有,无抵押,已上传房本照片,0,null
西城,牛街,44,3,420,79863元/平米,青春无限,1室0厅1厨1卫,高楼层 (共22层),52.59㎡,暂无数据,39.26㎡,塔楼,东,钢混结构,精装,三梯十六户,集中供暖,有,70年,null,null,null,2017-08-27,商品房,2017-05-25,普通住宅,暂无数据,非共有,无抵押,已上传房本照片,2,null
西城,牛街,20,4,440,84518元/平米,牛街18,1室0厅1厨1卫,中楼层 (共24层),52.06㎡,平层,41.16㎡,塔楼,北,钢混结构,精装,三梯十户,集中供暖,有,70年,null,null,null,2017-08-05,商品房,2010-07-08,普通住宅,满五年,非共有,无抵押,已上传房本照片,3,null
西城,牛街,91,4,399.5,100000元/平米,泰和嘉苑,1室1厅1厨1卫,低楼层 (共21层),39.95㎡,暂无数据,31.88㎡,塔楼,东,钢混结构,简装,三梯十五户,集中供暖,有,70年,null,null,null,2017-08-04,商品房,2013-02-01,普通住宅,满两年,非共有,无抵押,已上传房本照片,0,null
西城,牛街,13,22,490,89629元/平米,牛街东里,1室1厅1厨1卫,低楼层 (共19层),54.67㎡,平层,暂无数据,塔楼,南,钢混结构,简装,三梯十二户,集中供暖,有,70年,null,null,null,2017-06-05,已购公房,2017-05-25,普通住宅,暂无数据,非共有,无抵押,已上传房本照片,0,距离4号线陶然亭站471米
西城,牛街,49,8,2494.6,110000元/平米,南线阁9号院,4室2厅1厨2卫,底层 (共10层),226.78㎡,暂无数据,暂无数据,塔楼,南 北,钢混结构,简装,一梯两户,暂无数据,暂无数据,70年,null,null,null,2017-06-08,已购公房,2016-06-06,普通住宅,暂无数据,非共有,无抵押,已上传房本照片,0,null
西城,牛街,79,23,530,78530元/平米,青春无限,1室0厅1厨1卫,高楼层 (共22层),67.49㎡,暂无数据,50.38㎡,塔楼,北,钢混结构,简装,三梯十六户,集中供暖,有,70年,null,null,null,2017-06-18,商品房,2016-09-13,普通住宅,暂无数据,非共有,无抵押,已上传房本照片,2,null
西城,牛街,136,9,1040,79505元/平米,陶然居,2室1厅1厨2卫,中楼层 (共13层),130.81㎡,暂无数据,100.5㎡,塔楼,东 西,钢混结构,精装,两梯五户,集中供暖,有,70年,null,null,null,2016-09-30,商品房,2012-07-06,普通住宅,满五年,共有,有抵押 客户偿还,已上传房本照片,0,null
西城,牛街,18,1,580,99691元/平米,平原里小区,1室1厅1厨1卫,底层 (共5层),58.18㎡,暂无数据,40.48㎡,板塔结合,南 北,钢混结构,简装,一梯两户,集中供暖,无,70年,null,null,null,2017-08-19,已购公房,2017-02-13,普通住宅,暂无数据,非共有,无抵押,已上传房本照片,1,null
西城,牛街,7,3,490,90926元/平米,牛街东里,1室1厅1厨1卫,高楼层 (共6层),53.89㎡,暂无数据,37.92㎡,板楼,南 北,钢混结构,精装,一梯三户,集中供暖,无,70年,null,null,null,2017-07-05,商品房,2015-10-16,普通住宅,暂无数据,非共有,有抵押 185万元 包商 客户偿还,已上传房本照片,2,null
西城,牛街,21,5,650,81556元/平米,牛街西里,2室1厅1厨1卫,低楼层 (共19层),79.7㎡,暂无数据,50.09㎡,塔楼,西 北,钢混结构,简装,三梯十二户,集中供暖,有,70年,null,null,null,2017-07-29,已购公房,2016-07-05,普通住宅,暂无数据,非共有,无抵押,已上传房本照片,1,null
西城,牛街,47,11,510,84929元/平米,南线阁5号院,3室1厅1厨1卫,底层 (共5层),60.05㎡,暂无数据,暂无数据,板楼,东 南 西,混合结构,简装,一梯三户,暂无数据,暂无数据,70年,null,null,null,2017-08-30,已购公房,2000-12-11,普通住宅,满五年,非共有,无抵押,已上传房本照片,6,null
西城,牛街,88,4,480,84240元/平米,牛街东里,1室1厅1厨1卫,高楼层 (共19层),56.98㎡,平层,暂无数据,塔楼,东南,钢混结构,简装,三梯十二户,集中供暖,有,70年,null,null,null,2017-08-05,商品房,2016-05-05,普通住宅,暂无数据,非共有,有抵押 220万元 北京银行,已上传房本照片,0,null
西城,牛街,13,3,500,103821元/平米,平原里小区,1室1厅1厨1卫,中楼层 (共9层),48.16㎡,暂无数据,暂无数据,板楼,东 西,钢混结构,简装,两梯两户,集中供暖,有,70年,null,null,null,2017-06-17,商品房,2015-11-13,普通住宅,暂无数据,非共有,无抵押,已上传房本照片,0,null
西城,牛街,77,6,620,81226元/平米,法源寺西里小区,2室1厅1厨1卫,顶层 (共6层),76.33㎡,暂无数据,暂无数据,板楼,东 西,钢混结构,简装,一梯四户,集中供暖,无,70年,null,null,null,2017-03-18,已购公房,2003-06-10,普通住宅,满五年,非共有,无抵押,已上传房本照片,0,null
西城,牛街,31,3,1030,80746元/平米,凌云居,3室1厅1厨1卫,低楼层 (共22层),127.56㎡,暂无数据,100.9㎡,塔楼,东北,钢混结构,简装,三梯十二户,集中供暖,有,70年,null,null,null,2017-04-19,商品房,2015-10-20,普通住宅,暂无数据,非共有,无抵押,已上传房本照片,0,null
西城,牛街,25,6,1600,122465元/平米,枫桦豪景二期,3室1厅1厨2卫,低楼层 (共12层),130.65㎡,暂无数据,106.44㎡,板塔结合,南 北,钢混结构,简装,一梯四户,集中供暖,有,70年,null,null,null,2017-08-07,私产,2004-12-16,普通住宅,满五年,非共有,无抵押,已上传房本照片,3,null
西城,牛街,31,0,890,79943元/平米,南线阁,3室1厅1厨1卫,顶层 (共5层),111.33㎡,暂无数据,暂无数据,板楼,南 北,混合结构,其他,一梯三户,集中供暖,无,70年,null,null,null,2017-07-28,私产,2009-01-14,普通住宅,满五年,共有,暂无数据,已上传房本照片,0,null
西城,牛街,0,0,640,94717元/平米,枣林前街,3室0厅1厨1卫,低楼层 (共16层),67.57㎡,暂无数据,暂无数据,塔楼,东 西北,钢混结构,其他,两梯十四户,集中供暖,有,70年,null,null,null,2017-09-08,已购公房,2000-11-30,普通住宅,满五年,非共有,无抵押,已上传房本照片,0,null
西城,牛街,0,0,530,103840元/平米,平渊北里,2室1厅1厨1卫,中楼层 (共5层),51.04㎡,暂无数据,暂无数据,板楼,南,混合结构,精装,一梯三户,集中供暖,无,70年,null,null,null,2017-09-01,已购公房,2010-02-26,普通住宅,满五年,非共有,无抵押,已上传房本照片,0,null
