城区,区域,关注,带看,挂牌价,单价,小区,房屋户型,所在楼层,建筑面积,户型结构,套内面积,建筑类型,房屋朝向,建筑结构,装修情况,梯户比例,供暖方式,配备电梯,产权年限,用水类型,用电类型,燃气价格,挂牌时间,交易属性,上次交易,房屋用途,房屋年限,产权所属,抵押信心,房本备件,近七天带看,地铁
西城,月坛,46,25,870,138756元/平米,月坛北街,3室1厅1厨1卫,中楼层 (共5层),62.7㎡,暂无数据,45.67㎡,板楼,南 北,混合结构,精装,一梯三户,集中供暖,无,70年,null,null,null,2017-09-06,已购公房,2008-12-04,普通住宅,满五年,非共有,无抵押,已上传房本照片,25,距离1号线木樨地站750米
西城,月坛,36,16,650,112457元/平米,铁二区,2室1厅1厨1卫,低楼层 (共6层),57.8㎡,暂无数据,39.95㎡,板楼,东 西,砖混结构,精装,一梯两户,集中供暖,无,70年,null,null,null,2017-09-02,央产房,2002-02-08,普通住宅,满五年,非共有,无抵押,已上传房本照片,14,null
西城,月坛,50,24,1385,117772元/平米,三里河二区A区,3室1厅1厨2卫,底层 (共20层),117.6㎡,暂无数据,78.19㎡,塔楼,西北,混合结构,其他,两梯十户,集中供暖,有,70年,null,null,null,2017-08-19,已购公房,2005-01-19,普通住宅,满五年,非共有,无抵押,已上传房本照片,8,null
西城,月坛,129,21,655,111205元/平米,二七剧场路,2室1厅1厨1卫,高楼层 (共6层),58.9㎡,暂无数据,38㎡,板楼,南 北,混合结构,精装,一梯四户,集中供暖,无,70年,null,null,null,2017-07-24,商品房,2012-04-18,普通住宅,满五年,非共有,无抵押,已上传房本照片,2,null
西城,月坛,47,44,862,117921元/平米,月坛南街北里,3室1厅1厨1卫,顶层 (共16层),73.1㎡,暂无数据,51㎡,板塔结合,南 北,钢混结构,简装,两梯八户,集中供暖,有,70年,null,null,null,2017-08-26,已购公房,2003-12-31,普通住宅,满五年,非共有,无抵押,已上传房本照片,24,null
西城,月坛,444,435,1095,108847元/平米,月坛南街19号院,3室1厅1厨1卫,中楼层 (共13层),100.6㎡,平层,87㎡,板塔结合,东 西,钢混结构,简装,两梯八户,集中供暖,有,70年,null,null,null,2017-01-10,已购公房,2001-07-16,普通住宅,满五年,非共有,无抵押,已上传房本照片,0,null
西城,月坛,120,93,692,114988元/平米,月坛南街小四道口,2室1厅1厨1卫,中楼层 (共6层),60.18㎡,暂无数据,40.35㎡,板楼,南 北,混合结构,简装,一梯两户,集中供暖,无,70年,null,null,null,2017-08-13,已购公房,2008-11-18,普通住宅,满五年,非共有,无抵押,已上传房本照片,14,null
西城,月坛,79,24,1110,132506元/平米,三里河二区B区,3室1厅1厨1卫,高楼层 (共18层),83.77㎡,平层,暂无数据,塔楼,东,钢混结构,简装,四梯十八户,集中供暖,有,70年,null,null,null,2017-08-26,已购公房,2008-10-28,普通住宅,满五年,非共有,无抵押,已上传房本照片,12,null
西城,月坛,70,25,956,114904元/平米,月坛北街25号院,3室1厅1厨1卫,底层 (共5层),83.2㎡,暂无数据,暂无数据,板楼,南 北,混合结构,简装,一梯三户,集中供暖,无,70年,null,null,null,2017-09-02,商品房,2009-05-15,普通住宅,满五年,非共有,暂无数据,已上传房本照片,11,null
西城,月坛,43,83,820,109479元/平米,地藏庵,2室1厅1厨1卫,中楼层 (共5层),74.9㎡,暂无数据,56.3㎡,板楼,东 南 北,混合结构,精装,一梯三户,集中供暖,无,70年,null,null,null,2017-08-02,已购公房,2008-01-22,普通住宅,满五年,非共有,无抵押,已上传房本照片,21,null
西城,月坛,62,33,542,124885元/平米,铁二区,1室1厅1厨1卫,顶层 (共6层),43.4㎡,平层,暂无数据,板楼,南,砖混结构,简装,一梯三户,集中供暖,无,70年,null,null,null,2017-08-18,央产房,2001-04-17,普通住宅,满五年,非共有,无抵押,已上传房本照片,11,null
西城,月坛,286,49,558.8,110000元/平米,月坛北街,2室1厅1厨1卫,中楼层 (共5层),50.8㎡,平层,暂无数据,板楼,南 北,混合结构,精装,一梯三户,集中供暖,无,70年,null,null,null,2017-07-01,已购公房,2001-06-15,普通住宅,满五年,非共有,无抵押,已上传房本照片,0,null
西城,月坛,155,32,663,111804元/平米,月坛南街19号院,2室1厅1厨1卫,顶层 (共14层),59.3㎡,暂无数据,暂无数据,板塔结合,南,钢混结构,精装,两梯二十户,集中供暖,有,70年,null,null,null,2017-08-14,已购公房,2002-06-14,普通住宅,满五年,非共有,无抵押,已上传房本照片,3,null
西城,月坛,167,98,811,119970元/平米,阜成门外大街,3室1厅1厨1卫,底层 (共5层),67.6㎡,暂无数据,51.29㎡,板楼,南 北,混合结构,精装,一梯三户,集中供暖,无,70年,null,null,null,2017-06-26,已购公房,2017-06-16,普通住宅,暂无数据,共有,无抵押,已上传房本照片,8,null
西城,月坛,70,22,1030,116913元/平米,三里河二区,3室1厅1厨1卫,高楼层 (共16层),88.1㎡,暂无数据,60.45㎡,板塔结合,东 南 北,混合结构,简装,一梯五户,集中供暖,有,70年,null,null,null,2017-08-29,已购公房,2000-02-16,普通住宅,满五年,非共有,无抵押,已上传房本照片,0,null
西城,月坛,41,12,760,116743元/平米,铁二区,2室1厅1厨1卫,顶层 (共6层),65.1㎡,暂无数据,44.29㎡,板楼,南 北,混合结构,简装,一梯三户,集中供暖,无,70年,null,null,null,2017-08-24,央产房,2003-01-29,普通住宅,满五年,非共有,无抵押,已上传房本照片,2,null
西城,月坛,65,2,870,116779元/平米,阜成门外大街,3室1厅1厨1卫,中楼层 (共6层),74.5㎡,暂无数据,52.99㎡,板楼,东 南 北,混合结构,精装,一梯三户,集中供暖,无,70年,null,null,null,2017-09-01,已购公房,2001-12-01,普通住宅,满五年,非共有,无抵押,已上传房本照片,2,null
西城,月坛,41,23,755,126466元/平米,三里河三区,2室1厅1厨1卫,顶层 (共6层),59.7㎡,暂无数据,暂无数据,板楼,东 西,混合结构,简装,一梯三户,集中供暖,无,70年,null,null,null,2017-08-05,已购公房,2005-04-13,普通住宅,满五年,非共有,无抵押,已上传房本照片,8,null
西城,月坛,65,93,822,109893元/平米,地藏庵,2室1厅1厨1卫,中楼层 (共5层),74.8㎡,暂无数据,70㎡,板楼,南 北,混合结构,简装,一梯三户,集中供暖,无,70年,null,null,null,2017-06-07,已购公房,1996-06-17,普通住宅,满五年,非共有,无抵押,已上传房本照片,13,null
西城,月坛,76,76,720,114650元/平米,二七剧场路,2室1厅1厨1卫,低楼层 (共16层),62.8㎡,暂无数据,暂无数据,塔楼,东北,混合结构,精装,两梯七户,集中供暖,有,70年,null,null,null,2017-06-08,商品房,2009-01-09,普通住宅,满五年,非共有,无抵押,已上传房本照片,0,null
西城,月坛,90,45,575,102862元/平米,阜成门南大街,2室1厅1厨1卫,中楼层 (共14层),55.9㎡,暂无数据,38.99㎡,板楼,东,混合结构,简装,三梯三户,集中供暖,有,70年,null,null,null,2017-08-03,已购公房,2000-12-08,普通住宅,满五年,非共有,无抵押,已上传房本照片,15,null
西城,月坛,38,48,780,104418元/平米,阜成门南大街,3室1厅1厨1卫,低楼层 (共14层),74.7㎡,平层,53.11㎡,板楼,东 西,混合结构,简装,三梯三户,集中供暖,有,70年,null,null,null,2017-06-06,已购公房,2011-12-05,普通住宅,满五年,共有,无抵押,已上传房本照片,9,null
西城,月坛,59,26,810,87379元/平米,阜成门外大街,3室0厅1厨2卫,中楼层 (共4层),92.7㎡,平层,暂无数据,板楼,东 北,混合结构,简装,一梯三户,集中供暖,无,70年,null,null,null,2017-08-17,已购公房,2017-07-27,普通住宅,暂无数据,共有,无抵押,已上传房本照片,9,null
西城,月坛,82,45,569.8,110000元/平米,月坛北街,2室1厅1厨1卫,底层 (共5层),51.8㎡,暂无数据,45㎡,板楼,南 北,混合结构,简装,一梯三户,集中供暖,无,70年,null,null,null,2017-08-12,已购公房,2016-08-16,普通住宅,暂无数据,非共有,无抵押,已上传房本照片,9,null
西城,月坛,66,8,1450,137441元/平米,三里河一区3号院,2室1厅1厨1卫,低楼层 (共18层),105.5㎡,平层,暂无数据,塔楼,西南,钢混结构,简装,两梯十户,集中供暖,有,70年,null,null,null,2017-07-22,已购公房,2005-03-09,普通住宅,满五年,非共有,无抵押,已上传房本照片,0,null
西城,月坛,25,5,1090,94536元/平米,阜成门外大街,2室1厅1厨1卫,顶层 (共4层),115.3㎡,暂无数据,暂无数据,板楼,东 西,混合结构,精装,一梯三户,集中供暖,无,70年,null,null,null,2017-08-11,已购公房,2005-06-30,普通住宅,满五年,非共有,无抵押,已上传房本照片,1,null
西城,月坛,13,14,680,112994元/平米,月坛南街小四道口,2室1厅1厨1卫,顶层 (共6层),60.18㎡,暂无数据,40.35㎡,板楼,南 北,混合结构,简装,一梯两户,集中供暖,无,70年,null,null,null,2017-08-29,已购公房,2008-11-18,普通住宅,满五年,非共有,无抵押,已上传房本照片,9,null
西城,月坛,276,51,550,101852元/平米,阜成门外大街,2室1厅1厨1卫,中楼层 (共6层),54㎡,暂无数据,暂无数据,板楼,南 北,混合结构,简装,一梯四户,集中供暖,无,70年,null,null,null,2017-07-17,私产,2004-10-25,普通住宅,满五年,非共有,无抵押,已上传房本照片,5,null
西城,月坛,28,42,623,108916元/平米,南礼士路三条北里,2室1厅1厨1卫,底层 (共6层),57.2㎡,暂无数据,39.91㎡,板楼,东 西,混合结构,简装,一梯两户,集中供暖,无,70年,null,null,null,2017-08-15,已购公房,2017-08-15,普通住宅,暂无数据,非共有,暂无数据,已上传房本照片,13,null
西城,月坛,53,33,690,110224元/平米,三里河东路,2室1厅1厨1卫,低楼层 (共16层),62.6㎡,平层,暂无数据,塔楼,东北,混合结构,简装,两梯八户,集中供暖,有,70年,null,null,null,2017-07-29,已购公房,1996-05-02,普通住宅,满五年,非共有,无抵押,已上传房本照片,6,null
西城,月坛,38,12,736,103955元/平米,阜成门南大街,3室1厅1厨1卫,底层 (共14层),70.8㎡,暂无数据,53.11㎡,板楼,东 西,混合结构,简装,三梯三户,集中供暖,有,70年,null,null,null,2017-08-23,商品房,2015-08-25,普通住宅,满两年,非共有,有抵押 278万元 北京银行 业主自还,已上传房本照片,2,null
西城,月坛,58,22,1465,125000元/平米,三里河二区A区,3室1厅1厨2卫,底层 (共19层),117.2㎡,暂无数据,暂无数据,塔楼,西北,混合结构,简装,两梯十户,集中供暖,有,70年,null,null,null,2017-06-12,私产,2005-10-27,普通住宅,满五年,非共有,无抵押,已上传房本照片,0,null
西城,月坛,214,31,570,109827元/平米,阜成门外大街,2室1厅1厨1卫,中楼层 (共5层),51.9㎡,暂无数据,36.96㎡,板楼,南,混合结构,简装,一梯三户,集中供暖,无,70年,null,null,null,2017-07-01,私产,2007-08-28,普通住宅,满五年,非共有,无抵押,已上传房本照片,2,null
西城,月坛,45,9,940,115055元/平米,二七剧场路,3室1厅1厨1卫,高楼层 (共16层),81.7㎡,暂无数据,60㎡,塔楼,西北,混合结构,简装,两梯七户,集中供暖,有,70年,null,null,null,2017-08-04,已购公房,2004-05-26,普通住宅,满五年,非共有,无抵押,已上传房本照片,0,null
西城,月坛,75,22,710,109737元/平米,二七剧场路,3室1厅1厨1卫,低楼层 (共6层),64.7㎡,暂无数据,46㎡,板楼,西 北,混合结构,简装,一梯五户,集中供暖,无,70年,null,null,null,2017-06-07,已购公房,2000-04-10,普通住宅,满五年,非共有,无抵押,已上传房本照片,5,null
西城,月坛,133,9,710,112698元/平米,三里河东路7号院,2室1厅1厨1卫,顶层 (共6层),63㎡,暂无数据,暂无数据,板楼,南 北,混合结构,简装,一梯三户,集中供暖,无,70年,null,null,null,2017-05-04,已购公房,2000-07-14,普通住宅,满五年,非共有,无抵押,已上传房本照片,1,null
西城,月坛,188,74,925,124161元/平米,阜成门外大街甲40号,3室1厅1厨1卫,高楼层 (共6层),74.5㎡,暂无数据,暂无数据,板楼,南 北,混合结构,精装,一梯三户,集中供暖,无,70年,null,null,null,2017-02-07,已购公房,2006-10-18,普通住宅,满五年,非共有,无抵押,已上传房本照片,0,null
西城,月坛,62,31,750,100402元/平米,阜成门南大街,3室1厅1厨1卫,中楼层 (共14层),74.7㎡,平层,暂无数据,板楼,东 西,混合结构,简装,三梯三户,集中供暖,有,70年,null,null,null,2017-05-12,私产,2001-06-26,普通住宅,满五年,非共有,无抵押,已上传房本照片,3,null
西城,月坛,153,24,600,114723元/平米,南礼士路头条7号院,2室1厅1厨1卫,底层 (共6层),52.3㎡,平层,暂无数据,板楼,东南 北,混合结构,简装,一梯三户,暂无数据,暂无数据,70年,null,null,null,2017-06-25,商品房,2004-05-31,普通住宅,满五年,非共有,无抵押,已上传房本照片,2,null
西城,月坛,12,2,825,109707元/平米,地藏庵,3室1厅1厨1卫,底层 (共4层),75.2㎡,暂无数据,54.92㎡,板楼,南 北,砖混结构,简装,一梯四户,集中供暖,无,70年,null,null,null,2017-09-01,商品房,2015-06-04,普通住宅,满两年,非共有,无抵押,已上传房本照片,0,null
西城,月坛,47,29,650,121723元/平米,月坛北街,2室1厅1厨1卫,顶层 (共6层),53.4㎡,平层,暂无数据,板楼,南,混合结构,其他,一梯四户,集中供暖,无,70年,null,null,null,2017-05-26,已购公房,1994-09-15,普通住宅,满五年,非共有,无抵押,已上传房本照片,1,null
西城,月坛,105,118,580,102293元/平米,阜成门南大街,2室1厅1厨1卫,中楼层 (共14层),56.7㎡,平层,暂无数据,板塔结合,东,混合结构,简装,一梯八户,集中供暖,有,70年,null,null,null,2017-07-12,已购公房,2017-03-22,普通住宅,暂无数据,共有,暂无数据,已上传房本照片,18,null
西城,月坛,29,6,780,101695元/平米,复兴门北大街,2室1厅1厨1卫,中楼层 (共16层),76.7㎡,暂无数据,46.3㎡,塔楼,南,混合结构,毛坯,两梯七户,集中供暖,有,70年,null,null,null,2017-09-05,已购公房,2017-08-01,普通住宅,暂无数据,非共有,无抵押,已上传房本照片,6,null
西城,月坛,22,14,745,114969元/平米,月坛西街西里,2室1厅1厨1卫,底层 (共9层),64.8㎡,暂无数据,45.76㎡,板楼,南 北,混合结构,简装,一梯三户,集中供暖,有,70年,null,null,null,2017-08-29,已购公房,2017-05-02,普通住宅,暂无数据,共有,无抵押,已上传房本照片,10,null
西城,月坛,28,25,882,117914元/平米,月坛北街,3室1厅1厨1卫,高楼层 (共11层),74.8㎡,暂无数据,53㎡,板塔结合,南 西,钢混结构,简装,一梯八户,集中供暖,有,70年,null,null,null,2017-09-08,已购公房,2003-11-04,普通住宅,满五年,非共有,无抵押,已上传房本照片,25,null
西城,月坛,75,26,687,108875元/平米,复兴门北大街,2室1厅1厨1卫,低楼层 (共20层),63.1㎡,暂无数据,暂无数据,塔楼,西南,混合结构,其他,两梯八户,集中供暖,有,70年,null,null,null,2017-08-09,商品房,2016-04-18,普通住宅,暂无数据,非共有,暂无数据,已上传房本照片,0,null
西城,月坛,27,0,640,110727元/平米,铁二区,2室1厅1厨1卫,顶层 (共6层),57.8㎡,暂无数据,50㎡,板楼,东 西,砖混结构,其他,一梯三户,集中供暖,无,70年,null,null,null,2017-08-24,央产房,2000-10-10,普通住宅,满五年,非共有,暂无数据,已上传房本照片,0,null
西城,月坛,36,10,826,109987元/平米,月坛北小街甲7号院,3室1厅1厨1卫,中楼层 (共6层),75.1㎡,暂无数据,50.79㎡,板楼,东 西,混合结构,简装,一梯三户,集中供暖,无,70年,null,null,null,2017-08-18,已购公房,2017-08-14,普通住宅,暂无数据,非共有,无抵押,已上传房本照片,0,null
西城,月坛,112,42,1106,109940元/平米,月坛南街19号院,3室1厅1厨1卫,低楼层 (共13层),100.6㎡,平层,77㎡,板塔结合,东 西,钢混结构,简装,两梯八户,集中供暖,有,70年,null,null,null,2017-05-31,商品房,2017-04-17,普通住宅,暂无数据,非共有,无抵押,已上传房本照片,0,null
西城,月坛,28,7,970,134910元/平米,三里河一区2号院,2室1厅1厨1卫,低楼层 (共18层),71.9㎡,暂无数据,60㎡,塔楼,东南,钢混结构,精装,两梯十户,集中供暖,有,70年,null,null,null,2017-09-02,央产房,2017-05-19,普通住宅,暂无数据,非共有,无抵押,已上传房本照片,7,null
西城,月坛,36,11,835,105830元/平米,阜成门外大街,3室1厅1厨1卫,中楼层 (共6层),78.9㎡,暂无数据,78.9㎡,板楼,东 西,混合结构,简装,一梯两户,集中供暖,暂无数据,70年,null,null,null,2017-07-26,已购公房,1996-12-26,普通住宅,满五年,非共有,无抵押,已上传房本照片,0,null
西城,月坛,72,6,680,98408元/平米,阜成门南大街,3室1厅1厨1卫,中楼层 (共14层),69.1㎡,平层,暂无数据,板塔结合,东 西,混合结构,精装,一梯九户,集中供暖,有,70年,null,null,null,2017-07-20,商品房,2015-06-04,普通住宅,满两年,非共有,无抵押,已上传房本照片,2,null
西城,月坛,53,5,480,79536元/平米,恒华国际商务中心,1室1厅1厨1卫,低楼层 (共19层),60.35㎡,暂无数据,45.88㎡,塔楼,北,钢混结构,简装,一梯十五户,暂无数据,暂无数据,70年,null,null,null,2017-07-16,商品房,2012-10-30,普通住宅,满两年,非共有,有抵押 100万元,已上传房本照片,0,null
西城,月坛,35,3,840,145530元/平米,南礼士路46号院,1室1厅1厨1卫,低楼层 (共25层),57.72㎡,暂无数据,44.6㎡,板楼,西,钢混结构,精装,两梯五户,集中供暖,有,70年,null,null,null,2017-08-08,二类经济适用房,2017-04-26,普通住宅,暂无数据,非共有,无抵押,已上传房本照片,1,null
西城,月坛,7,0,708,139921元/平米,三里河北街2号院,2室1厅1厨1卫,中楼层 (共6层),50.6㎡,暂无数据,46㎡,板楼,南,混合结构,简装,一梯三户,暂无数据,暂无数据,40年,null,null,null,2017-09-07,已购公房,2001-05-18,普通住宅,满五年,非共有,无抵押,已上传房本照片,0,null
西城,月坛,78,16,2100,84732元/平米,巴黎公寓,4室2厅1厨2卫,低楼层 (共6层),247.84㎡,暂无数据,98㎡,板楼,南 北,钢混结构,简装,一梯两户,集中供暖,有,70年,null,null,null,2017-06-08,商品房,2010-05-21,普通住宅,满五年,非共有,无抵押,已上传房本照片,1,null
西城,月坛,151,77,1070,109856元/平米,三里河东路甲8号院,2室1厅1厨1卫,低楼层 (共16层),97.4㎡,暂无数据,暂无数据,塔楼,东 西 北,钢混结构,简装,两梯十三户,集中供暖,有,70年,null,null,null,2016-10-13,商品房,2012-11-07,普通住宅,满两年,非共有,无抵押,已上传房本照片,null,
西城,月坛,13,0,802,108967元/平米,南礼士路三条北里,3室1厅1厨1卫,低楼层 (共6层),73.6㎡,平层,52.7㎡,板楼,南 北,混合结构,精装,一梯三户,集中供暖,无,70年,null,null,null,2017-09-09,商品房,2015-12-29,普通住宅,暂无数据,非共有,有抵押 185万元 建行 客户偿还,已上传房本照片,0,null
西城,月坛,21,0,1222,80000元/平米,恒华国际商务中心,3室1厅1厨1卫,低楼层 (共19层),152.75㎡,暂无数据,116.13㎡,塔楼,西南,钢混结构,简装,一梯十五户,暂无数据,暂无数据,70年,null,null,null,2017-07-30,私产,2006-08-15,普通住宅,满五年,非共有,有抵押,已上传房本照片,0,null
西城,月坛,0,0,666,139916元/平米,三里河北街2号院,2室1厅1厨1卫,低楼层 (共6层),47.6㎡,暂无数据,47.6㎡,板楼,南 北,混合结构,简装,一梯三户,暂无数据,暂无数据,70年,null,null,null,2017-09-05,已购公房,2017-04-17,普通住宅,暂无数据,共有,无抵押,已上传房本照片,0,null
西城,月坛,2,0,1880,82344元/平米,恒华国际商务中心,3室1厅1厨1卫,低楼层 (共19层),228.31㎡,暂无数据,173.58㎡,塔楼,东南,钢混结构,简装,一梯十五户,暂无数据,暂无数据,70年,null,null,null,2017-07-30,私产,2006-03-31,普通住宅,满五年,非共有,有抵押 203万元 业主自还,已上传房本照片,0,null
